date,CAD,GBP
2026-09-11,1.6064,0.85815
2026-09-10,1.6049,0.85915
2026-09-09,1.6043,0.85898
2026-09-08,1.6033,0.8574
2026-09-07,1.6062,0.85894
2026-09-04,1.6038,0.85898
2026-09-03,1.6019,0.86055
2026-09-02,1.6122,0.8587
2026-09-01,1.6096,0.85655
2026-08-31,1.6102,0.85648
2026-08-28,1.613,0.8572
2026-08-27,1.6151,0.8574
2026-08-26,1.6176,0.85613
2026-08-25,1.6163,0.8555
2026-08-24,1.6154,0.8555
2026-08-21,1.6074,0.8567
2026-08-20,1.6085,0.85725
2026-08-19,1.6098,0.85608
2026-08-18,1.606,0.85585
2026-08-17,1.6067,0.855
2026-08-14,1.6049,0.8545
2026-08-13,1.6089,0.8549
2026-08-12,1.6077,0.85358
2026-08-11,1.6084,0.85483
2026-08-10,1.6108,0.85565
2026-08-07,1.616,0.85765
2026-08-06,1.6156,0.85705
2026-08-05,1.623,0.8572
2026-08-04,1.6191,0.85639
2026-08-03,1.6181,0.85633
2026-07-31,1.6126,0.85573
2026-07-30,1.6119,0.85715
2026-07-29,1.6051,0.85635
2026-07-28,1.6036,0.8555
2026-07-27,1.6064,0.85524
2026-07-24,1.6026,0.85388
2026-07-23,1.6034,0.85318
2026-07-22,1.6071,0.8534
2026-07-21,1.6069,0.85205
2026-07-20,1.6032,0.84888
2026-07-17,1.6035,0.85098
2026-07-16,1.6082,0.84873
2026-07-15,1.6053,0.85093
2026-07-14,1.6095,0.85215
2026-07-13,1.6148,0.8533
2026-07-10,1.6177,0.85155
2026-07-09,1.6202,0.85363
2026-07-08,1.6176,0.85435
2026-07-07,1.6255,0.85411
2026-07-06,1.6236,0.85538
2026-07-03,1.6258,0.8572
2026-07-02,1.6203,0.85665
2026-07-01,1.6191,0.85973
2026-06-30,1.622,0.86178
2026-06-29,1.6201,0.86215
2026-06-26,1.6169,0.86253
2026-06-25,1.6151,0.86183
2026-06-24,1.614,0.86165
2026-06-23,1.6162,0.862
2026-06-22,1.6223,0.86468
2026-06-19,1.6228,0.86653
2026-06-18,1.6189,0.86638
2026-06-17,1.6241,0.86463
2026-06-16,1.6248,0.86471
2026-06-15,1.6228,0.86483
2026-06-12,1.618,0.86305
2026-06-11,1.6127,0.8633
2026-06-10,1.6073,0.86228
2026-06-09,1.6111,0.8634
2026-06-08,1.6083,0.8636
2026-06-05,1.6159,0.86433
2026-06-04,1.6176,0.8649
2026-06-03,1.6094,0.8637
2026-06-02,1.6119,0.86465
2026-06-01,1.6106,0.86493
2026-05-29,1.6074,0.86723
2026-05-28,1.6094,0.86665
2026-05-27,1.6099,0.86618
2026-05-26,1.6069,0.86375
2026-05-25,1.6082,0.86255
2026-05-22,1.6002,0.86418
2026-05-21,1.5972,0.86433
2026-05-20,1.5959,0.86555
2026-05-19,1.5985,0.86671
2026-05-18,1.6006,0.8702
2026-05-15,1.5995,0.8705
2026-05-14,1.606,0.86618
2026-05-13,1.6039,0.86713
2026-05-12,1.6088,0.86803
2026-05-11,1.6079,0.86488
2026-05-08,1.6063,0.8641
2026-05-07,1.604,0.8641
2026-05-06,1.5999,0.8637
2026-05-05,1.591,0.86343
2026-05-04,1.593,0.86358
2026-04-30,1.5994,0.86625
2026-04-29,1.6007,0.86643
2026-04-28,1.5974,0.86715
2026-04-27,1.5979,0.8658
2026-04-24,1.6023,0.86803
2026-04-23,1.5986,0.86575
2026-04-22,1.6034,0.86903
2026-04-21,1.607,0.87035
2026-04-20,1.6105,0.87045
2026-04-17,1.6129,0.87168
2026-04-16,1.6174,0.86993
2026-04-15,1.6235,0.86935
2026-04-14,1.6225,0.86913
2026-04-13,1.6177,0.87058
2026-04-10,1.6187,0.87105
2026-04-09,1.6175,0.87053
2026-04-08,1.6225,0.86893
2026-04-07,1.6078,0.87258
2026-04-02,1.603,0.87253
2026-04-01,1.6124,0.87113
2026-03-31,1.6022,0.86833
2026-03-30,1.5987,0.86803
2026-03-27,1.5974,0.8672
2026-03-26,1.5964,0.86515
2026-03-25,1.5977,0.86558
2026-03-24,1.591,0.86541
2026-03-23,1.5896,0.8642
2026-03-20,1.5849,0.86438
2026-03-19,1.577,0.86388
2026-03-18,1.5774,0.86393
2026-03-17,1.5804,0.8643
2026-03-16,1.5703,0.86408
2026-03-13,1.5726,0.86503
2026-03-12,1.5706,0.86243
2026-03-11,1.5742,0.86363
2026-03-10,1.5777,0.86545
2026-03-09,1.568,0.8653
2026-03-06,1.5782,0.86693
2026-03-05,1.5828,0.8695
2026-03-04,1.591,0.8705
2026-03-03,1.5883,0.8717
2026-03-02,1.5991,0.8739
2026-02-27,1.6139,0.8763
2026-02-26,1.6155,0.8719
2026-02-25,1.6133,0.8714
2026-02-24,1.6148,0.8731
2026-02-23,1.6132,0.8734
2026-02-20,1.6112,0.8728
2026-02-19,1.6107,0.8738
2026-02-18,1.6164,0.8724
2026-02-17,1.6149,0.8733
2026-02-16,1.6155,0.869
2026-02-13,1.6161,0.8716
2026-02-12,1.6128,0.8711
2026-02-11,1.6138,0.8699
2026-02-10,1.6141,0.8695
2026-02-09,1.6174,0.8701
2026-02-06,1.6118,0.8679
2026-02-05,1.6144,0.8691
2026-02-04,1.6138,0.8616
2026-02-03,1.6116,0.8623
2026-02-02,1.6157,0.8658
2026-01-30,1.612,0.8662
2026-01-29,1.6186,0.8662
2026-01-28,1.6242,0.8685
2026-01-27,1.6316,0.8683
2026-01-26,1.623,0.8675
2026-01-23,1.6161,0.8681
2026-01-22,1.6171,0.8722
2026-01-21,1.6192,0.8744
2026-01-20,1.6215,0.8722
2026-01-19,1.6149,0.8671
2026-01-16,1.6135,0.867
2026-01-15,1.6162,0.8674
2026-01-14,1.6169,0.8668
2026-01-13,1.6172,0.866
2026-01-12,1.6219,0.8674
2026-01-09,1.6163,0.8677
2026-01-08,1.6183,0.8687
2026-01-07,1.6135,0.8664
2026-01-06,1.6129,0.8663
2026-01-05,1.6087,0.8676
2026-01-02,1.6097,0.8719
2025-12-31,1.6088,0.8726
2025-12-30,1.6104,0.8712
2025-12-29,1.6106,0.8726
2025-12-24,1.6128,0.8729
2025-12-23,1.6148,0.8729
2025-12-22,1.6168,0.8742
2025-12-19,1.6155,0.876
2025-12-18,1.6161,0.8746
2025-12-17,1.6165,0.8785
2025-12-16,1.6206,0.8764
2025-12-15,1.6169,0.8779
2025-12-12,1.6139,0.8767
2025-12-11,1.6164,0.8751
2025-12-10,1.6108,0.8741
2025-12-09,1.6114,0.8735
2025-12-08,1.609,0.8746
2025-12-05,1.623,0.8727
2025-12-04,1.6299,0.8745
2025-12-03,1.627,0.8766
2025-12-02,1.6264,0.8796
2025-12-01,1.6259,0.8778
2025-11-28,1.621,0.8752
2025-11-27,1.6273,0.8754
2025-11-26,1.6309,0.8776
2025-11-25,1.6301,0.8788
2025-11-24,1.6279,0.8804
2025-11-21,1.6226,0.8803
2025-11-20,1.6194,0.8815
2025-11-19,1.623,0.8827
2025-11-18,1.6257,0.8821
2025-11-17,1.627,0.8795
2025-11-14,1.6331,0.8846
2025-11-13,1.6272,0.8819
2025-11-12,1.6216,0.8823
2025-11-11,1.6234,0.8804
2025-11-10,1.6213,0.8778
2025-11-07,1.6311,0.8811
2025-11-06,1.6252,0.8807
2025-11-05,1.6238,0.881
2025-11-04,1.6178,0.8795
2025-11-03,1.617,0.8765
2025-10-31,1.6207,0.8816
2025-10-30,1.6179,0.8801
2025-10-29,1.6207,0.8807
2025-10-28,1.6284,0.876
2025-10-27,1.6276,0.8721
2025-10-24,1.6286,0.8726
2025-10-23,1.6221,0.8691
2025-10-22,1.6254,0.8689
2025-10-21,1.6301,0.8678
2025-10-20,1.6368,0.8691
2025-10-17,1.6393,0.8695
2025-10-16,1.637,0.8676
2025-10-15,1.6323,0.8705
2025-10-14,1.6249,0.8712
2025-10-13,1.6207,0.8677
2025-10-10,1.6218,0.8709
2025-10-09,1.6198,0.8683
2025-10-08,1.621,0.8671
2025-10-07,1.628,0.8703
2025-10-06,1.6304,0.8695
2025-10-03,1.6387,0.8726
2025-10-02,1.6387,0.8721
2025-10-01,1.6337,0.8704
2025-09-30,1.6346,0.8734
2025-09-29,1.6333,0.8723
2025-09-26,1.628,0.874
2025-09-25,1.631,0.8748
2025-09-24,1.6302,0.8731
2025-09-23,1.6307,0.8729
2025-09-22,1.6272,0.8729
2025-09-19,1.6214,0.8708
2025-09-18,1.6288,0.868
2025-09-17,1.6281,0.8675
2025-09-16,1.6233,0.8656
2025-09-15,1.6262,0.8641
2025-09-12,1.6227,0.8653
2025-09-11,1.6222,0.8647
2025-09-10,1.6224,0.865
2025-09-09,1.622,0.8663
2025-09-08,1.619,0.8669
2025-09-05,1.6138,0.8678
2025-09-04,1.6094,0.8663
2025-09-03,1.6079,0.8687
2025-09-02,1.6056,0.8702
2025-09-01,1.6105,0.8662
2025-08-29,1.6031,0.8668
2025-08-28,1.6062,0.8637
2025-08-27,1.6056,0.8626
2025-08-26,1.6137,0.8642
2025-08-25,1.6171,0.8659
2025-08-22,1.6151,0.8653
2025-08-21,1.6164,0.8654
2025-08-20,1.6156,0.8645
2025-08-19,1.6133,0.864
2025-08-18,1.6098,0.8621
2025-08-15,1.612,0.8622
2025-08-14,1.6113,0.861
2025-08-13,1.6114,0.8631
2025-08-12,1.6015,0.8621
2025-08-11,1.602,0.8656
2025-08-08,1.6003,0.8671
2025-08-07,1.6001,0.8673
2025-08-06,1.5967,0.8717
2025-08-05,1.5928,0.8693
2025-08-04,1.5934,0.8704
2025-08-01,1.5822,0.8665
2025-07-31,1.5838,0.8649
2025-07-30,1.59,0.8622
2025-07-29,1.5887,0.865
2025-07-28,1.5992,0.8679
2025-07-25,1.6035,0.8715
2025-07-24,1.6009,0.8675
2025-07-23,1.5928,0.8665
2025-07-22,1.5993,0.8675
2025-07-21,1.599,0.8656
2025-07-18,1.5984,0.8656
2025-07-17,1.5937,0.8644
2025-07-16,1.5924,0.8659
2025-07-15,1.5973,0.8679
2025-07-14,1.5984,0.8667
2025-07-11,1.6007,0.8657
2025-07-10,1.6028,0.8627
2025-07-09,1.603,0.8613
2025-07-08,1.6006,0.8632
2025-07-07,1.6016,0.8611
2025-07-04,1.5995,0.8625
2025-07-03,1.601,0.8629
2025-07-02,1.6041,0.8605
2025-07-01,1.6076,0.8588
2025-06-30,1.6027,0.8555
2025-06-27,1.5977,0.8529
2025-06-26,1.6008,0.8535
2025-06-25,1.5928,0.8526
2025-06-24,1.5915,0.8527
2025-06-23,1.5818,0.8567
2025-06-20,1.5793,0.8537
2025-06-19,1.5735,0.8541
2025-06-18,1.5714,0.8552
2025-06-17,1.5688,0.8525
2025-06-16,1.5701,0.8523
2025-06-13,1.569,0.8505
2025-06-12,1.5807,0.8538
2025-06-11,1.5647,0.8476
2025-06-10,1.5647,0.8464
2025-06-09,1.5615,0.8424
2025-06-06,1.563,0.8426
2025-06-05,1.5603,0.8419
2025-06-04,1.5601,0.8421
2025-06-03,1.5643,0.8436
2025-06-02,1.5643,0.8434
2025-05-30,1.5656,0.8412
2025-05-29,1.5594,0.8377
2025-05-28,1.5649,0.8398
2025-05-27,1.5642,0.8381
2025-05-26,1.5614,0.8392
2025-05-23,1.563,0.8382
2025-05-22,1.568,0.8427
2025-05-21,1.5721,0.8446
2025-05-20,1.5683,0.8418
2025-05-19,1.5707,0.8419
2025-05-16,1.564,0.8427
2025-05-15,1.5645,0.8424
2025-05-14,1.5632,0.8415
2025-05-13,1.5552,0.8406
2025-05-12,1.5531,0.8429
2025-05-09,1.5658,0.8477
2025-05-08,1.5694,0.8476
2025-05-07,1.5673,0.8511
2025-05-06,1.5629,0.8469
2025-05-05,1.566,0.8515
2025-05-02,1.5675,0.8533
2025-04-30,1.5728,0.8518
2025-04-29,1.5746,0.8498
2025-04-28,1.5744,0.8514
2025-04-25,1.5754,0.8531
2025-04-24,1.5769,0.855
2025-04-23,1.5789,0.85793
2025-04-22,1.5891,0.85858
2025-04-17,1.5773,0.85873
2025-04-16,1.5807,0.85618
2025-04-15,1.5711,0.8557
2025-04-14,1.5786,0.86383
2025-04-11,1.5736,0.86678
2025-04-10,1.5607,0.85755
2025-04-09,1.5671,0.86435
2025-04-08,1.5512,0.85644
2025-04-07,1.5657,0.85588
2025-04-04,1.5696,0.84985
2025-04-03,1.5636,0.84163
2025-04-02,1.5479,0.83455
2025-04-01,1.5529,0.83665
2025-03-31,1.5533,0.83536
2025-03-28,1.5444,0.83358
2025-03-27,1.5425,0.83318
2025-03-26,1.5387,0.83623
2025-03-25,1.5459,0.83565
2025-03-24,1.552,0.83663
2025-03-21,1.5551,0.83765
2025-03-20,1.5592,0.8369
2025-03-19,1.5606,0.84078
2025-03-18,1.5599,0.84173
2025-03-17,1.5625,0.84026
2025-03-14,1.5691,0.84183
2025-03-13,1.5591,0.83778
2025-03-12,1.5684,0.84078
2025-03-11,1.5731,0.84374
2025-03-10,1.5642,0.83849
2025-03-07,1.5566,0.84088
2025-03-06,1.5509,0.8379
2025-03-05,1.5398,0.835
2025-03-04,1.5224,0.82788
2025-03-03,1.5104,0.8253
2025-02-28,1.5019,0.82608
2025-02-27,1.504,0.82673
2025-02-26,1.5054,0.82868
2025-02-25,1.4969,0.82908
2025-02-24,1.4876,0.8283
2025-02-21,1.4856,0.8276
2025-02-20,1.4841,0.82823
2025-02-19,1.4821,0.82838
2025-02-18,1.4844,0.83025
2025-02-17,1.4861,0.83133
2025-02-14,1.4856,0.83215
2025-02-13,1.4844,0.83313
2025-02-12,1.483,0.83338
2025-02-11,1.4789,0.83355
2025-02-10,1.4798,0.83283
2025-02-07,1.4883,0.83353
2025-02-06,1.4865,0.83688
2025-02-05,1.4876,0.83085
2025-02-04,1.4894,0.83188
2025-02-03,1.5051,0.83136
2025-01-31,1.5035,0.83608
2025-01-30,1.4997,0.83685
2025-01-29,1.5011,0.83723
2025-01-28,1.5019,0.83868
2025-01-27,1.5096,0.84106
2025-01-24,1.5015,0.84413
2025-01-23,1.4984,0.84468
2025-01-22,1.4972,0.84466
2025-01-21,1.4963,0.84553
2025-01-20,1.4924,0.84588
2025-01-17,1.4864,0.84453
2025-01-16,1.4776,0.84258
2025-01-15,1.4784,0.84313
2025-01-14,1.4744,0.84288
2025-01-13,1.4699,0.8416
2025-01-10,1.4845,0.83693
2025-01-09,1.4831,0.83808
2025-01-08,1.4803,0.83403
2025-01-07,1.4878,0.82915
2025-01-06,1.4914,0.83098
2025-01-03,1.4842,0.82993
2025-01-02,1.4885,0.83118
2024-12-31,1.4948,0.82918
2024-12-30,1.5035,0.8295
2024-12-27,1.5002,0.83098
2024-12-24,1.4988,0.82805
2024-12-23,1.4978,0.82995
2024-12-20,1.4946,0.82965
2024-12-19,1.493,0.82445
2024-12-18,1.5022,0.8252
2024-12-17,1.4995,0.82648
2024-12-16,1.4959,0.82945
2024-12-13,1.4954,0.83043
2024-12-12,1.4865,0.82428
2024-12-11,1.4905,0.82458
2024-12-10,1.4908,0.82555
2024-12-09,1.4919,0.82805
2024-12-06,1.4882,0.82855
2024-12-05,1.4809,0.828
2024-12-04,1.4755,0.8283
2024-12-03,1.4753,0.83123
2024-12-02,1.4748,0.82898
2024-11-29,1.4796,0.83205
2024-11-28,1.477,0.8323
2024-11-27,1.4807,0.834
2024-11-26,1.4833,0.8348
2024-11-25,1.4648,0.83465
2024-11-22,1.4561,0.83205
2024-11-21,1.47,0.83273
2024-11-20,1.4767,0.8338
2024-11-19,1.4833,0.83638
2024-11-18,1.4873,0.8356
2024-11-15,1.4861,0.83455
2024-11-14,1.4759,0.83158
2024-11-13,1.484,0.83413
2024-11-12,1.4799,0.82835
2024-11-11,1.4848,0.8268
2024-11-08,1.4983,0.83188
2024-11-07,1.496,0.83185
2024-11-06,1.4893,0.83223
2024-11-05,1.5128,0.8392
2024-11-04,1.5155,0.84063
2024-11-01,1.5144,0.83998
2024-10-31,1.5134,0.83753
2024-10-30,1.5072,0.83425
2024-10-29,1.4981,0.8302
2024-10-28,1.503,0.8329
2024-10-25,1.4989,0.83358
2024-10-24,1.4922,0.8321
2024-10-23,1.49,0.83148
2024-10-22,1.4964,0.8334
2024-10-21,1.4998,0.83315
2024-10-18,1.496,0.83165
2024-10-17,1.4975,0.83455
2024-10-16,1.5013,0.83605
2024-10-15,1.5063,0.83355
2024-10-14,1.5047,0.83665
2024-10-11,1.5063,0.83705
2024-10-10,1.5031,0.83686
2024-10-09,1.4985,0.8374
2024-10-08,1.4981,0.83778
2024-10-07,1.4914,0.83918
2024-10-04,1.4952,0.83735
2024-10-03,1.4945,0.84258
2024-10-02,1.4932,0.83288
2024-10-01,1.4986,0.83193
2024-09-30,1.5133,0.83543
2024-09-27,1.5036,0.83338
2024-09-26,1.5025,0.83428
2024-09-25,1.5044,0.83653
2024-09-24,1.5033,0.8322
2024-09-23,1.5065,0.83518
2024-09-20,1.5148,0.8391
2024-09-19,1.511,0.83953
2024-09-18,1.5117,0.84225
2024-09-17,1.5134,0.84278
2024-09-16,1.5109,0.84278
2024-09-13,1.5061,0.84475
2024-09-12,1.4964,0.8446
2024-09-11,1.4997,0.84375
2024-09-10,1.4973,0.84265
2024-09-09,1.4979,0.84365
2024-09-06,1.4984,0.84293
2024-09-05,1.4996,0.84318
2024-09-04,1.498,0.84248
2024-09-03,1.4951,0.84085
2024-09-02,1.4932,0.84218
2024-08-30,1.4941,0.8412
2024-08-29,1.4927,0.84175
2024-08-28,1.4982,0.84163
2024-08-27,1.5041,0.84438
2024-08-26,1.5076,0.84645
2024-08-23,1.5106,0.84733
2024-08-22,1.513,0.84943
2024-08-21,1.5117,0.85303
2024-08-20,1.5085,0.85194
2024-08-19,1.5098,0.85243
2024-08-16,1.5095,0.85128
2024-08-15,1.509,0.85615
2024-08-14,1.5115,0.85783
2024-08-13,1.5014,0.85458
2024-08-12,1.4998,0.85554
2024-08-09,1.5007,0.85708
2024-08-08,1.5021,0.86093
2024-08-07,1.501,0.85808
2024-08-06,1.5097,0.85998
2024-08-05,1.5188,0.85878
2024-08-02,1.5035,0.85
2024-08-01,1.4912,0.84328
2024-07-31,1.4977,0.8438
2024-07-30,1.4996,0.8426
2024-07-29,1.4976,0.84345
2024-07-26,1.5009,0.84378
2024-07-25,1.502,0.8428
2024-07-24,1.4953,0.83973
2024-07-23,1.4944,0.84073
2024-07-22,1.4971,0.84215
2024-07-19,1.4938,0.8428
2024-07-18,1.4953,0.84175
2024-07-17,1.4949,0.83915
2024-07-16,1.4911,0.84058
2024-07-15,1.4879,0.84045
2024-07-12,1.4834,0.84029
2024-07-11,1.4796,0.84305
2024-07-10,1.4758,0.84518
2024-07-09,1.4752,0.84491
2024-07-08,1.4772,0.8441
2024-07-05,1.4736,0.84613
2024-07-04,1.4705,0.84663
2024-07-03,1.4703,0.8468
2024-07-02,1.4727,0.84755
2024-07-01,1.4711,0.8479
2024-06-28,1.467,0.84638
2024-06-27,1.4647,0.8459
2024-06-26,1.4628,0.84453
2024-06-25,1.465,0.84465
2024-06-24,1.4682,0.8473
2024-06-21,1.4632,0.84531
2024-06-20,1.4696,0.84513
2024-06-19,1.4737,0.84455
2024-06-18,1.4731,0.8454
2024-06-17,1.4726,0.84573
2024-06-14,1.4704,0.84205
2024-06-13,1.4823,0.84468
2024-06-12,1.4795,0.84365
2024-06-11,1.4781,0.84198
2024-06-10,1.4801,0.84565
2024-06-07,1.4902,0.8512
2024-06-06,1.4879,0.85088
2024-06-05,1.4867,0.85048
2024-06-04,1.486,0.85143
2024-06-03,1.4784,0.85175
2024-05-31,1.4804,0.85365
2024-05-30,1.4828,0.85105
2024-05-29,1.4838,0.8513
2024-05-28,1.482,0.8508
2024-05-27,1.4813,0.8507
2024-05-24,1.4865,0.85241
2024-05-23,1.4832,0.85175
2024-05-22,1.481,0.85165
2024-05-21,1.4797,0.8544
2024-05-20,1.4798,0.85548
2024-05-17,1.4784,0.85685
2024-05-16,1.481,0.8585
2024-05-15,1.4763,0.8584
2024-05-14,1.4753,0.85983
2024-05-13,1.4757,0.86023
2024-05-10,1.4747,0.86055
2024-05-09,1.4728,0.85995
2024-05-08,1.4784,0.86083
2024-05-07,1.473,0.85805
2024-05-06,1.4731,0.8566
2024-05-03,1.4682,0.85573
2024-05-02,1.4678,0.85538
2024-04-30,1.4672,0.85478
2024-04-29,1.4635,0.85493
2024-04-26,1.4632,0.85643
2024-04-25,1.4659,0.85675
2024-04-24,1.4628,0.85945
2024-04-23,1.4623,0.8605
2024-04-22,1.4592,0.86328
2024-04-19,1.4666,0.8562
2024-04-18,1.4687,0.85628
2024-04-17,1.4691,0.854
2024-04-16,1.4668,0.8544
2024-04-15,1.4645,0.85405
2024-04-12,1.4643,0.85424
2024-04-11,1.4688,0.85525
2024-04-10,1.4728,0.85515
2024-04-09,1.4749,0.85663
2024-04-08,1.4715,0.85795
2024-04-05,1.4702,0.85773
2024-04-04,1.4652,0.85788
2024-04-03,1.4626,0.85713
2024-04-02,1.4577,0.8551
2024-03-28,1.4672,0.8551
2024-03-27,1.4712,0.85768
2024-03-26,1.4718,0.85846
2024-03-25,1.4722,0.85698
2024-03-22,1.4688,0.85795
2024-03-21,1.4736,0.85678
2024-03-20,1.4736,0.85438
2024-03-19,1.4767,0.85445
2024-03-18,1.4745,0.85525
2024-03-15,1.4731,0.8541
2024-03-14,1.4725,0.8542
2024-03-13,1.4756,0.85451
2024-03-12,1.4739,0.85458
2024-03-11,1.4753,0.85208
2024-03-08,1.4701,0.85168
2024-03-07,1.4705,0.85445
2024-03-06,1.477,0.85498
2024-03-05,1.4747,0.85543
2024-03-04,1.4719,0.85583
2024-03-01,1.4679,0.85588
2024-02-29,1.4719,0.85655
2024-02-28,1.4689,0.85548
2024-02-27,1.465,0.8562
2024-02-26,1.4674,0.85495
2024-02-23,1.4587,0.8534
2024-02-22,1.4618,0.85625
2024-02-21,1.4618,0.85619
2024-02-20,1.4562,0.8566
2024-02-19,1.4522,0.85448
2024-02-16,1.4518,0.85605
2024-02-15,1.4547,0.85635
2024-02-14,1.4509,0.85258
2024-02-13,1.4511,0.85098
2024-02-12,1.4504,0.85391
2024-02-09,1.4486,0.8544
2024-02-08,1.4505,0.85378
2024-02-07,1.4501,0.85305
2024-02-06,1.4526,0.8546
2024-02-05,1.4507,0.85595
2024-02-02,1.4556,0.85263
2024-02-01,1.4544,0.85353
2024-01-31,1.4558,0.85435
2024-01-30,1.4564,0.85628
2024-01-29,1.4542,0.8525
2024-01-26,1.4607,0.85368
2024-01-25,1.4714,0.85538
2024-01-24,1.4669,0.85543
2024-01-23,1.4648,0.85493
2024-01-22,1.462,0.85575
2024-01-19,1.4656,0.85825
2024-01-18,1.4681,0.85773
2024-01-17,1.4701,0.85818
2024-01-16,1.4661,0.86078
2024-01-15,1.4695,0.86075
2024-01-12,1.4634,0.8595
2024-01-11,1.4677,0.86145
2024-01-10,1.4649,0.86023
2024-01-09,1.4613,0.85938
2024-01-08,1.4651,0.8615
2024-01-05,1.46,0.8621
2024-01-04,1.4603,0.86278
2024-01-03,1.4574,0.8647
2024-01-02,1.4565,0.86645
2023-12-29,1.4642,0.86905
2023-12-28,1.4698,0.8706
2023-12-27,1.4612,0.8683
2023-12-22,1.4639,0.8666
2023-12-21,1.4668,0.86805
2023-12-20,1.4609,0.86555
2023-12-19,1.4673,0.86095
2023-12-18,1.4584,0.86263
2023-12-15,1.4653,0.85833
2023-12-14,1.4677,0.85955
2023-12-13,1.4644,0.8612
2023-12-12,1.4656,0.85928
2023-12-11,1.4609,0.8558
2023-12-08,1.4627,0.8569
2023-12-07,1.4656,0.8575
2023-12-06,1.4616,0.8561
2023-12-05,1.47,0.85723
2023-12-04,1.4716,0.8579
2023-12-01,1.4736,0.86045
2023-11-30,1.487,0.86368
2023-11-29,1.492,0.86525
2023-11-28,1.4887,0.8682
2023-11-27,1.4929,0.86671
2023-11-24,1.4935,0.86818
2023-11-23,1.494,0.8694
2023-11-22,1.4959,0.8703
2023-11-21,1.5029,0.87326
2023-11-20,1.4994,0.8763
2023-11-17,1.4908,0.87395
2023-11-16,1.4891,0.8752
2023-11-15,1.4854,0.87188
2023-11-14,1.4832,0.8723
2023-11-13,1.4754,0.87155
2023-11-10,1.4753,0.87435
2023-11-09,1.4736,0.87205
2023-11-08,1.4711,0.87015
2023-11-07,1.4679,0.86855
2023-11-06,1.4664,0.8664
2023-11-03,1.4653,0.86983
2023-11-02,1.4707,0.87305
2023-11-01,1.461,0.86945
2023-10-31,1.4712,0.87366
2023-10-30,1.467,0.87345
2023-10-27,1.4572,0.87023
2023-10-26,1.4565,0.8717
2023-10-25,1.4549,0.8724
2023-10-24,1.4564,0.87025
2023-10-23,1.4542,0.87153
2023-10-20,1.4492,0.87213
2023-10-19,1.4485,0.87098
2023-10-18,1.4425,0.8661
2023-10-17,1.4411,0.8682
2023-10-16,1.436,0.86545
2023-10-13,1.4397,0.86415
2023-10-12,1.4435,0.8626
2023-10-11,1.4429,0.86265
2023-10-10,1.4387,0.8639
2023-10-09,1.438,0.8652
2023-10-06,1.4492,0.8651
2023-10-05,1.4479,0.86605
2023-10-04,1.4391,0.86588
2023-10-03,1.4365,0.86775
2023-10-02,1.4335,0.86628
2023-09-29,1.4227,0.86458
2023-09-28,1.4206,0.86333
2023-09-27,1.4255,0.8681
2023-09-26,1.4318,0.8702
2023-09-25,1.4311,0.86965
2023-09-22,1.4303,0.86795
2023-09-21,1.4368,0.86713
2023-09-20,1.4366,0.8653
2023-09-19,1.4373,0.86263
2023-09-18,1.44,0.86141
2023-09-15,1.4409,0.85878
2023-09-14,1.4505,0.85995
2023-09-13,1.4556,0.8609
2023-09-12,1.455,0.85925
2023-09-11,1.4565,0.8565
2023-09-08,1.4623,0.85735
2023-09-07,1.4625,0.859
2023-09-06,1.4659,0.85503
2023-09-05,1.4652,0.85535
2023-09-04,1.4686,0.8555
2023-09-01,1.4656,0.85538
2023-08-31,1.4721,0.85718
2023-08-30,1.4764,0.8592
2023-08-29,1.4722,0.8586
2023-08-28,1.4693,0.85815
2023-08-25,1.4672,0.85643
2023-08-24,1.4686,0.8565
2023-08-23,1.4667,0.85653
2023-08-22,1.4716,0.85288
2023-08-21,1.4723,0.85475
2023-08-18,1.4733,0.85493
2023-08-17,1.4718,0.85395
2023-08-16,1.4726,0.85645
2023-08-15,1.4742,0.85955
2023-08-14,1.47,0.86215
2023-08-11,1.4791,0.86415
2023-08-10,1.4764,0.86313
2023-08-09,1.474,0.8618
2023-08-08,1.4755,0.86158
2023-08-07,1.4688,0.86163
2023-08-04,1.4648,0.86193
2023-08-03,1.4619,0.86468
2023-08-02,1.4621,0.86038
2023-08-01,1.4569,0.85865
2023-07-31,1.4566,0.85765
2023-07-28,1.4553,0.8556
2023-07-27,1.4654,0.85885
2023-07-26,1.462,0.85695
2023-07-25,1.4562,0.86148
2023-07-24,1.4635,0.8635
2023-07-21,1.4668,0.86706
2023-07-20,1.4716,0.8692
2023-07-19,1.4795,0.86918
2023-07-18,1.4862,0.85838
2023-07-17,1.4845,0.85873
2023-07-14,1.4728,0.8559
2023-07-13,1.4714,0.85553
2023-07-12,1.4574,0.85378
2023-07-11,1.4588,0.8511
2023-07-10,1.4552,0.85733
2023-07-07,1.4557,0.85298
2023-07-06,1.4489,0.8531
2023-07-05,1.4447,0.85685
2023-07-04,1.4403,0.85673
2023-07-03,1.4441,0.8598
2023-06-30,1.4415,0.85828
2023-06-29,1.4503,0.864
2023-06-28,1.4491,0.8642
2023-06-27,1.4408,0.8599
2023-06-26,1.4354,0.85878
2023-06-23,1.438,0.85479
2023-06-22,1.4463,0.86115
2023-06-21,1.4435,0.85828
2023-06-20,1.4473,0.85705
2023-06-19,1.4411,0.85268
2023-06-16,1.45,0.85428
2023-06-15,1.4415,0.85555
2023-06-14,1.4378,0.85455
2023-06-13,1.4403,0.8585
2023-06-12,1.4357,0.85678
2023-06-09,1.4362,0.85795
2023-06-08,1.4342,0.86113
2023-06-07,1.4351,0.8597
2023-06-06,1.4342,0.86103
2023-06-05,1.4367,0.86323
2023-06-02,1.4443,0.8593
2023-06-01,1.4514,0.85823
2023-05-31,1.4582,0.86405
2023-05-30,1.4586,0.86365
2023-05-29,1.4564,0.86805
2023-05-26,1.463,0.86813
2023-05-25,1.4599,0.86793
2023-05-24,1.46,0.86993
2023-05-23,1.4571,0.86993
2023-05-22,1.4618,0.86846
2023-05-19,1.4575,0.8684
2023-05-18,1.4568,0.8689
2023-05-17,1.4609,0.86895
2023-05-16,1.4652,0.86938
2023-05-15,1.4684,0.86943
2023-05-12,1.4702,0.8702
2023-05-11,1.4672,0.86795
2023-05-10,1.4657,0.86813
2023-05-09,1.4679,0.8699
2023-05-08,1.471,0.87228
2023-05-05,1.486,0.87378
2023-05-04,1.5072,0.88015
2023-05-03,1.5045,0.88265
2023-05-02,1.4885,0.87868
2023-04-28,1.4981,0.8805
2023-04-27,1.5041,0.88428
2023-04-26,1.5035,0.8856
2023-04-25,1.4984,0.88645
2023-04-24,1.4906,0.88463
2023-04-21,1.4859,0.8857
2023-04-20,1.4757,0.88153
2023-04-19,1.4698,0.88108
2023-04-18,1.4679,0.88143
2023-04-17,1.4673,0.88373
2023-04-14,1.4725,0.8844
2023-04-13,1.4759,0.88058
2023-04-12,1.4728,0.88038
2023-04-11,1.4732,0.87738
2023-04-06,1.4704,0.87495
2023-04-05,1.4719,0.87685
2023-04-04,1.4641,0.87333
2023-04-03,1.4628,0.8779
2023-03-31,1.4737,0.8792
2023-03-30,1.474,0.88164
2023-03-29,1.4739,0.87988
2023-03-28,1.4803,0.87938
2023-03-27,1.4769,0.87818
2023-03-24,1.4816,0.8794
2023-03-23,1.4875,0.88523
2023-03-22,1.4782,0.87925
2023-03-21,1.4726,0.88033
2023-03-20,1.4669,0.8756
2023-03-17,1.4584,0.87488
2023-03-16,1.4565,0.8782
2023-03-15,1.4504,0.87243
2023-03-14,1.4689,0.88054
2023-03-13,1.4745,0.8837
2023-03-10,1.4643,0.88258
2023-03-09,1.4574,0.88814
2023-03-08,1.4499,0.89074
2023-03-07,1.4552,0.88968
2023-03-06,1.4493,0.8863
2023-03-03,1.4437,0.8853
2023-03-02,1.4448,0.88785
2023-03-01,1.4531,0.88574
2023-02-28,1.4411,0.87701
2023-02-27,1.4334,0.88073
2023-02-24,1.4374,0.88245
2023-02-23,1.4366,0.8814
2023-02-22,1.4408,0.87945
2023-02-21,1.4351,0.87925
2023-02-20,1.4367,0.88738
2023-02-17,1.4366,0.88888
2023-02-16,1.4334,0.88883
2023-02-15,1.4356,0.88825
2023-02-14,1.4332,0.88125
2023-02-13,1.4263,0.88281
2023-02-10,1.4364,0.88348
2023-02-09,1.4423,0.88515
2023-02-08,1.4389,0.888
2023-02-07,1.4371,0.89338
2023-02-06,1.4459,0.89278
2023-02-03,1.4616,0.8925
2023-02-02,1.4602,0.89289
2023-02-01,1.4506,0.88413
2023-01-31,1.457,0.88073
2023-01-30,1.4532,0.87978
2023-01-27,1.4479,0.87885
2023-01-26,1.4568,0.87945
2023-01-25,1.4544,0.88248
2023-01-24,1.4517,0.88368
2023-01-23,1.4523,0.8797
2023-01-20,1.4583,0.876
2023-01-19,1.4603,0.87648
2023-01-18,1.4505,0.8753
2023-01-17,1.4547,0.88595
2023-01-16,1.4486,0.88758
2023-01-13,1.4494,0.888
2023-01-12,1.4439,0.8869
2023-01-11,1.4429,0.88673
2023-01-10,1.4382,0.8833
2023-01-09,1.4299,0.88048
2023-01-06,1.4331,0.88475
2023-01-05,1.4316,0.88303
2023-01-04,1.4363,0.88076
2023-01-03,1.4414,0.88048
2023-01-02,1.4506,0.8863
2022-12-30,1.444,0.88693
2022-12-29,1.4475,0.88549
2022-12-28,1.4361,0.88058
2022-12-27,1.4384,0.88333
2022-12-23,1.4433,0.8803
2022-12-22,1.4484,0.88243
2022-12-21,1.4475,0.87651
2022-12-20,1.4451,0.8753
2022-12-19,1.4472,0.87118
2022-12-16,1.4506,0.87233
2022-12-15,1.4443,0.86194
2022-12-14,1.4441,0.86118
2022-12-13,1.4341,0.85753
2022-12-12,1.4428,0.86006
2022-12-09,1.438,0.8595
2022-12-08,1.4307,0.86258
2022-12-07,1.4387,0.86408
2022-12-06,1.4326,0.8617
2022-12-05,1.4198,0.86085
2022-12-02,1.416,0.85855
2022-12-01,1.4059,0.85715
2022-11-30,1.4021,0.86488
2022-11-29,1.4005,0.86218
2022-11-28,1.4062,0.86606
2022-11-25,1.3864,0.85885
2022-11-24,1.3894,0.85933
2022-11-23,1.3856,0.86369
2022-11-22,1.3765,0.86358
2022-11-21,1.377,0.86793
2022-11-18,1.3841,0.87063
2022-11-17,1.382,0.87475
2022-11-16,1.3801,0.87483
2022-11-15,1.3816,0.87455
2022-11-14,1.3706,0.87513
2022-11-11,1.3698,0.87538
2022-11-10,1.3467,0.87298
2022-11-09,1.3501,0.87774
2022-11-08,1.3489,0.87378
2022-11-07,1.3464,0.87135
2022-11-04,1.3351,0.87478
2022-11-03,1.3452,0.87228
2022-11-02,1.347,0.861
2022-11-01,1.3469,0.86058
2022-10-31,1.3553,0.86115
2022-10-28,1.3542,0.8612
2022-10-27,1.3672,0.86745
2022-10-26,1.3568,0.86603
2022-10-25,1.3537,0.87143
2022-10-24,1.3502,0.8707
2022-10-21,1.3465,0.87728
2022-10-20,1.3461,0.87258
2022-10-19,1.3479,0.86993
2022-10-18,1.3495,0.86928
2022-10-17,1.3452,0.8625
2022-10-14,1.3426,0.86823
2022-10-13,1.3443,0.86513
2022-10-12,1.3395,0.8784
2022-10-11,1.3402,0.87703
2022-10-10,1.3312,0.8773
2022-10-07,1.3437,0.87383
2022-10-06,1.3475,0.87583
2022-10-05,1.3493,0.8734
2022-10-04,1.3503,0.87273
2022-10-03,1.3412,0.8707
2022-09-30,1.3401,0.883
2022-09-29,1.3294,0.89485
2022-09-28,1.3157,0.90268
2022-09-27,1.3196,0.89275
2022-09-26,1.3195,0.89404
2022-09-23,1.3177,0.88201
2022-09-22,1.3278,0.87256
2022-09-21,1.3262,0.87335
2022-09-20,1.3268,0.87395
2022-09-19,1.3294,0.87785
2022-09-16,1.3226,0.874
2022-09-15,1.3172,0.86934
2022-09-14,1.3177,0.86498
2022-09-13,1.32,0.86793
2022-09-12,1.3194,0.86778
2022-09-09,1.307,0.8686
2022-09-08,1.3134,0.86656
2022-09-07,1.3037,0.8651
2022-09-06,1.3029,0.85743
2022-09-05,1.3043,0.86358
2022-09-02,1.3131,0.86478
2022-09-01,1.3169,0.86473
2022-08-31,1.3111,0.86035
2022-08-30,1.3047,0.85645
2022-08-29,1.3026,0.8542
2022-08-26,1.2944,0.8459
2022-08-25,1.2881,0.84293
2022-08-24,1.2908,0.84283
2022-08-23,1.2928,0.84343
2022-08-22,1.2989,0.84658
2022-08-19,1.3062,0.84938
2022-08-18,1.3118,0.84391
2022-08-17,1.3117,0.84208
2022-08-16,1.3076,0.84218
2022-08-15,1.3167,0.84375
2022-08-12,1.3148,0.84715
2022-08-11,1.3202,0.84575
2022-08-10,1.3207,0.84608
2022-08-09,1.3163,0.8452
2022-08-08,1.3134,0.84165
2022-08-05,1.3185,0.84268
2022-08-04,1.307,0.84231
2022-08-03,1.3085,0.83629
2022-08-02,1.315,0.83665
2022-08-01,1.3076,0.837
2022-07-29,1.31,0.8399
2022-07-28,1.2986,0.83586
2022-07-27,1.3049,0.84138
2022-07-26,1.3035,0.84558
2022-07-25,1.3168,0.84813
2022-07-22,1.3105,0.85141
2022-07-21,1.3178,0.85545
2022-07-20,1.3132,0.85178
2022-07-19,1.3264,0.85303
2022-07-18,1.3151,0.84708
2022-07-15,1.3147,0.84988
2022-07-14,1.3162,0.8456
2022-07-13,1.3073,0.84371
2022-07-12,1.3094,0.84823
2022-07-11,1.314,0.8454
2022-07-08,1.3201,0.84585
2022-07-07,1.3227,0.85105
2022-07-06,1.3274,0.85676
2022-07-05,1.3364,0.85845
2022-07-04,1.3435,0.8596
2022-07-01,1.3492,0.86648
2022-06-30,1.3425,0.8582
2022-06-29,1.3513,0.86461
2022-06-28,1.3565,0.8635
2022-06-27,1.3639,0.862
2022-06-24,1.3657,0.85773
2022-06-23,1.36,0.85818
2022-06-22,1.366,0.85885
2022-06-21,1.366,0.8601
2022-06-20,1.3662,0.85748
2022-06-17,1.3631,0.855
2022-06-16,1.3446,0.8555
2022-06-15,1.3498,0.86328
2022-06-14,1.3522,0.86578
2022-06-13,1.3435,0.8585
2022-06-10,1.3484,0.85048
2022-06-09,1.3506,0.85653
2022-06-08,1.3467,0.85575
2022-06-07,1.3437,0.85365
2022-06-06,1.3463,0.85415
2022-06-03,1.3484,0.8542
2022-06-02,1.352,0.85195
2022-06-01,1.3536,0.85158
2022-05-31,1.3573,0.85138
2022-05-30,1.3647,0.8515
2022-05-27,1.3661,0.84875
2022-05-26,1.3715,0.85073
2022-05-25,1.372,0.85295
2022-05-24,1.3714,0.8575
2022-05-23,1.3626,0.84783
2022-05-20,1.3526,0.8482
2022-05-19,1.349,0.84728
2022-05-18,1.3488,0.8467
2022-05-17,1.3517,0.844
2022-05-16,1.3473,0.85045
2022-05-13,1.3505,0.85115
2022-05-12,1.3569,0.85293
2022-05-11,1.3685,0.85393
2022-05-10,1.3707,0.85595
2022-05-09,1.3656,0.85235
2022-05-06,1.356,0.85625
2022-05-05,1.3483,0.8519
2022-05-04,1.3498,0.84194
2022-05-03,1.357,0.8413
2022-05-02,1.356,0.8381
2022-04-29,1.3426,0.83908
2022-04-28,1.3498,0.8435
2022-04-27,1.3572,0.84215
2022-04-26,1.3613,0.84135
2022-04-25,1.3709,0.8433
2022-04-22,1.3714,0.83925
2022-04-21,1.36,0.83523
2022-04-20,1.3579,0.82965
2022-04-19,1.3631,0.82955
2022-04-14,1.3663,0.82908
2022-04-13,1.37,0.8328
2022-04-12,1.3724,0.83455
2022-04-11,1.3738,0.83693
2022-04-08,1.3675,0.83355
2022-04-07,1.3704,0.8345
2022-04-06,1.3647,0.83473
2022-04-05,1.3647,0.8349
2022-04-04,1.3749,0.8389
2022-04-01,1.3805,0.84145
2022-03-31,1.3896,0.84595
2022-03-30,1.3891,0.84563
2022-03-29,1.387,0.8444
2022-03-28,1.3702,0.83643
2022-03-25,1.3781,0.8338
2022-03-24,1.3806,0.83288
2022-03-23,1.384,0.8328
2022-03-22,1.3867,0.83228
2022-03-21,1.3898,0.83775
2022-03-18,1.3911,0.83925
2022-03-17,1.3998,0.84315
2022-03-16,1.3967,0.83988
2022-03-15,1.4099,0.84053
2022-03-14,1.3978,0.83915
2022-03-11,1.4024,0.8397
2022-03-10,1.4189,0.84175
2022-03-09,1.4108,0.8357
2022-03-08,1.3978,0.83185
2022-03-07,1.3864,0.82625
2022-03-04,1.3937,0.82388
2022-03-03,1.3992,0.82773
2022-03-02,1.4088,0.83316
2022-03-01,1.4158,0.8329
2022-02-28,1.4264,0.8355
2022-02-25,1.4325,0.8374
2022-02-24,1.4316,0.83463
2022-02-23,1.4394,0.83463
2022-02-22,1.4441,0.83685
2022-02-21,1.4454,0.83298
2022-02-18,1.4424,0.83425
2022-02-17,1.4439,0.83493
2022-02-16,1.4416,0.8394
2022-02-15,1.4433,0.83765
2022-02-14,1.4431,0.8372
2022-02-11,1.4498,0.83958
2022-02-10,1.4498,0.84248
2022-02-09,1.4514,0.84255
2022-02-08,1.4505,0.84363
2022-02-07,1.4546,0.84685
2022-02-04,1.4583,0.84593
2022-02-03,1.4334,0.83208
2022-02-02,1.433,0.83395
2022-02-01,1.4299,0.83498
2022-01-31,1.4233,0.83153
2022-01-28,1.4239,0.83178
2022-01-27,1.4161,0.83368
2022-01-26,1.4173,0.83458
2022-01-25,1.4247,0.83713
2022-01-24,1.4269,0.83803
2022-01-21,1.4211,0.83633
2022-01-20,1.4158,0.83265
2022-01-19,1.4144,0.83168
2022-01-18,1.4228,0.83673
2022-01-17,1.4287,0.83573
2022-01-14,1.433,0.83508
2022-01-13,1.4304,0.83545
2022-01-12,1.4261,0.83338
2022-01-11,1.4329,0.83475
2022-01-10,1.4327,0.83398
2022-01-07,1.4374,0.8343
2022-01-06,1.4451,0.83593
2022-01-05,1.4399,0.83546
2022-01-04,1.4382,0.83618
2022-01-03,1.442,0.84135
2021-12-31,1.4393,0.84028
2021-12-30,1.4481,0.8393
2021-12-29,1.4486,0.84115
2021-12-28,1.4487,0.84248
2021-12-27,1.4529,0.8433
2021-12-24,1.4502,0.84389
2021-12-23,1.451,0.84228
2021-12-22,1.4589,0.849
2021-12-21,1.4599,0.8528
2021-12-20,1.4569,0.85205
2021-12-17,1.4527,0.85208
2021-12-16,1.4484,0.84835
2021-12-15,1.4496,0.8498
2021-12-14,1.449,0.85345
2021-12-13,1.4388,0.85158
2021-12-10,1.434,0.85355
2021-12-09,1.4363,0.8574
2021-12-08,1.4281,0.85603
2021-12-07,1.4258,0.84933
2021-12-06,1.4437,0.85128
2021-12-03,1.4471,0.85048
2021-12-02,1.4526,0.85135
2021-12-01,1.4433,0.85
2021-11-30,1.4518,0.85173
2021-11-29,1.4362,0.84583
2021-11-26,1.4397,0.8462
2021-11-25,1.4223,0.84295
2021-11-24,1.4227,0.83935
2021-11-23,1.4324,0.84185
2021-11-22,1.4257,0.83923
2021-11-19,1.4254,0.83928
2021-11-18,1.4295,0.84173
2021-11-17,1.4206,0.8409
2021-11-16,1.4248,0.84533
2021-11-15,1.4334,0.85165
2021-11-12,1.4416,0.85505
2021-11-11,1.4419,0.85538
2021-11-10,1.4371,0.85548
2021-11-09,1.4397,0.8538
2021-11-08,1.4411,0.85478
2021-11-05,1.4341,0.85545
2021-11-04,1.4365,0.8535
2021-11-03,1.4386,0.84823
2021-11-02,1.4389,0.84955
2021-11-01,1.4325,0.84575
2021-10-29,1.4383,0.8449
2021-10-28,1.4325,0.84373
2021-10-27,1.4414,0.8453
2021-10-26,1.4361,0.84178
2021-10-25,1.4347,0.8438
2021-10-22,1.4341,0.8437
2021-10-21,1.4359,0.8429
2021-10-20,1.4349,0.84503
2021-10-19,1.4389,0.84275
2021-10-18,1.4384,0.84438
2021-10-15,1.4342,0.84368
2021-10-14,1.4361,0.84618
2021-10-13,1.4386,0.84898
2021-10-12,1.4395,0.84755
2021-10-11,1.4431,0.84878
2021-10-08,1.4499,0.8489
2021-10-07,1.4545,0.85023
2021-10-06,1.4575,0.8497
2021-10-05,1.4612,0.85173
2021-10-04,1.4668,0.8553
2021-10-01,1.4698,0.85653
2021-09-30,1.475,0.86053
2021-09-29,1.4793,0.86443
2021-09-28,1.4776,0.8595
2021-09-27,1.4812,0.8542
2021-09-24,1.4895,0.85703
2021-09-23,1.485,0.85495
2021-09-22,1.4997,0.86
2021-09-21,1.4995,0.85855
2021-09-20,1.5056,0.85705
2021-09-17,1.4913,0.85363
2021-09-16,1.4863,0.85025
2021-09-15,1.5004,0.8551
2021-09-14,1.4951,0.8526
2021-09-13,1.4931,0.8512
2021-09-10,1.4919,0.8526
2021-09-09,1.5002,0.85555
2021-09-08,1.4982,0.85873
2021-09-07,1.4936,0.86115
2021-09-06,1.4883,0.8571
2021-09-03,1.4879,0.8584
2021-09-02,1.4944,0.85915
2021-09-01,1.4879,0.85863
2021-08-31,1.4896,0.85875
2021-08-30,1.4867,0.85748
2021-08-27,1.4914,0.85703
2021-08-26,1.4838,0.85718
2021-08-25,1.4827,0.8559
2021-08-24,1.4822,0.85578
2021-08-23,1.4911,0.85635
2021-08-20,1.5069,0.8575
2021-08-19,1.4919,0.85523
2021-08-18,1.4793,0.85183
2021-08-17,1.4838,0.85323
2021-08-16,1.4782,0.84873
2021-08-13,1.4724,0.85093
2021-08-12,1.4694,0.84743
2021-08-11,1.4677,0.84698
2021-08-10,1.4729,0.84568
2021-08-09,1.4747,0.84745
2021-08-06,1.4763,0.8484
2021-08-05,1.4817,0.8506
2021-08-04,1.488,0.85153
2021-08-03,1.4874,0.85355
2021-08-02,1.4816,0.85568
2021-07-30,1.4791,0.8514
2021-07-29,1.4808,0.8508
2021-07-28,1.484,0.85095
2021-07-27,1.4839,0.85503
2021-07-26,1.4804,0.85468
2021-07-23,1.4788,0.85543
2021-07-22,1.4779,0.85563
2021-07-21,1.4932,0.86363
2021-07-20,1.5023,0.86545
2021-07-19,1.5028,0.85913
2021-07-16,1.4856,0.85298
2021-07-15,1.4808,0.85188
2021-07-14,1.4732,0.85158
2021-07-13,1.4782,0.85518
2021-07-12,1.4813,0.8557
2021-07-09,1.4817,0.85758
2021-07-08,1.4893,0.86133
2021-07-07,1.4708,0.855
2021-07-06,1.464,0.8545
2021-07-05,1.4669,0.85665
2021-07-02,1.4677,0.86003
2021-07-01,1.4698,0.86033
2021-06-30,1.4722,0.85805
2021-06-29,1.4706,0.85948
2021-06-28,1.4687,0.8571
2021-06-25,1.4696,0.8595
2021-06-24,1.4678,0.85883
2021-06-23,1.4667,0.85435
2021-06-22,1.4726,0.8556
2021-06-21,1.4758,0.8567
2021-06-18,1.4721,0.85785
2021-06-17,1.4718,0.85525
2021-06-16,1.4764,0.8583
2021-06-15,1.4758,0.8615
2021-06-14,1.4737,0.85898
2021-06-11,1.4687,0.8571
2021-06-10,1.4739,0.86293
2021-06-09,1.4729,0.86053
2021-06-08,1.4706,0.861
2021-06-07,1.4681,0.85825
2021-06-04,1.468,0.8569
2021-06-03,1.471,0.85955
2021-06-02,1.4705,0.86125
2021-06-01,1.4708,0.86285
2021-05-31,1.4727,0.86013
2021-05-28,1.4711,0.85765
2021-05-27,1.4746,0.86068
2021-05-26,1.4784,0.8633
2021-05-25,1.4758,0.86573
2021-05-24,1.4731,0.86408
2021-05-21,1.468,0.8587
2021-05-20,1.4778,0.864
2021-05-19,1.4747,0.86233
2021-05-18,1.4693,0.85998
2021-05-17,1.472,0.86215
2021-05-14,1.47,0.86083
2021-05-13,1.4665,0.86063
2021-05-12,1.4643,0.85798
2021-05-11,1.4729,0.86013
2021-05-10,1.4743,0.86195
2021-05-07,1.4689,0.8681
2021-05-06,1.4764,0.86708
2021-05-05,1.4731,0.86274
2021-05-04,1.4836,0.8677
2021-05-03,1.4807,0.86838
2021-04-30,1.4834,0.86863
2021-04-29,1.4902,0.8691
2021-04-28,1.4955,0.86988
2021-04-27,1.4985,0.86895
2021-04-26,1.503,0.86975
2021-04-23,1.5062,0.86905
2021-04-22,1.5067,0.86855
2021-04-21,1.5137,0.8625
2021-04-20,1.5089,0.86295
2021-04-19,1.5038,0.86355
2021-04-16,1.4986,0.86793
2021-04-15,1.4955,0.86753
2021-04-14,1.5026,0.86918
2021-04-13,1.5006,0.86698
2021-04-12,1.4931,0.86518
2021-04-09,1.495,0.86658
2021-04-08,1.4947,0.8629
2021-04-07,1.4982,0.86065
2021-04-06,1.484,0.85358
2021-04-01,1.4787,0.85195
2021-03-31,1.4782,0.85209
2021-03-30,1.4814,0.85378
2021-03-29,1.4833,0.8512
2021-03-26,1.4814,0.85503
2021-03-25,1.4849,0.86068
2021-03-24,1.4884,0.8625
2021-03-23,1.4938,0.86198
2021-03-22,1.4903,0.86233
2021-03-19,1.4877,0.85763
2021-03-18,1.4824,0.85575
2021-03-17,1.4852,0.85668
2021-03-16,1.4867,0.85945
2021-03-15,1.4874,0.8567
2021-03-12,1.4975,0.85835
2021-03-11,1.5051,0.8567
2021-03-10,1.5041,0.85655
2021-03-09,1.499,0.85704
2021-03-08,1.5035,0.85728
2021-03-05,1.516,0.863
2021-03-04,1.5213,0.8627
2021-03-03,1.5234,0.86351
2021-03-02,1.5225,0.86433
2021-03-01,1.5274,0.86558
2021-02-26,1.5331,0.87053
2021-02-25,1.5257,0.86408
2021-02-24,1.5266,0.8603
2021-02-23,1.5319,0.86308
2021-02-22,1.5328,0.8653
2021-02-19,1.5307,0.86508
2021-02-18,1.5307,0.8654
2021-02-17,1.5304,0.8696
2021-02-16,1.5365,0.87333
2021-02-15,1.5346,0.87225
2021-02-12,1.5418,0.87753
2021-02-11,1.5384,0.87755
2021-02-10,1.5394,0.8765
2021-02-09,1.5414,0.87828
2021-02-08,1.5363,0.87833
2021-02-05,1.5344,0.87538
2021-02-04,1.5358,0.87693
2021-02-03,1.5373,0.88145
2021-02-02,1.5422,0.88075
2021-02-01,1.5474,0.882
2021-01-29,1.552,0.88383
2021-01-28,1.5564,0.88603
2021-01-27,1.5453,0.88395
2021-01-26,1.5444,0.88698
2021-01-25,1.5459,0.888
2021-01-22,1.5458,0.89045
2021-01-21,1.5345,0.88625
2021-01-20,1.5379,0.88563
2021-01-19,1.5438,0.891
2021-01-18,1.5413,0.89073
2021-01-15,1.5413,0.88998
2021-01-14,1.5381,0.88943
2021-01-13,1.5487,0.88983
2021-01-12,1.551,0.8944
2021-01-11,1.5551,0.90235
2021-01-08,1.5543,0.90128
2021-01-07,1.5601,0.9019
2021-01-06,1.564,0.90635
2021-01-05,1.5651,0.90333
2021-01-04,1.5621,0.9016
2020-12-31,1.5633,0.89903
2020-12-30,1.5701,0.90307
2020-12-29,1.5713,0.90863
2020-12-28,1.5677,0.90408
2020-12-24,1.5656,0.89795
2020-12-23,1.5671,0.907
2020-12-22,1.5753,0.91148
2020-12-21,1.5686,0.9161
2020-12-18,1.5638,0.90828
2020-12-17,1.5546,0.9005
2020-12-16,1.5551,0.8995
2020-12-15,1.5473,0.90795
2020-12-14,1.5476,0.907
2020-12-11,1.5487,0.92294
2020-12-10,1.5456,0.911
2020-12-09,1.5472,0.9
2020-12-08,1.5508,0.91143
2020-12-07,1.5537,0.91215
2020-12-04,1.5633,0.90282
2020-12-03,1.5692,0.90358
2020-12-02,1.5619,0.9049
2020-12-01,1.5522,0.89798
2020-11-30,1.5516,0.89845
2020-11-27,1.5497,0.89442
2020-11-26,1.5472,0.89129
2020-11-25,1.5478,0.89129
2020-11-24,1.5504,0.89012
2020-11-23,1.553,0.88888
2020-11-20,1.5484,0.89393
2020-11-19,1.5501,0.89378
2020-11-18,1.5514,0.89373
2020-11-17,1.556,0.89585
2020-11-16,1.5476,0.89819
2020-11-13,1.5528,0.89683
2020-11-12,1.5443,0.89765
2020-11-11,1.5364,0.88935
2020-11-10,1.5393,0.89183
2020-11-09,1.5388,0.90224
2020-11-06,1.5525,0.9043
2020-11-05,1.5478,0.9045
2020-11-04,1.5411,0.89954
2020-11-03,1.5385,0.90042
2020-11-02,1.5466,0.90053
2020-10-30,1.5556,0.90208
2020-10-29,1.5658,0.9043
2020-10-28,1.5578,0.90662
2020-10-27,1.5589,0.90718
2020-10-26,1.558,0.90755
2020-10-23,1.5563,0.90675
2020-10-22,1.5559,0.90273
2020-10-21,1.5557,0.90754
2020-10-20,1.5577,0.91329
2020-10-19,1.5523,0.90588
2020-10-16,1.5497,0.90915
2020-10-15,1.5453,0.90535
2020-10-14,1.5432,0.90395
2020-10-13,1.545,0.90591
2020-10-12,1.5493,0.90598
2020-10-09,1.5542,0.91167
2020-10-08,1.5583,0.91035
2020-10-07,1.564,0.91413
2020-10-06,1.563,0.91058
2020-10-05,1.5614,0.9081
2020-10-02,1.5603,0.90673
2020-10-01,1.5616,0.90723
2020-09-30,1.5676,0.91235
2020-09-29,1.5655,0.90963
2020-09-28,1.562,0.90508
2020-09-25,1.556,0.91343
2020-09-24,1.56,0.91228
2020-09-23,1.5594,0.91885
2020-09-22,1.5631,0.91743
2020-09-21,1.5604,0.91608
2020-09-18,1.5601,0.91318
2020-09-17,1.5567,0.9153
2020-09-16,1.5628,0.91423
2020-09-15,1.5634,0.92095
2020-09-14,1.5641,0.9219
2020-09-11,1.5622,0.92408
2020-09-10,1.5586,0.9159
2020-09-09,1.5563,0.91213
2020-09-08,1.5523,0.90453
2020-09-07,1.5484,0.89835
2020-09-04,1.5508,0.89325
2020-09-03,1.5491,0.89135
2020-09-02,1.5495,0.8884
2020-09-01,1.56,0.88975
2020-08-31,1.5601,0.89605
2020-08-28,1.5553,0.89468
2020-08-27,1.5521,0.89505
2020-08-26,1.5543,0.8969
2020-08-25,1.5597,0.89945
2020-08-24,1.5574,0.90175
2020-08-21,1.5563,0.89755
2020-08-20,1.5654,0.90173
2020-08-19,1.5688,0.90345
2020-08-18,1.5672,0.90375
2020-08-17,1.5684,0.90625
2020-08-14,1.5649,0.90173
2020-08-13,1.5637,0.90373
2020-08-12,1.5644,0.90475
2020-08-11,1.5656,0.89843
2020-08-10,1.5739,0.90155
2020-08-07,1.577,0.90373
2020-08-06,1.5748,0.90033
2020-08-05,1.5703,0.90265
2020-08-04,1.5773,0.90335
2020-08-03,1.5755,0.90013
2020-07-31,1.5898,0.90053
2020-07-30,1.5771,0.90268
2020-07-29,1.5665,0.90385
2020-07-28,1.5693,0.90968
2020-07-27,1.5729,0.9134
2020-07-24,1.5578,0.90985
2020-07-23,1.5486,0.91195
2020-07-22,1.554,0.91123
2020-07-21,1.5399,0.90055
2020-07-20,1.5532,0.90575
2020-07-17,1.551,0.91078
2020-07-16,1.5452,0.90875
2020-07-15,1.5527,0.9054
2020-07-14,1.5488,0.90778
2020-07-13,1.5366,0.89938
2020-07-10,1.5336,0.8957
2020-07-09,1.5314,0.89655
2020-07-08,1.5338,0.89923
2020-07-07,1.5317,0.9015
2020-07-06,1.5333,0.90505
2020-07-03,1.5233,0.9012
2020-07-02,1.5343,0.90225
2020-07-01,1.5217,0.9043
2020-06-30,1.5324,0.91243
2020-06-29,1.5409,0.9154
2020-06-26,1.5318,0.90575
2020-06-25,1.5282,0.90133
2020-06-24,1.5331,0.90343
2020-06-23,1.5269,0.9063
2020-06-22,1.521,0.90328
2020-06-19,1.5209,0.90505
2020-06-18,1.5218,0.90028
2020-06-17,1.5204,0.89448
2020-06-16,1.532,0.8937
2020-06-15,1.5342,0.89648
2020-06-12,1.5347,0.89653
2020-06-11,1.5321,0.89665
2020-06-10,1.5228,0.88963
2020-06-09,1.5187,0.8912
2020-06-08,1.5126,0.89173
2020-06-05,1.5237,0.89448
2020-06-04,1.5203,0.89685
2020-06-03,1.5173,0.89065
2020-06-02,1.5106,0.89083
2020-06-01,1.5228,0.89673
2020-05-29,1.528,0.90088
2020-05-28,1.5155,0.89728
2020-05-27,1.5126,0.89595
2020-05-26,1.5184,0.88878
2020-05-25,1.5261,0.89515
2020-05-22,1.5273,0.89563
2020-05-21,1.531,0.89943
2020-05-20,1.5211,0.89358
2020-05-19,1.5251,0.89535
2020-05-18,1.5202,0.89153
2020-05-15,1.5231,0.88738
2020-05-14,1.5224,0.88495
2020-05-13,1.5243,0.88245
2020-05-12,1.5178,0.87773
2020-05-11,1.5136,0.87875
2020-05-08,1.5118,0.87535
2020-05-07,1.5177,0.87478
2020-05-06,1.5225,0.87253
2020-05-05,1.5201,0.8706
2020-05-04,1.539,0.87898
2020-04-30,1.5077,0.86905
2020-04-29,1.5129,0.87378
2020-04-28,1.5179,0.87078
2020-04-27,1.5255,0.87263
2020-04-24,1.5173,0.87498
2020-04-23,1.5226,0.872
2020-04-22,1.5375,0.8792
2020-04-21,1.5393,0.8812
2020-04-20,1.5325,0.87343
2020-04-17,1.528,0.86978
2020-04-16,1.5359,0.87163
2020-04-15,1.533,0.87385
2020-04-14,1.5257,0.87253
2020-04-09,1.5265,0.87565
2020-04-08,1.5233,0.87948
2020-04-07,1.5259,0.88093
2020-04-06,1.528,0.878
2020-04-03,1.5299,0.8785
2020-04-02,1.5451,0.87738
2020-04-01,1.5601,0.8846
2020-03-31,1.5617,0.88643
2020-03-30,1.5626,0.889
2020-03-27,1.5521,0.89743
2020-03-26,1.5466,0.91348
2020-03-25,1.5539,0.91503
2020-03-24,1.5716,0.921
2020-03-23,1.551,0.9297
2020-03-20,1.5257,0.91028
2020-03-19,1.5623,0.92985
2020-03-18,1.5749,0.9219
2020-03-17,1.5512,0.90823
2020-03-16,1.5539,0.90918
2020-03-13,1.5389,0.8907
2020-03-12,1.5524,0.88623
2020-03-11,1.5579,0.8769
2020-03-10,1.5579,0.87385
2020-03-09,1.5613,0.87383
2020-03-06,1.5213,0.87165
2020-03-05,1.5021,0.8667
2020-03-04,1.4862,0.8685
2020-03-03,1.4857,0.8701
2020-03-02,1.4857,0.87113
2020-02-28,1.4757,0.85315
2020-02-27,1.4636,0.84995
2020-02-26,1.4469,0.8415
2020-02-25,1.4403,0.8363
2020-02-24,1.4372,0.83833
2020-02-21,1.432,0.8351
2020-02-20,1.4304,0.8384
2020-02-19,1.4281,0.83148
2020-02-18,1.4345,0.82985
2020-02-17,1.4334,0.83238
2020-02-14,1.4363,0.83208
2020-02-13,1.4406,0.83375
2020-02-12,1.4468,0.84058
2020-02-11,1.4495,0.84325
2020-02-10,1.458,0.84628
2020-02-07,1.4604,0.8472
2020-02-06,1.461,0.84835
2020-02-05,1.4644,0.84444
2020-02-04,1.4671,0.8488
2020-02-03,1.4647,0.84775
2020-01-31,1.4627,0.84175
2020-01-30,1.4577,0.84183
2020-01-29,1.4496,0.8458
2020-01-28,1.4516,0.84603
2020-01-27,1.4539,0.84358
2020-01-24,1.4491,0.84313
2020-01-23,1.4599,0.84498
2020-01-22,1.4465,0.84445
2020-01-21,1.4512,0.8503
2020-01-20,1.4487,0.85275
2020-01-17,1.4498,0.85105
2020-01-16,1.4559,0.8547
2020-01-15,1.4565,0.85683
2020-01-14,1.4528,0.85618
2020-01-13,1.4514,0.8576
2020-01-10,1.4498,0.8481
2020-01-09,1.4505,0.85285
2020-01-08,1.447,0.84868
2020-01-07,1.452,0.85183
2020-01-06,1.4525,0.85215
2020-01-03,1.4471,0.85115
2020-01-02,1.4549,0.84828
2019-12-31,1.4598,0.8508
2019-12-30,1.4621,0.85208
2019-12-27,1.4592,0.8513
2019-12-24,1.4582,0.85533
2019-12-23,1.4577,0.85708
2019-12-20,1.4579,0.85133
2019-12-19,1.4588,0.85073
2019-12-18,1.4624,0.85055
2019-12-17,1.469,0.84748
2019-12-16,1.4621,0.83415
2019-12-13,1.4712,0.83508
2019-12-12,1.4676,0.8456
2019-12-11,1.4661,0.84245
2019-12-10,1.4666,0.84073
2019-12-09,1.4675,0.84195
2019-12-06,1.4618,0.84453
2019-12-05,1.461,0.8447
2019-12-04,1.4707,0.8461
2019-12-03,1.4747,0.852
2019-12-02,1.4656,0.85218
2019-11-29,1.4614,0.85225
2019-11-28,1.4625,0.8518
2019-11-27,1.4605,0.8545
2019-11-26,1.4663,0.85715
2019-11-25,1.4648,0.85515
2019-11-22,1.4679,0.8598
2019-11-21,1.4759,0.85548
2019-11-20,1.4711,0.85715
2019-11-19,1.4633,0.85573
2019-11-18,1.4622,0.8533
2019-11-15,1.4608,0.8566
2019-11-14,1.4588,0.85643
2019-11-13,1.4592,0.8576
2019-11-12,1.4588,0.8582
2019-11-11,1.4607,0.85743
2019-11-08,1.4561,0.86158
2019-11-07,1.4585,0.86442
2019-11-06,1.4599,0.86033
2019-11-05,1.4584,0.86113
2019-11-04,1.468,0.86368
2019-11-01,1.4682,0.86008
2019-10-31,1.4673,0.86133
2019-10-30,1.4534,0.862
2019-10-29,1.4486,0.86328
2019-10-28,1.4487,0.86328
2019-10-25,1.4511,0.86598
2019-10-24,1.4545,0.86288
2019-10-23,1.4558,0.86408
2019-10-22,1.4581,0.86065
2019-10-21,1.4643,0.8593
2019-10-18,1.4639,0.86435
2019-10-17,1.4644,0.8684
2019-10-16,1.4563,0.8656
2019-10-15,1.4562,0.87058
2019-10-14,1.4576,0.87983
2019-10-11,1.4679,0.87518
2019-10-10,1.4678,0.90155
2019-10-09,1.4607,0.8985
2019-10-08,1.4623,0.89795
2019-10-07,1.4633,0.89155
2019-10-04,1.4612,0.89045
2019-10-03,1.4606,0.8879
2019-10-02,1.4467,0.8897
2019-10-01,1.4466,0.88955
2019-09-30,1.4426,0.88573
2019-09-27,1.4493,0.88778
2019-09-26,1.4482,0.88505
2019-09-25,1.458,0.88668
2019-09-24,1.4586,0.88153
2019-09-23,1.4586,0.88343
2019-09-20,1.4636,0.8823
2019-09-19,1.4686,0.88735
2019-09-18,1.4645,0.8872
2019-09-17,1.462,0.88813
2019-09-16,1.4619,0.8851
2019-09-13,1.4663,0.89093
2019-09-12,1.4468,0.8892
2019-09-11,1.4468,0.89133
2019-09-10,1.4536,0.893
2019-09-09,1.4515,0.89275
2019-09-06,1.4583,0.89635
2019-09-05,1.4602,0.8958
2019-09-04,1.4679,0.90255
2019-09-03,1.4627,0.90885
2019-09-02,1.4632,0.9082
2019-08-30,1.4658,0.90565
2019-08-29,1.4699,0.90531
2019-08-28,1.4754,0.90823
2019-08-27,1.4689,0.90435
2019-08-26,1.4788,0.90808
2019-08-23,1.4741,0.90453
2019-08-22,1.4722,0.9115
2019-08-21,1.4761,0.91545
2019-08-20,1.4762,0.91623
2019-08-19,1.4729,0.91583
2019-08-16,1.473,0.91033
2019-08-15,1.4841,0.91863
2019-08-14,1.4872,0.92673
2019-08-13,1.4889,0.9283
2019-08-12,1.4807,0.92615
2019-08-09,1.4796,0.9282
2019-08-08,1.4874,0.92115
2019-08-07,1.492,0.92353
2019-08-06,1.4785,0.9183
2019-08-05,1.4775,0.9188
2019-08-02,1.4698,0.91505
2019-08-01,1.4602,0.9115
2019-07-31,1.4662,0.91623
2019-07-30,1.4691,0.91653
2019-07-29,1.4645,0.90443
2019-07-26,1.468,0.89633
2019-07-25,1.4591,0.88963
2019-07-24,1.4627,0.89143
2019-07-23,1.4691,0.8983
2019-07-22,1.4665,0.89968
2019-07-19,1.4655,0.89635
2019-07-18,1.465,0.89853
2019-07-17,1.4654,0.9034
2019-07-16,1.4643,0.9026
2019-07-15,1.4684,0.89873
2019-07-12,1.4667,0.89788
2019-07-11,1.4735,0.8979
2019-07-10,1.4713,0.89928
2019-07-09,1.4706,0.89975
2019-07-08,1.4642,0.89625
2019-07-05,1.4712,0.89703
2019-07-04,1.4749,0.8973
2019-07-03,1.4794,0.8975
2019-07-02,1.4819,0.89443
2019-07-01,1.4866,0.89718
2019-06-28,1.4893,0.89655
2019-06-27,1.4928,0.89428
2019-06-26,1.4947,0.89603
2019-06-25,1.5001,0.89485
2019-06-24,1.503,0.89365
2019-06-21,1.4928,0.89425
2019-06-20,1.4886,0.89155
2019-06-19,1.499,0.8902
2019-06-18,1.5016,0.89403
2019-06-17,1.5069,0.89208
2019-06-14,1.5018,0.89093
2019-06-13,1.5021,0.88948
2019-06-12,1.5059,0.88805
2019-06-11,1.5002,0.89085
2019-06-10,1.5004,0.89248
2019-06-07,1.5061,0.88675
2019-06-06,1.5096,0.88558
2019-06-05,1.507,0.88631
2019-06-04,1.5111,0.88738
2019-06-03,1.5098,0.88618
2019-05-31,1.5115,0.88693
2019-05-30,1.5029,0.88178
2019-05-29,1.5065,0.88225
2019-05-28,1.5071,0.88373
2019-05-27,1.5061,0.88225
2019-05-24,1.5053,0.88318
2019-05-23,1.5,0.881
2019-05-22,1.4952,0.8828
2019-05-21,1.4966,0.8761
2019-05-20,1.5,0.8762
2019-05-17,1.5074,0.87595
2019-05-16,1.5039,0.87463
2019-05-15,1.5075,0.8682
2019-05-14,1.5117,0.86723
2019-05-13,1.5117,0.8635
2019-05-10,1.5132,0.8625
2019-05-09,1.5093,0.8612
2019-05-08,1.5074,0.86095
2019-05-07,1.5065,0.85645
2019-05-06,1.5095,0.8547
2019-05-03,1.5019,0.85785
2019-05-02,1.5064,0.8593
2019-04-30,1.5075,0.86248
2019-04-29,1.5028,0.8634
2019-04-26,1.502,0.8634
2019-04-25,1.5023,0.86435
2019-04-24,1.5078,0.86545
2019-04-23,1.5057,0.8645
2019-04-18,1.5065,0.8647
2019-04-17,1.507,0.86593
2019-04-16,1.511,0.8639
2019-04-15,1.506,0.86305
2019-04-12,1.5082,0.8629
2019-04-11,1.5067,0.86168
2019-04-10,1.5032,0.86083
2019-04-09,1.4984,0.86335
2019-04-08,1.5042,0.86183
2019-04-05,1.503,0.85938
2019-04-04,1.4987,0.85418
2019-04-03,1.4964,0.8539
2019-04-02,1.4919,0.86
2019-04-01,1.5006,0.85658
2019-03-29,1.5,0.8583
2019-03-28,1.5066,0.85555
2019-03-27,1.5101,0.85118
2019-03-26,1.5132,0.8533
2019-03-25,1.5204,0.85638
2019-03-22,1.5155,0.8589
2019-03-21,1.5189,0.8665
2019-03-20,1.5125,0.8628
2019-03-19,1.506,0.85548
2019-03-18,1.5134,0.8566
2019-03-15,1.5118,0.85415
2019-03-14,1.5074,0.85228
2019-03-13,1.5087,0.8588
2019-03-12,1.5111,0.86145
2019-03-11,1.5093,0.8624
2019-03-08,1.5099,0.85905
2019-03-07,1.5131,0.8588
2019-03-06,1.5128,0.8597
2019-03-05,1.5116,0.86358
2019-03-04,1.5092,0.85775
2019-03-01,1.4971,0.85968
2019-02-28,1.5042,0.85835
2019-02-27,1.4962,0.85503
2019-02-26,1.5024,0.86055
2019-02-25,1.4924,0.86828
2019-02-22,1.4976,0.87263
2019-02-21,1.4951,0.86805
2019-02-20,1.4956,0.86945
2019-02-19,1.4961,0.87185
2019-02-18,1.4992,0.8762
2019-02-15,1.4959,0.87938
2019-02-14,1.4949,0.87945
2019-02-13,1.4972,0.87553
2019-02-12,1.4969,0.87705
2019-02-11,1.5005,0.87615
2019-02-08,1.5098,0.8749
2019-02-07,1.505,0.8775
2019-02-06,1.502,0.8787
2019-02-05,1.4996,0.87803
2019-02-04,1.5011,0.87678
2019-02-01,1.5075,0.87888
2019-01-31,1.5109,0.87578
2019-01-30,1.5111,0.87341
2019-01-29,1.5142,0.86735
2019-01-28,1.5115,0.86888
2019-01-25,1.5107,0.8658
2019-01-24,1.516,0.87085
2019-01-23,1.5132,0.87213
2019-01-22,1.5128,0.88
2019-01-21,1.5117,0.88303
2019-01-18,1.5134,0.88125
2019-01-17,1.5153,0.8826
2019-01-16,1.5101,0.8859
2019-01-15,1.5154,0.89025
2019-01-14,1.5226,0.89263
2019-01-11,1.5247,0.90015
2019-01-10,1.5251,0.90423
2019-01-09,1.5172,0.89913
2019-01-08,1.5208,0.89743
2019-01-07,1.5281,0.8972
2019-01-04,1.5328,0.89988
2019-01-03,1.5392,0.90312
2019-01-02,1.5547,0.90165
2018-12-31,1.5605,0.89453
2018-12-28,1.5602,0.90273
2018-12-27,1.55,0.90073
2018-12-24,1.5506,0.90038
2018-12-21,1.5459,0.90215
2018-12-20,1.5424,0.90335
2018-12-19,1.5332,0.90318
2018-12-18,1.5249,0.89715
2018-12-17,1.5189,0.8989
2018-12-14,1.5095,0.89835
2018-12-13,1.5193,0.89848
2018-12-12,1.517,0.90135
2018-12-11,1.5239,0.90228
2018-12-10,1.5218,0.90245
2018-12-07,1.523,0.89085
2018-12-06,1.5229,0.8893
2018-12-05,1.5076,0.88885
2018-12-04,1.5031,0.89058
2018-12-03,1.4931,0.8915
2018-11-30,1.5116,0.89068
2018-11-29,1.5117,0.89135
2018-11-28,1.5036,0.88245
2018-11-27,1.5018,0.88748
2018-11-26,1.5011,0.8844
2018-11-23,1.5019,0.8848
2018-11-22,1.5074,0.88598
2018-11-21,1.5144,0.89108
2018-11-20,1.5071,0.88908
2018-11-19,1.5055,0.89083
2018-11-16,1.4955,0.8835
2018-11-15,1.4949,0.8837
2018-11-14,1.4937,0.87048
2018-11-13,1.4888,0.86945
2018-11-12,1.4873,0.87563
2018-11-09,1.4969,0.87053
2018-11-08,1.4972,0.87163
2018-11-07,1.5019,0.87403
2018-11-06,1.4996,0.87313
2018-11-05,1.4887,0.87535
2018-11-02,1.4956,0.8787
2018-11-01,1.4904,0.88173
2018-10-31,1.4856,0.88873
2018-10-30,1.4941,0.89148
2018-10-29,1.4917,0.88788
2018-10-26,1.4916,0.8868
2018-10-25,1.4893,0.88533
2018-10-24,1.49,0.88233
2018-10-23,1.5047,0.88103
2018-10-22,1.5044,0.88425
2018-10-19,1.4947,0.8802
2018-10-18,1.5009,0.87843
2018-10-17,1.4957,0.87945
2018-10-16,1.501,0.87593
2018-10-15,1.5085,0.88045
2018-10-12,1.5054,0.8764
2018-10-11,1.5102,0.8749
2018-10-10,1.4907,0.87448
2018-10-09,1.4861,0.8768
2018-10-08,1.4915,0.8801
2018-10-05,1.4862,0.88165
2018-10-04,1.48,0.8858
2018-10-03,1.482,0.88895
2018-10-02,1.4795,0.89043
2018-10-01,1.4867,0.89078
2018-09-28,1.5064,0.8873
2018-09-27,1.5301,0.88973
2018-09-26,1.5214,0.8908
2018-09-25,1.5262,0.89425
2018-09-24,1.5231,0.89458
2018-09-21,1.5197,0.894
2018-09-20,1.5174,0.8859
2018-09-19,1.5136,0.88813
2018-09-18,1.5237,0.88963
2018-09-17,1.5193,0.88875
2018-09-14,1.5206,0.89228
2018-09-13,1.5112,0.89
2018-09-12,1.5137,0.89028
2018-09-11,1.5231,0.89068
2018-09-10,1.5268,0.8934
2018-09-07,1.5238,0.89275
2018-09-06,1.5338,0.89824
2018-09-05,1.5263,0.90328
2018-09-04,1.5234,0.90058
2018-09-03,1.5175,0.90158
2018-08-31,1.5192,0.8974
2018-08-30,1.5117,0.89758
2018-08-29,1.5093,0.905
2018-08-28,1.5128,0.9068
2018-08-27,1.5182,0.90365
2018-08-24,1.5143,0.902
2018-08-23,1.5089,0.89878
2018-08-22,1.5126,0.89928
2018-08-21,1.4978,0.8974
2018-08-20,1.4927,0.89478
2018-08-17,1.4976,0.89575
2018-08-16,1.4942,0.89498
2018-08-15,1.4833,0.8913
2018-08-14,1.4909,0.893
2018-08-13,1.4996,0.8933
2018-08-10,1.5002,0.89675
2018-08-09,1.5111,0.8994
2018-08-08,1.5158,0.90085
2018-08-07,1.5047,0.89483
2018-08-06,1.5032,0.8928
2018-08-03,1.5085,0.8905
2018-08-02,1.5144,0.89145
2018-08-01,1.5231,0.8904
2018-07-31,1.5298,0.8922
2018-07-30,1.5245,0.8907
2018-07-27,1.5193,0.88823
2018-07-26,1.5287,0.8886
2018-07-25,1.5341,0.88855
2018-07-24,1.5393,0.89178
2018-07-23,1.5387,0.8917
2018-07-20,1.5443,0.89445
2018-07-19,1.5351,0.89298
2018-07-18,1.5389,0.89118
2018-07-17,1.5403,0.88725
2018-07-16,1.5399,0.8827
2018-07-13,1.5358,0.88488
2018-07-12,1.5369,0.88263
2018-07-11,1.5421,0.88482
2018-07-10,1.5382,0.88338
2018-07-09,1.5415,0.88345
2018-07-06,1.5397,0.88595
2018-07-05,1.5374,0.8831
2018-07-04,1.5306,0.88108
2018-07-03,1.5344,0.8835
2018-07-02,1.5342,0.8865
2018-06-29,1.5442,0.88605
2018-06-28,1.5398,0.8852
2018-06-27,1.5443,0.88173
2018-06-26,1.5549,0.8816
2018-06-25,1.5542,0.8804
2018-06-22,1.5459,0.87663
2018-06-21,1.5381,0.8737
2018-06-20,1.5398,0.87878
2018-06-19,1.5319,0.87693
2018-06-18,1.5307,0.87655
2018-06-15,1.5223,0.8732
2018-06-14,1.5222,0.87683
2018-06-13,1.5313,0.8821
2018-06-12,1.5335,0.88175
2018-06-11,1.5348,0.8818
2018-06-08,1.5274,0.87733
2018-06-07,1.5313,0.88123
2018-06-06,1.515,0.87683
2018-06-05,1.5158,0.8739
2018-06-04,1.5148,0.87673
2018-06-01,1.5142,0.8768
2018-05-31,1.5038,0.8768
2018-05-30,1.5093,0.875
2018-05-29,1.5058,0.87143
2018-05-28,1.5114,0.87465
2018-05-25,1.5126,0.8754
2018-05-24,1.5111,0.87475
2018-05-23,1.5109,0.87953
2018-05-22,1.5066,0.87688
2018-05-21,1.5139,0.8764
2018-05-18,1.5074,0.87325
2018-05-17,1.5077,0.8735
2018-05-16,1.5161,0.87418
2018-05-15,1.5253,0.879
2018-05-14,1.5301,0.8824
2018-05-11,1.5197,0.88
2018-05-10,1.5172,0.8781
2018-05-09,1.5299,0.87445
2018-05-08,1.5398,0.8793
2018-05-07,1.5338,0.8801
2018-05-04,1.541,0.88235
2018-05-03,1.5404,0.8818
2018-05-02,1.5401,0.8804
2018-04-30,1.5542,0.8796
2018-04-27,1.5549,0.877
2018-04-26,1.5618,0.871
2018-04-25,1.5704,0.8738
2018-04-24,1.5662,0.87468
2018-04-23,1.5649,0.8764
2018-04-20,1.5557,0.87608
2018-04-19,1.5606,0.86975
2018-04-18,1.5572,0.87105
2018-04-17,1.5511,0.8628
2018-04-16,1.5596,0.86465
2018-04-13,1.5482,0.864
2018-04-12,1.5517,0.86745
2018-04-11,1.5625,0.8736
2018-04-10,1.5645,0.87183
2018-04-09,1.5726,0.87088
2018-04-06,1.565,0.87295
2018-04-05,1.5659,0.87395
2018-04-04,1.5756,0.87573
2018-04-03,1.5818,0.87523
2018-03-29,1.5895,0.8749
2018-03-28,1.5974,0.87605
2018-03-27,1.5949,0.8794
2018-03-26,1.5997,0.87248
2018-03-23,1.5868,0.87285
2018-03-22,1.5889,0.872
2018-03-21,1.5947,0.87403
2018-03-20,1.604,0.87715
2018-03-19,1.6105,0.87593
2018-03-16,1.6087,0.88253
2018-03-15,1.6025,0.8848
2018-03-14,1.5993,0.8863
2018-03-13,1.589,0.8865
2018-03-12,1.5782,0.8859
2018-03-09,1.5848,0.88893
2018-03-08,1.6044,0.89465
2018-03-07,1.6056,0.89513
2018-03-06,1.5993,0.89165
2018-03-05,1.5914,0.8907
2018-03-02,1.5858,0.8932
2018-03-01,1.5654,0.8852
2018-02-28,1.5608,0.88415
2018-02-27,1.5647,0.884
2018-02-26,1.5617,0.8782
2018-02-23,1.5614,0.8794
2018-02-22,1.5589,0.88343
2018-02-21,1.5601,0.88463
2018-02-20,1.5553,0.88168
2018-02-19,1.5592,0.8859
2018-02-16,1.5587,0.88803
2018-02-15,1.5604,0.8866
2018-02-14,1.5528,0.8904
2018-02-13,1.5544,0.88935
2018-02-12,1.5427,0.886
2018-02-09,1.5475,0.8874
2018-02-08,1.5402,0.87513
2018-02-07,1.5445,0.88675
2018-02-06,1.5488,0.88885
2018-02-05,1.5468,0.88568
2018-02-02,1.5387,0.8785
2018-02-01,1.5348,0.8752
2018-01-31,1.529,0.8791
2018-01-30,1.5304,0.8793
2018-01-29,1.5269,0.8794
2018-01-26,1.5325,0.87335
2018-01-25,1.5289,0.87038
2018-01-24,1.5229,0.87183
2018-01-23,1.5289,0.8783
2018-01-22,1.527,0.88085
2018-01-19,1.5246,0.88365
2018-01-18,1.5229,0.88208
2018-01-17,1.5185,0.88568
2018-01-16,1.5194,0.8886
2018-01-15,1.5263,0.89043
2018-01-12,1.5194,0.88983
2018-01-11,1.5093,0.89075
2018-01-10,1.4931,0.8867
2018-01-09,1.4826,0.8827
2018-01-08,1.488,0.88413
2018-01-05,1.5068,0.88883
2018-01-04,1.5114,0.89103
2018-01-03,1.5047,0.8864
2018-01-02,1.5128,0.88953
2017-12-29,1.5039,0.88723
2017-12-28,1.5049,0.88768
2017-12-27,1.5028,0.88593
2017-12-22,1.5057,0.88568
2017-12-21,1.5184,0.88763
2017-12-20,1.5221,0.8832
2017-12-19,1.5207,0.885
2017-12-18,1.5185,0.88208
2017-12-15,1.507,0.88253
2017-12-14,1.5196,0.88163
2017-12-13,1.5092,0.87905
2017-12-12,1.5098,0.88068
2017-12-11,1.5168,0.8825
2017-12-08,1.5072,0.87525
2017-12-07,1.5131,0.88068
2017-12-06,1.4963,0.88335
2017-12-05,1.4966,0.88183
2017-12-04,1.5034,0.87725
2017-12-01,1.5301,0.88115
2017-11-30,1.5267,0.87985
2017-11-29,1.5176,0.88293
2017-11-28,1.5208,0.89538
2017-11-27,1.5156,0.89375
2017-11-24,1.5093,0.8912
2017-11-23,1.5024,0.89005
2017-11-22,1.4969,0.8881
2017-11-21,1.5006,0.88498
2017-11-20,1.5066,0.8894
2017-11-17,1.5053,0.89385
2017-11-16,1.5025,0.89183
2017-11-15,1.5103,0.8991
2017-11-14,1.4933,0.89585
2017-11-13,1.4809,0.89018
2017-11-10,1.4766,0.8837
2017-11-09,1.4779,0.88633
2017-11-08,1.4753,0.88405
2017-11-07,1.4761,0.88038
2017-11-06,1.4787,0.8839
2017-11-03,1.483,0.88923
2017-11-02,1.496,0.8869
2017-11-01,1.4986,0.87385
2017-10-31,1.5004,0.87853
2017-10-30,1.4918,0.8798
2017-10-27,1.4961,0.88633
2017-10-26,1.5041,0.8901
2017-10-25,1.4963,0.88883
2017-10-24,1.4875,0.89303
2017-10-23,1.4835,0.8909
2017-10-20,1.4765,0.89623
2017-10-19,1.4743,0.89815
2017-10-18,1.472,0.89283
2017-10-17,1.4741,0.89148
2017-10-16,1.48,0.88753
2017-10-13,1.4761,0.8898
2017-10-12,1.4785,0.90235
2017-10-11,1.4798,0.8971
2017-10-10,1.4745,0.8941
2017-10-09,1.4731,0.89195
2017-10-06,1.4721,0.89535
2017-10-05,1.4655,0.89153
2017-10-04,1.4678,0.88768
2017-10-03,1.4692,0.88793
2017-10-02,1.4693,0.88418
2017-09-29,1.4687,0.88178
2017-09-28,1.4684,0.87635
2017-09-27,1.4554,0.87565
2017-09-26,1.4605,0.87775
2017-09-25,1.463,0.87938
2017-09-22,1.4675,0.88155
2017-09-21,1.4712,0.8824
2017-09-20,1.4701,0.8868
2017-09-19,1.4714,0.88622
2017-09-18,1.4581,0.88253
2017-09-15,1.452,0.88043
2017-09-14,1.4501,0.89123
2017-09-13,1.4542,0.90243
2017-09-12,1.4477,0.89878
2017-09-11,1.4541,0.90775
2017-09-08,1.4577,0.91268
2017-09-07,1.4587,0.91403
2017-09-06,1.4787,0.91428
2017-09-05,1.4732,0.9174
2017-09-04,1.4774,0.91855
2017-09-01,1.483,0.92075
2017-08-31,1.497,0.91973
2017-08-30,1.4961,0.92246
2017-08-29,1.5037,0.92965
2017-08-28,1.4866,0.92328
2017-08-25,1.4769,0.92083
2017-08-24,1.4784,0.92
2017-08-23,1.4848,0.92133
2017-08-22,1.4806,0.91713
2017-08-21,1.4815,0.91318
2017-08-18,1.4859,0.91188
2017-08-17,1.4767,0.90895
2017-08-16,1.4908,0.90993
2017-08-15,1.496,0.91145
2017-08-14,1.4975,0.90935
2017-08-11,1.4956,0.90645
2017-08-10,1.4923,0.90303
2017-08-09,1.4875,0.90338
2017-08-08,1.4959,0.90678
2017-08-07,1.4959,0.90435
2017-08-04,1.492,0.9028
2017-08-03,1.4951,0.90318
2017-08-02,1.4841,0.89425
2017-08-01,1.4737,0.8944
2017-07-31,1.4625,0.8942
2017-07-28,1.4712,0.89568
2017-07-27,1.4603,0.88978
2017-07-26,1.4576,0.89275
2017-07-25,1.4608,0.89395
2017-07-24,1.4584,0.8935
2017-07-21,1.4664,0.8961
2017-07-20,1.4487,0.88718
2017-07-19,1.454,0.88485
2017-07-18,1.4548,0.8878
2017-07-17,1.4502,0.87755
2017-07-14,1.4524,0.87983
2017-07-13,1.4564,0.88215
2017-07-12,1.4808,0.88925
2017-07-11,1.4718,0.88318
2017-07-10,1.4703,0.88443
2017-07-07,1.4806,0.88488
2017-07-06,1.4728,0.88013
2017-07-05,1.4682,0.87735
2017-07-04,1.473,0.87805
2017-07-03,1.4755,0.87705
2017-06-30,1.4785,0.87933
2017-06-29,1.4867,0.8799
2017-06-28,1.4888,0.88525
2017-06-27,1.4895,0.8837
2017-06-26,1.4812,0.8783
2017-06-23,1.4783,0.87805
2017-06-22,1.4853,0.88168
2017-06-21,1.4803,0.8781
2017-06-20,1.4812,0.88143
2017-06-19,1.4827,0.87518
2017-06-16,1.4766,0.87453
2017-06-15,1.4826,0.8764
2017-06-14,1.4796,0.8796
2017-06-13,1.4892,0.88075
2017-06-12,1.5078,0.88545
2017-06-09,1.5098,0.87638
2017-06-08,1.5175,0.86755
2017-06-07,1.5085,0.86908
2017-06-06,1.517,0.8723
2017-06-05,1.5174,0.8713
2017-06-02,1.5169,0.87268
2017-06-01,1.5155,0.8723
2017-05-31,1.5108,0.87365
2017-05-30,1.5048,0.86793
2017-05-29,1.5053,0.87093
2017-05-26,1.5077,0.8719
2017-05-25,1.5063,0.86528
2017-05-24,1.5109,0.8634
2017-05-23,1.5104,0.86463
2017-05-22,1.5174,0.86353
2017-05-19,1.5169,0.85908
2017-05-18,1.5183,0.85363
2017-05-17,1.5136,0.85745
2017-05-16,1.5058,0.85868
2017-05-15,1.4931,0.84928
2017-05-12,1.4941,0.84588
2017-05-11,1.4906,0.84485
2017-05-10,1.4905,0.83985
2017-05-09,1.4921,0.843
2017-05-08,1.4986,0.84465
2017-05-05,1.5094,0.8471
2017-05-04,1.501,0.84765
2017-05-03,1.499,0.8444
2017-05-02,1.4928,0.8452
2017-04-28,1.4914,0.84473
2017-04-27,1.4783,0.8442
2017-04-26,1.4792,0.84903
2017-04-25,1.479,0.84928
2017-04-24,1.457,0.8483
2017-04-21,1.4413,0.8372
2017-04-20,1.4494,0.8392
2017-04-19,1.4415,0.8343
2017-04-18,1.4273,0.84375
2017-04-13,1.4069,0.84763
2017-04-12,1.4114,0.8484
2017-04-11,1.4139,0.8533
2017-04-10,1.4155,0.85335
2017-04-07,1.4256,0.85573
2017-04-06,1.4322,0.8559
2017-04-05,1.4291,0.8551
2017-04-04,1.432,0.85623
2017-04-03,1.4229,0.8526
2017-03-31,1.4265,0.85553
2017-03-30,1.432,0.8618
2017-03-29,1.438,0.86385
2017-03-28,1.4546,0.86455
2017-03-27,1.4536,0.86403
2017-03-24,1.4448,0.866
2017-03-23,1.4387,0.86273
2017-03-22,1.4458,0.8679
2017-03-21,1.4349,0.86753
2017-03-20,1.4359,0.86793
2017-03-17,1.4296,0.86868
2017-03-16,1.4277,0.8681
2017-03-15,1.4291,0.87073
2017-03-14,1.4338,0.87563
2017-03-13,1.435,0.87258
2017-03-10,1.4322,0.8725
2017-03-09,1.4272,0.86653
2017-03-08,1.4193,0.86753
2017-03-07,1.4191,0.8671
2017-03-06,1.4183,0.863
2017-03-03,1.4161,0.86355
2017-03-02,1.4069,0.8556
2017-03-01,1.4044,0.8555
2017-02-28,1.3984,0.85305
2017-02-27,1.3889,0.8528
2017-02-24,1.3907,0.84503
2017-02-23,1.3868,0.84628
2017-02-22,1.3844,0.8445
2017-02-21,1.384,0.8486
2017-02-20,1.3918,0.85145
2017-02-17,1.3929,0.8572
2017-02-16,1.3865,0.8511
2017-02-15,1.3809,0.84998
2017-02-14,1.3842,0.85098
2017-02-13,1.3917,0.8489
2017-02-10,1.3965,0.8529
2017-02-09,1.4016,0.8509
2017-02-08,1.402,0.85315
2017-02-07,1.4072,0.8633
2017-02-06,1.3987,0.8595
2017-02-03,1.4023,0.86013
2017-02-02,1.405,0.86068
2017-02-01,1.4097,0.85418
2017-01-31,1.4056,0.86105
2017-01-30,1.3983,0.84935
2017-01-27,1.4012,0.8517
2017-01-26,1.4048,0.85143
2017-01-25,1.407,0.85323
2017-01-24,1.4267,0.8635
2017-01-23,1.4266,0.86148
2017-01-20,1.4217,0.86595
2017-01-19,1.4169,0.86555
2017-01-18,1.3986,0.86833
2017-01-17,1.3953,0.8679
2017-01-16,1.3927,0.87808
2017-01-13,1.401,0.87548
2017-01-12,1.3944,0.86843
2017-01-11,1.3919,0.86725
2017-01-10,1.3992,0.8694
2017-01-09,1.3954,0.8666
2017-01-06,1.4039,0.85648
2017-01-05,1.3966,0.8544
2017-01-04,1.3894,0.84945
2017-01-03,1.3962,0.84565
2017-01-02,1.407,0.8514
2016-12-30,1.4188,0.85618
2016-12-29,1.4154,0.853
2016-12-28,1.4119,0.85128
2016-12-27,1.4136,0.853
2016-12-23,1.4117,0.85278
2016-12-22,1.4066,0.84645
2016-12-21,1.3932,0.8424
2016-12-20,1.3896,0.83978
2016-12-19,1.3947,0.8414
2016-12-16,1.396,0.8389
2016-12-15,1.3902,0.83598
2016-12-14,1.3961,0.83963
2016-12-13,1.3921,0.83488
2016-12-12,1.3918,0.839
2016-12-09,1.3914,0.83935
2016-12-08,1.4222,0.84995
2016-12-07,1.4242,0.85095
2016-12-06,1.4242,0.8421
2016-12-05,1.424,0.84168
2016-12-02,1.4157,0.84303
2016-12-01,1.424,0.84098
2016-11-30,1.4233,0.8525
2016-11-29,1.4232,0.84815
2016-11-28,1.4242,0.85303
2016-11-25,1.429,0.85182
2016-11-24,1.4232,0.848
2016-11-23,1.426,0.85393
2016-11-22,1.423,0.85423
2016-11-21,1.4308,0.85725
2016-11-18,1.4365,0.86218
2016-11-17,1.4389,0.86055
2016-11-16,1.4425,0.8611
2016-11-15,1.456,0.86638
2016-11-14,1.459,0.85985
2016-11-11,1.4711,0.86133
2016-11-10,1.4689,0.87785
2016-11-09,1.4798,0.8903
2016-11-08,1.4756,0.89088
2016-11-07,1.4813,0.8904
2016-11-04,1.4901,0.88808
2016-11-03,1.4814,0.88658
2016-11-02,1.484,0.90063
2016-11-01,1.473,0.90173
2016-10-31,1.4665,0.9005
2016-10-28,1.4623,0.89905
2016-10-27,1.4605,0.89158
2016-10-26,1.4602,0.89465
2016-10-25,1.4478,0.88998
2016-10-24,1.4547,0.89015
2016-10-21,1.4401,0.8932
2016-10-20,1.446,0.89568
2016-10-19,1.4361,0.89338
2016-10-18,1.4382,0.89565
2016-10-17,1.4433,0.90485
2016-10-14,1.4485,0.8991
2016-10-13,1.462,0.9043
2016-10-12,1.4598,0.8999
2016-10-11,1.4653,0.90233
2016-10-10,1.479,0.9007
2016-10-07,1.4784,0.90353
2016-10-06,1.4769,0.88323
2016-10-05,1.4816,0.88155
2016-10-04,1.4697,0.8754
2016-10-03,1.4702,0.87318
2016-09-30,1.469,0.86103
2016-09-29,1.4683,0.86138
2016-09-28,1.4829,0.86208
2016-09-27,1.4873,0.86413
2016-09-26,1.4825,0.8709
2016-09-23,1.4625,0.86435
2016-09-22,1.4623,0.85925
2016-09-21,1.4653,0.85693
2016-09-20,1.4792,0.86213
2016-09-19,1.4684,0.855
2016-09-16,1.4817,0.85203
2016-09-15,1.4831,0.85198
2016-09-14,1.4799,0.85078
2016-09-13,1.4744,0.84763
2016-09-12,1.4722,0.84475
2016-09-09,1.46,0.84558
2016-09-08,1.4546,0.8456
2016-09-07,1.4444,0.83968
2016-09-06,1.4405,0.83535
2016-09-05,1.4436,0.83643
2016-09-02,1.4643,0.8426
2016-09-01,1.4634,0.8405
2016-08-31,1.4583,0.84806
2016-08-30,1.4562,0.8517
2016-08-29,1.4536,0.85476
2016-08-26,1.4546,0.8545
2016-08-25,1.4597,0.8557
2016-08-24,1.4581,0.8513
2016-08-23,1.4625,0.85995
2016-08-22,1.4602,0.8624
2016-08-19,1.4547,0.86537
2016-08-18,1.4524,0.86073
2016-08-17,1.4529,0.8664
2016-08-16,1.4477,0.8706
2016-08-15,1.4446,0.86677
2016-08-12,1.4478,0.8605
2016-08-11,1.4559,0.86038
2016-08-10,1.4557,0.85541
2016-08-09,1.4567,0.85399
2016-08-08,1.4573,0.84955
2016-08-05,1.4529,0.8481
2016-08-04,1.4536,0.84603
2016-08-03,1.4672,0.8391
2016-08-02,1.4608,0.8431
2016-08-01,1.4587,0.8454
2016-07-29,1.4643,0.844
2016-07-28,1.4595,0.8422
2016-07-27,1.4497,0.83875
2016-07-26,1.4553,0.8371
2016-07-25,1.4465,0.8367
2016-07-22,1.4436,0.84108
2016-07-21,1.4376,0.83595
2016-07-20,1.4382,0.83605
2016-07-19,1.4364,0.8395
2016-07-18,1.4315,0.83372
2016-07-15,1.4317,0.83275
2016-07-14,1.4422,0.83311
2016-07-13,1.4452,0.83398
2016-07-12,1.4452,0.84275
2016-07-11,1.4437,0.85097
2016-07-08,1.4406,0.85243
2016-07-07,1.4328,0.85085
2016-07-06,1.4419,0.853
2016-07-05,1.4418,0.84997
2016-07-04,1.4328,0.83905
2016-07-01,1.439,0.8383
2016-06-30,1.4384,0.8265
2016-06-29,1.4407,0.8255
2016-06-28,1.4438,0.8272
2016-06-27,1.435,0.834
2016-06-24,1.4392,0.8075
2016-06-23,1.4517,0.76595
2016-06-22,1.4399,0.76793
2016-06-21,1.4451,0.76755
2016-06-20,1.452,0.77375
2016-06-17,1.4519,0.7877
2016-06-16,1.453,0.79033
2016-06-15,1.4438,0.79158
2016-06-14,1.4449,0.79478
2016-06-13,1.439,0.79515
2016-06-10,1.441,0.7848
2016-06-09,1.4459,0.78438
2016-06-08,1.443,0.78048
2016-06-07,1.4505,0.7788
2016-06-06,1.4665,0.7872
2016-06-03,1.4594,0.77285
2016-06-02,1.4662,0.77335
2016-06-01,1.4586,0.77358
2016-05-31,1.453,0.76185
2016-05-30,1.4524,0.76125
2016-05-27,1.456,0.76245
2016-05-26,1.4443,0.7597
2016-05-25,1.4608,0.75925
2016-05-24,1.4684,0.76513
2016-05-23,1.4745,0.77443
2016-05-20,1.4704,0.77008
2016-05-19,1.4679,0.76585
2016-05-18,1.4637,0.77485
2016-05-17,1.4631,0.7815
2016-05-16,1.4634,0.788
2016-05-13,1.4619,0.78758
2016-05-12,1.4594,0.78888
2016-05-11,1.4686,0.78958
2016-05-10,1.4744,0.7876
2016-05-09,1.4743,0.78998
2016-05-06,1.4717,0.7885
2016-05-05,1.4665,0.7886
2016-05-04,1.467,0.79284
2016-05-03,1.4559,0.79103
2016-05-02,1.4388,0.78248
2016-04-29,1.4286,0.78025
2016-04-28,1.4262,0.77838
2016-04-27,1.4223,0.77475
2016-04-26,1.4276,0.77483
2016-04-25,1.4286,0.7764
2016-04-22,1.4342,0.78335
2016-04-21,1.4346,0.78693
2016-04-20,1.4421,0.791
2016-04-19,1.4418,0.78975
2016-04-18,1.4612,0.7978
2016-04-15,1.4535,0.79575
2016-04-14,1.4434,0.7956
2016-04-13,1.4466,0.79388
2016-04-12,1.4674,0.7984
2016-04-11,1.4794,0.8006
2016-04-08,1.4861,0.8073
2016-04-07,1.4906,0.80728
2016-04-06,1.4912,0.80808
2016-04-05,1.4968,0.8016
2016-04-04,1.4832,0.79738
2016-04-01,1.4894,0.7989
2016-03-31,1.4738,0.79155
2016-03-30,1.4755,0.7858
2016-03-29,1.4741,0.7845
2016-03-24,1.4821,0.78938
2016-03-23,1.4676,0.78985
2016-03-22,1.4679,0.7879
2016-03-21,1.4703,0.78303
2016-03-18,1.4627,0.77855
2016-03-17,1.4701,0.78218
2016-03-16,1.4798,0.7873
2016-03-15,1.4832,0.78358
2016-03-14,1.4737,0.77428
2016-03-11,1.4698,0.77595
2016-03-10,1.4424,0.76728
2016-03-09,1.4705,0.77135
2016-03-08,1.4695,0.77608
2016-03-07,1.4652,0.77438
2016-03-04,1.4717,0.77483
2016-03-03,1.4644,0.77435
2016-03-02,1.4595,0.7741
2016-03-01,1.4699,0.778
2016-02-29,1.4767,0.7858
2016-02-26,1.4909,0.78745
2016-02-25,1.5025,0.7892
2016-02-24,1.5197,0.78935
2016-02-23,1.5116,0.77985
2016-02-22,1.5128,0.78243
2016-02-19,1.5274,0.77715
2016-02-18,1.5168,0.77143
2016-02-17,1.5387,0.77835
2016-02-16,1.543,0.7758
2016-02-15,1.5454,0.772
2016-02-12,1.5698,0.77735
2016-02-11,1.5842,0.7874
2016-02-10,1.5601,0.77328
2016-02-09,1.5623,0.77945
2016-02-08,1.5487,0.7724
2016-02-05,1.5404,0.76975
2016-02-04,1.5366,0.76595
2016-02-03,1.5234,0.7533
2016-02-02,1.5292,0.7586
2016-02-01,1.5253,0.761
2016-01-29,1.5363,0.7641
2016-01-28,1.5357,0.76228
2016-01-27,1.5331,0.75965
2016-01-26,1.5411,0.76095
2016-01-25,1.5351,0.7589
2016-01-22,1.5316,0.75459
2016-01-21,1.575,0.77182
2016-01-20,1.5965,0.77
2016-01-19,1.575,0.76473
2016-01-18,1.58,0.76263
2016-01-15,1.5849,0.7615
2016-01-14,1.5647,0.75703
2016-01-13,1.5381,0.7502
2016-01-12,1.537,0.7508
2016-01-11,1.5336,0.74705
2016-01-08,1.5321,0.74519
2016-01-07,1.536,0.74545
2016-01-06,1.5137,0.7344
2016-01-05,1.4976,0.73235
2016-01-04,1.5172,0.7381
2015-12-31,1.5116,0.73395
2015-12-30,1.5171,0.73799
2015-12-29,1.5241,0.74005
2015-12-28,1.5207,0.73535
2015-12-24,1.5183,0.7342
2015-12-23,1.5176,0.733
2015-12-22,1.5242,0.7362
2015-12-21,1.5169,0.72985
2015-12-18,1.5123,0.72666
2015-12-17,1.4995,0.7266
2015-12-16,1.505,0.7283
2015-12-15,1.5069,0.7252
2015-12-14,1.5106,0.726
2015-12-11,1.4962,0.7224
2015-12-10,1.4817,0.7235
2015-12-09,1.4847,0.7251
2015-12-08,1.4793,0.7271
2015-12-07,1.455,0.7177
2015-12-04,1.454,0.7201
2015-12-03,1.4213,0.7122
2015-12-02,1.4204,0.7059
2015-12-01,1.4118,0.7036
2015-11-30,1.4143,0.7048
2015-11-27,1.4121,0.7029
2015-11-26,1.4119,0.7028
2015-11-25,1.4108,0.70175
2015-11-24,1.4229,0.7062
2015-11-23,1.4222,0.7025
2015-11-20,1.4229,0.701
2015-11-19,1.4203,0.6998
2015-11-18,1.4223,0.7009
2015-11-17,1.42,0.7017
2015-11-16,1.4293,0.7058
2015-11-13,1.4322,0.70705
2015-11-12,1.4293,0.7064
2015-11-11,1.4213,0.706
2015-11-10,1.4204,0.7084
2015-11-09,1.4285,0.7141
2015-11-06,1.4342,0.71765
2015-11-05,1.432,0.7126
2015-11-04,1.4292,0.7094
2015-11-03,1.4406,0.71315
2015-11-02,1.445,0.7132
2015-10-30,1.4515,0.7182
2015-10-29,1.4411,0.7167
2015-10-28,1.4643,0.7248
2015-10-27,1.4622,0.7214
2015-10-26,1.4482,0.7184
2015-10-23,1.4483,0.71955
2015-10-22,1.4847,0.7314
2015-10-21,1.4764,0.7349
2015-10-20,1.4788,0.7352
2015-10-19,1.4671,0.7317
2015-10-16,1.4685,0.7356
2015-10-15,1.4756,0.7397
2015-10-14,1.4816,0.7418
2015-10-13,1.484,0.748
2015-10-12,1.4702,0.7401
2015-10-09,1.4698,0.7407
2015-10-08,1.4683,0.7366
2015-10-07,1.4649,0.7358
2015-10-06,1.4701,0.7399
2015-10-05,1.4735,0.7402
2015-10-02,1.4775,0.7358
2015-10-01,1.4799,0.7367
2015-09-30,1.5034,0.7385
2015-09-29,1.5,0.7391
2015-09-28,1.4921,0.7352
2015-09-25,1.4845,0.73475
2015-09-24,1.5039,0.7387
2015-09-23,1.479,0.7297
2015-09-22,1.4804,0.7223
2015-09-21,1.4831,0.7243
2015-09-18,1.4876,0.7298
2015-09-17,1.4925,0.72865
2015-09-16,1.4877,0.72665
2015-09-15,1.4984,0.7346
2015-09-14,1.4983,0.7334
2015-09-11,1.4945,0.7306
2015-09-10,1.4822,0.72655
2015-09-09,1.4757,0.7251
2015-09-08,1.4757,0.7244
2015-09-07,1.4802,0.73035
2015-09-04,1.4736,0.7315
2015-09-03,1.4893,0.7345
2015-09-02,1.4919,0.7369
2015-09-01,1.4856,0.7328
2015-08-31,1.4863,0.72753
2015-08-28,1.4954,0.7321
2015-08-27,1.4924,0.7312
2015-08-26,1.5125,0.7314
2015-08-25,1.5181,0.729
2015-08-24,1.5236,0.7302
2015-08-21,1.4787,0.7198
2015-08-20,1.4679,0.7138
2015-08-19,1.4431,0.7049
2015-08-18,1.4494,0.7042
2015-08-17,1.4581,0.7105
2015-08-14,1.4571,0.7145
2015-08-13,1.4455,0.7106
2015-08-12,1.4467,0.7149
2015-08-11,1.4454,0.7088
2015-08-10,1.4392,0.7071
2015-08-07,1.4313,0.7051
2015-08-06,1.4333,0.7014
2015-08-05,1.4334,0.6963
2015-08-04,1.4408,0.70275
2015-08-03,1.4404,0.7028
2015-07-31,1.431,0.7041
2015-07-30,1.422,0.701
2015-07-29,1.4289,0.7053
2015-07-28,1.4348,0.7074
2015-07-27,1.4409,0.7127
2015-07-24,1.432,0.7069
2015-07-23,1.4271,0.7044
2015-07-22,1.4167,0.6982
2015-07-21,1.4118,0.6987
2015-07-20,1.4091,0.6971
2015-07-17,1.4132,0.6983
2015-07-16,1.407,0.6981
2015-07-15,1.403,0.7045
2015-07-14,1.4076,0.7084
2015-07-13,1.4055,0.7115
2015-07-10,1.4212,0.7208
2015-07-09,1.4022,0.7176
2015-07-08,1.4048,0.7173
2015-07-07,1.3925,0.7077
2015-07-06,1.3914,0.708
2015-07-03,1.3961,0.7102
2015-07-02,1.3963,0.7103
2015-07-01,1.3902,0.70905
2015-06-30,1.3839,0.7114
2015-06-29,1.3776,0.7085
2015-06-26,1.3851,0.7123
2015-06-25,1.3878,0.7126
2015-06-24,1.3793,0.7118
2015-06-23,1.3825,0.7101
2015-06-22,1.3879,0.7169
2015-06-19,1.3865,0.7134
2015-06-18,1.3867,0.7167
2015-06-17,1.3887,0.717
2015-06-16,1.3843,0.7182
2015-06-15,1.3845,0.7234
2015-06-12,1.3804,0.7245
2015-06-11,1.3839,0.7266
2015-06-10,1.3801,0.7284
2015-06-09,1.3889,0.7354
2015-06-08,1.3879,0.7318
2015-06-05,1.4023,0.7317
2015-06-04,1.4089,0.7354
2015-06-03,1.3856,0.7275
2015-06-02,1.3784,0.7243
2015-06-01,1.3673,0.71925
2015-05-29,1.365,0.719
2015-05-28,1.3594,0.7124
2015-05-27,1.3531,0.707
2015-05-26,1.352,0.7096
2015-05-25,1.3496,0.71
2015-05-22,1.362,0.7138
2015-05-21,1.36,0.7099
2015-05-20,1.3578,0.7157
2015-05-19,1.3618,0.72185
2015-05-18,1.3733,0.727
2015-05-15,1.3636,0.7211
2015-05-14,1.3645,0.7231
2015-05-13,1.3436,0.7174
2015-05-12,1.3532,0.7164
2015-05-11,1.3497,0.7196
2015-05-08,1.3581,0.728
2015-05-07,1.3645,0.7425
2015-05-06,1.3487,0.7376
2015-05-05,1.344,0.735
2015-05-04,1.3512,0.73788
2015-04-30,1.348,0.7267
2015-04-29,1.3262,0.7161
2015-04-28,1.3188,0.715
2015-04-27,1.3155,0.7162
2015-04-24,1.3118,0.7159
2015-04-23,1.317,0.717
2015-04-22,1.3152,0.7129
2015-04-21,1.3085,0.7187
2015-04-20,1.3138,0.71955
2015-04-17,1.3183,0.7199
2015-04-16,1.318,0.7189
2015-04-15,1.3277,0.7168
2015-04-14,1.3292,0.7217
2015-04-13,1.3324,0.7215
2015-04-10,1.3386,0.7244
2015-04-09,1.3493,0.7268
2015-04-08,1.3487,0.7264
2015-04-07,1.3563,0.7286
2015-04-02,1.3693,0.7316
2015-04-01,1.3632,0.7285
2015-03-31,1.3738,0.7273
2015-03-30,1.3709,0.7328
2015-03-27,1.358,0.7298
2015-03-26,1.3653,0.7371
2015-03-25,1.3711,0.7365
2015-03-24,1.3649,0.7344
2015-03-23,1.3667,0.7318
2015-03-20,1.3655,0.7255
2015-03-19,1.3578,0.7183
2015-03-18,1.3583,0.723
2015-03-17,1.3585,0.71995
2015-03-16,1.3493,0.7131
2015-03-13,1.3462,0.71525
2015-03-12,1.3432,0.7091
2015-03-11,1.3432,0.70355
2015-03-10,1.3566,0.7128
2015-03-09,1.3674,0.7186
2015-03-06,1.3666,0.722
2015-03-05,1.377,0.7251
2015-03-04,1.3922,0.7259
2015-03-03,1.3981,0.7276
2015-03-02,1.4025,0.7294
2015-02-27,1.3995,0.7278
2015-02-26,1.4112,0.7301
2015-02-25,1.4116,0.7328
2015-02-24,1.4322,0.7344
2015-02-23,1.4256,0.7352
2015-02-20,1.4073,0.7348
2015-02-19,1.4257,0.7379
2015-02-18,1.4158,0.7372
2015-02-17,1.4125,0.7434
2015-02-16,1.4206,0.7421
2015-02-13,1.4235,0.7401
2015-02-12,1.4228,0.7376
2015-02-11,1.4268,0.7396
2015-02-10,1.4088,0.742
2015-02-09,1.4094,0.7415
2015-02-06,1.4246,0.7473
2015-02-05,1.429,0.7482
2015-02-04,1.4253,0.7516
2015-02-03,1.4316,0.75395
2015-02-02,1.4332,0.7526
2015-01-30,1.4323,0.7511
2015-01-29,1.4179,0.74775
2015-01-28,1.409,0.7466
2015-01-27,1.4085,0.74725
2015-01-26,1.4009,0.74895
2015-01-23,1.3937,0.7473
2015-01-22,1.4353,0.7644
2015-01-21,1.3999,0.7671
2015-01-20,1.391,0.7637
2015-01-19,1.3906,0.7664
2015-01-16,1.3946,0.7637
2015-01-15,1.3855,0.7672
2015-01-14,1.4089,0.7753
2015-01-13,1.4098,0.7767
2015-01-12,1.4043,0.7791
2015-01-09,1.3963,0.7799
2015-01-08,1.3905,0.7811
2015-01-07,1.3996,0.7823
2015-01-06,1.4014,0.7842
2015-01-05,1.4041,0.7827
2015-01-02,1.4069,0.78
2014-12-31,1.4063,0.7789
2014-12-30,1.4132,0.7823
2014-12-29,1.4183,0.7842
2014-12-24,1.4164,0.7865
2014-12-23,1.4213,0.7867
2014-12-22,1.4257,0.7849
2014-12-19,1.4239,0.7847
2014-12-18,1.4248,0.7865
2014-12-17,1.4482,0.7932
2014-12-16,1.4612,0.7965
2014-12-15,1.4407,0.7936
2014-12-12,1.4417,0.7925
2014-12-11,1.4281,0.7927
2014-12-10,1.4186,0.78975
2014-12-09,1.4166,0.79015
2014-12-08,1.4027,0.7845
2014-12-05,1.4085,0.7881
2014-12-04,1.3998,0.7861
2014-12-03,1.4034,0.7862
2014-12-02,1.4125,0.7936
2014-12-01,1.4213,0.7927
2014-11-28,1.4227,0.7953
2014-11-27,1.4039,0.792
2014-11-26,1.4057,0.79095
2014-11-25,1.4003,0.7929
2014-11-24,1.3961,0.7916
2014-11-21,1.3987,0.7921
2014-11-20,1.42,0.7989
2014-11-19,1.4226,0.79965
2014-11-18,1.413,0.7994
2014-11-17,1.4133,0.7989
2014-11-14,1.4155,0.7944
2014-11-13,1.4111,0.7912
2014-11-12,1.4109,0.788
2014-11-11,1.415,0.7836
2014-11-10,1.4124,0.7852
2014-11-07,1.4168,0.7834
2014-11-06,1.4281,0.78615
2014-11-05,1.4281,0.7843
2014-11-04,1.4286,0.7819
2014-11-03,1.41,0.78085
2014-10-31,1.412,0.78425
2014-10-30,1.4074,0.7872
2014-10-29,1.4192,0.79095
2014-10-28,1.4287,0.7881
2014-10-27,1.4261,0.7871
2014-10-24,1.4191,0.7887
2014-10-23,1.4208,0.7904
2014-10-22,1.4242,0.7909
2014-10-21,1.4356,0.79
2014-10-20,1.4381,0.7914
2014-10-17,1.4416,0.7955
2014-10-16,1.4446,0.797
2014-10-15,1.4405,0.7957
2014-10-14,1.4223,0.7945
2014-10-13,1.4216,0.788
2014-10-10,1.4151,0.7882
2014-10-09,1.418,0.7875
2014-10-08,1.4131,0.787
2014-10-07,1.4054,0.784
2014-10-06,1.4078,0.78575
2014-10-03,1.4108,0.78525
2014-10-02,1.4067,0.7824
2014-10-01,1.4139,0.7782
2014-09-30,1.4058,0.7773
2014-09-29,1.4172,0.7827
2014-09-26,1.4148,0.7807
2014-09-25,1.4136,0.7804
2014-09-24,1.4207,0.7823
2014-09-23,1.4185,0.786
2014-09-22,1.4135,0.7866
2014-09-19,1.4109,0.7865
2014-09-18,1.4159,0.7883
2014-09-17,1.4218,0.7936
2014-09-16,1.4297,0.7992
2014-09-15,1.4313,0.79495
2014-09-12,1.43,0.7966
2014-09-11,1.4236,0.7958
2014-09-10,1.4213,0.80125
2014-09-09,1.4163,0.8005
2014-09-08,1.4119,0.80235
2014-09-05,1.4085,0.79455
2014-09-04,1.416,0.7932
2014-09-03,1.4336,0.79855
2014-09-02,1.4307,0.7933
2014-09-01,1.4266,0.79025
2014-08-29,1.4314,0.7953
2014-08-28,1.429,0.7945
2014-08-27,1.4372,0.794
2014-08-26,1.4465,0.79605
2014-08-25,1.4457,0.79567
2014-08-22,1.4537,0.8003
2014-08-21,1.454,0.79925
2014-08-20,1.4549,0.7981
2014-08-19,1.4568,0.80265
2014-08-18,1.4559,0.8002
2014-08-15,1.4593,0.80215
2014-08-14,1.4565,0.8016
2014-08-13,1.4593,0.7997
2014-08-12,1.4614,0.7955
2014-08-11,1.4663,0.7976
2014-08-08,1.4614,0.7967
2014-08-07,1.4615,0.794
2014-08-06,1.4643,0.79285
2014-08-05,1.4655,0.7939
2014-08-04,1.466,0.7972
2014-08-01,1.4635,0.7961
2014-07-31,1.461,0.7928
2014-07-30,1.4572,0.7917
2014-07-29,1.4529,0.7924
2014-07-28,1.452,0.79055
2014-07-25,1.4472,0.79115
2014-07-24,1.4449,0.79215
2014-07-23,1.4436,0.7908
2014-07-22,1.4502,0.7905
2014-07-21,1.4524,0.7915
2014-07-18,1.4533,0.79155
2014-07-17,1.4537,0.7909
2014-07-16,1.4564,0.7903
2014-07-15,1.4611,0.7931
2014-07-14,1.4619,0.7966
2014-07-11,1.4466,0.7941
2014-07-10,1.4515,0.79505
2014-07-09,1.4506,0.79555
2014-07-08,1.4508,0.79385
2014-07-07,1.4466,0.79385
2014-07-04,1.4451,0.7926
2014-07-03,1.453,0.7965
2014-07-02,1.4535,0.7958
2014-07-01,1.4587,0.7981
2014-06-30,1.4589,0.8015
2014-06-27,1.4556,0.79965
2014-06-26,1.4577,0.7991
2014-06-25,1.462,0.80225
2014-06-24,1.4615,0.8015
2014-06-23,1.4594,0.7994
2014-06-20,1.4694,0.7975
2014-06-19,1.4749,0.79985
2014-06-18,1.4742,0.8005
2014-06-17,1.4742,0.7994
2014-06-16,1.4724,0.7974
2014-06-13,1.4683,0.7979
2014-06-12,1.469,0.8039
2014-06-11,1.4749,0.807
2014-06-10,1.4784,0.8075
2014-06-09,1.4861,0.80985
2014-06-06,1.4902,0.8108
2014-06-05,1.4842,0.8103
2014-06-04,1.4893,0.813
2014-06-03,1.4888,0.8147
2014-06-02,1.4786,0.8129
2014-05-30,1.4745,0.8131
2014-05-29,1.4774,0.8145
2014-05-28,1.4781,0.8125
2014-05-27,1.4796,0.811
2014-05-26,1.4812,0.8099
2014-05-23,1.4858,0.80935
2014-05-22,1.4915,0.8104
2014-05-21,1.4908,0.8094
2014-05-20,1.4921,0.814
2014-05-19,1.4904,0.8146
2014-05-16,1.4897,0.8148
2014-05-15,1.4845,0.8152
2014-05-14,1.4958,0.8177
2014-05-13,1.4935,0.81395
2014-05-12,1.4976,0.81515
2014-05-09,1.4925,0.81725
2014-05-08,1.5175,0.8233
2014-05-07,1.5164,0.8207
2014-05-06,1.5232,0.82115
2014-05-05,1.5242,0.82293
2014-05-02,1.52,0.8214
2014-04-30,1.5191,0.823
2014-04-29,1.5167,0.8222
2014-04-28,1.528,0.8228
2014-04-25,1.5239,0.82285
2014-04-24,1.5237,0.823
2014-04-23,1.5249,0.8239
2014-04-22,1.5218,0.8205
2014-04-17,1.5253,0.8243
2014-04-16,1.52,0.8239
2014-04-15,1.5171,0.8251
2014-04-14,1.5163,0.8274
2014-04-11,1.5216,0.8291
2014-04-10,1.5118,0.8272
2014-04-09,1.5082,0.82375
2014-04-08,1.5055,0.8242
2014-04-07,1.5084,0.8271
2014-04-04,1.51,0.8267
2014-04-03,1.5172,0.8297
2014-04-02,1.5191,0.828
2014-04-01,1.5241,0.8292
2014-03-31,1.5225,0.8282
2014-03-28,1.5187,0.8272
2014-03-27,1.5262,0.8277
2014-03-26,1.5398,0.8336
2014-03-25,1.5413,0.8348
2014-03-24,1.5448,0.8354
2014-03-21,1.5435,0.8357
2014-03-20,1.5507,0.83455
2014-03-19,1.5545,0.8368
2014-03-18,1.5355,0.8383
2014-03-17,1.5393,0.83675
2014-03-14,1.5393,0.83665
2014-03-13,1.5428,0.83545
2014-03-12,1.5465,0.8359
2014-03-11,1.539,0.8336
2014-03-10,1.5419,0.8338
2014-03-07,1.5261,0.8285
2014-03-06,1.5162,0.8234
2014-03-05,1.519,0.8217
2014-03-04,1.5244,0.8246
2014-03-03,1.5278,0.82305
2014-02-28,1.5357,0.82625
2014-02-27,1.52,0.82035
2014-02-26,1.523,0.8226
2014-02-25,1.5233,0.82395
2014-02-24,1.5243,0.82465
2014-02-21,1.5304,0.82183
2014-02-20,1.5189,0.822
2014-02-19,1.5051,0.8251
2014-02-18,1.5059,0.8233
2014-02-17,1.5015,0.81885
2014-02-14,1.5017,0.82035
2014-02-13,1.5047,0.8215
2014-02-12,1.493,0.8216
2014-02-11,1.5093,0.83075
2014-02-10,1.5063,0.8316
2014-02-07,1.5025,0.8314
2014-02-06,1.4925,0.82875
2014-02-05,1.4976,0.8322
2014-02-04,1.497,0.82905
2014-02-03,1.495,0.8259
2014-01-31,1.5131,0.82135
2014-01-30,1.5176,0.8238
2014-01-29,1.5173,0.8221
2014-01-28,1.521,0.82285
2014-01-27,1.508,0.82505
2014-01-24,1.5141,0.8291
2014-01-23,1.5199,0.82175
2014-01-22,1.4876,0.819
2014-01-21,1.4877,0.8239
2014-01-20,1.4838,0.8262
2014-01-17,1.49,0.8262
2014-01-16,1.4851,0.83215
2014-01-15,1.4905,0.8302
2014-01-14,1.4883,0.83145
2014-01-13,1.4897,0.8317
2014-01-10,1.4777,0.828
2014-01-09,1.478,0.82575
2014-01-08,1.4692,0.8277
2014-01-07,1.4585,0.83115
2014-01-06,1.4496,0.8303
2014-01-03,1.4468,0.83045
2014-01-02,1.452,0.8282
2013-12-31,1.4671,0.8337
2013-12-30,1.4764,0.8364
2013-12-27,1.4731,0.83665
2013-12-24,1.4519,0.83603
2013-12-23,1.4524,0.8377
2013-12-20,1.46,0.8348
2013-12-19,1.465,0.8349
2013-12-18,1.4621,0.8401
2013-12-17,1.4557,0.8456
2013-12-16,1.4579,0.84385
2013-12-13,1.4626,0.8437
2013-12-12,1.4571,0.8397
2013-12-11,1.4581,0.84025
2013-12-10,1.4604,0.83645
2013-12-09,1.4633,0.83765
2013-12-06,1.4548,0.8358
2013-12-05,1.4487,0.8313
2013-12-04,1.4484,0.83
2013-12-03,1.4465,0.8271
2013-12-02,1.4387,0.82605
2013-11-29,1.4394,0.83275
2013-11-28,1.4376,0.83215
2013-11-27,1.4382,0.83405
2013-11-26,1.4258,0.8383
2013-11-25,1.4272,0.8348
2013-11-22,1.4249,0.8344
2013-11-21,1.4109,0.835
2013-11-20,1.4145,0.83765
2013-11-19,1.4092,0.8385
2013-11-18,1.4081,0.8388
2013-11-15,1.4085,0.8377
2013-11-14,1.4106,0.83715
2013-11-13,1.4071,0.8399
2013-11-12,1.4097,0.8447
2013-11-11,1.4026,0.8381
2013-11-08,1.4042,0.83525
2013-11-07,1.394,0.8321
2013-11-06,1.4112,0.8403
2013-11-05,1.4073,0.8403
2013-11-04,1.4048,0.8456
2013-11-01,1.4082,0.84635
2013-10-31,1.4251,0.8502
2013-10-30,1.4364,0.8559
2013-10-29,1.4379,0.8567
2013-10-28,1.4396,0.8534
2013-10-25,1.438,0.8519
2013-10-24,1.4358,0.8537
2013-10-23,1.4189,0.8516
2013-10-22,1.4084,0.8476
2013-10-21,1.4069,0.8465
2013-10-18,1.4089,0.84515
2013-10-17,1.4069,0.8476
2013-10-16,1.4067,0.8459
2013-10-15,1.3975,0.84635
2013-10-14,1.4041,0.8483
2013-10-11,1.4094,0.849
2013-10-10,1.4053,0.8481
2013-10-09,1.4029,0.8464
2013-10-08,1.3994,0.84265
2013-10-07,1.401,0.8437
2013-10-04,1.4042,0.8469
2013-10-03,1.4053,0.8394
2013-10-02,1.3988,0.8341
2013-10-01,1.3962,0.8345
2013-09-30,1.3912,0.83605
2013-09-27,1.3967,0.84
2013-09-26,1.3909,0.8418
2013-09-25,1.3924,0.84165
2013-09-24,1.3857,0.84431
2013-09-23,1.3909,0.84115
2013-09-20,1.3898,0.8436
2013-09-19,1.3829,0.842
2013-09-18,1.3762,0.8358
2013-09-17,1.3774,0.8397
2013-09-16,1.3759,0.8385
2013-09-13,1.3739,0.8399
2013-09-12,1.3715,0.841
2013-09-11,1.3716,0.8414
2013-09-10,1.3684,0.8438
2013-09-09,1.3699,0.8413
2013-09-06,1.3682,0.842
2013-09-05,1.3837,0.8431
2013-09-04,1.3814,0.8438
2013-09-03,1.3864,0.8473
2013-09-02,1.3907,0.84775
2013-08-30,1.3936,0.85395
2013-08-29,1.3923,0.8549
2013-08-28,1.4001,0.8632
2013-08-27,1.404,0.8609
2013-08-26,1.4064,0.8585
2013-08-23,1.4114,0.8591
2013-08-22,1.3984,0.85505
2013-08-21,1.3966,0.85295
2013-08-20,1.3897,0.8549
2013-08-19,1.3786,0.8529
2013-08-16,1.3771,0.85325
2013-08-15,1.3732,0.8533
2013-08-14,1.3689,0.8544
2013-08-13,1.3715,0.85955
2013-08-12,1.3693,0.8586
2013-08-09,1.3762,0.86135
2013-08-08,1.3909,0.862
2013-08-07,1.3868,0.85955
2013-08-06,1.3778,0.86575
2013-08-05,1.3782,0.86425
2013-08-02,1.3734,0.87135
2013-08-01,1.363,0.8692
2013-07-31,1.3669,0.8735
2013-07-30,1.3629,0.86735
2013-07-29,1.3636,0.8634
2013-07-26,1.3638,0.86105
2013-07-25,1.3593,0.8637
2013-07-24,1.3604,0.8626
2013-07-23,1.362,0.85955
2013-07-22,1.3618,0.859
2013-07-19,1.3618,0.85995
2013-07-18,1.364,0.8609
2013-07-17,1.3656,0.86315
2013-07-16,1.3657,0.8693
2013-07-15,1.3568,0.8647
2013-07-12,1.3537,0.8627
2013-07-11,1.3572,0.8629
2013-07-10,1.3475,0.8602
2013-07-09,1.3558,0.865
2013-07-08,1.3567,0.8616
2013-07-05,1.3554,0.86055
2013-07-04,1.369,0.8598
2013-07-03,1.3664,0.8492
2013-07-02,1.3756,0.8579
2013-07-01,1.3714,0.85625
2013-06-28,1.3714,0.8572
2013-06-27,1.3599,0.8531
2013-06-26,1.3649,0.8482
2013-06-25,1.377,0.8486
2013-06-24,1.3797,0.85115
2013-06-21,1.3705,0.8533
2013-06-20,1.3651,0.8545
2013-06-19,1.3673,0.8558
2013-06-18,1.3635,0.8562
2013-06-17,1.3548,0.84755
2013-06-14,1.3524,0.8515
2013-06-13,1.3541,0.8495
2013-06-12,1.3489,0.84825
2013-06-11,1.3594,0.8539
2013-06-10,1.3455,0.8504
2013-06-07,1.3568,0.8513
2013-06-06,1.3529,0.8491
2013-06-05,1.3509,0.85105
2013-06-04,1.351,0.8558
2013-06-03,1.3455,0.8518
2013-05-31,1.3434,0.85365
2013-05-30,1.3433,0.8557
2013-05-29,1.3434,0.85695
2013-05-28,1.3383,0.8553
2013-05-27,1.3357,0.8556
2013-05-24,1.3369,0.85695
2013-05-23,1.3339,0.85515
2013-05-22,1.3315,0.8557
2013-05-21,1.3212,0.8491
2013-05-20,1.3212,0.8456
2013-05-17,1.322,0.84475
2013-05-16,1.314,0.8455
2013-05-15,1.3133,0.8464
2013-05-14,1.3157,0.84815
2013-05-13,1.3092,0.8441
2013-05-10,1.3113,0.8443
2013-05-09,1.3189,0.84435
2013-05-08,1.319,0.8469
2013-05-07,1.3175,0.8442
2013-05-06,1.3217,0.8431
2013-05-03,1.3263,0.8431
2013-05-02,1.3285,0.8466
2013-04-30,1.3213,0.8443
2013-04-29,1.3293,0.844
2013-04-26,1.3256,0.84
2013-04-25,1.3374,0.8458
2013-04-24,1.3345,0.8525
2013-04-23,1.335,0.85165
2013-04-22,1.3375,0.8563
2013-04-19,1.3443,0.8544
2013-04-18,1.3362,0.8548
2013-04-17,1.3469,0.8613
2013-04-16,1.3411,0.8569
2013-04-15,1.335,0.8529
2013-04-12,1.3207,0.8497
2013-04-11,1.3242,0.852
2013-04-10,1.329,0.8548
2013-04-09,1.3234,0.85175
2013-04-08,1.3244,0.85095
2013-04-05,1.3134,0.8491
2013-04-04,1.3012,0.84745
2013-04-03,1.301,0.8484
2013-04-02,1.3006,0.8469
2013-03-28,1.3021,0.8456
2013-03-27,1.2984,0.84515
2013-03-26,1.3103,0.849
2013-03-25,1.3199,0.8516
2013-03-22,1.3259,0.8528
2013-03-21,1.3211,0.85165
2013-03-20,1.3271,0.8552
2013-03-19,1.3265,0.85585
2013-03-18,1.3211,0.8562
2013-03-15,1.3352,0.864
2013-03-14,1.3279,0.8657
2013-03-13,1.3304,0.8678
2013-03-12,1.3392,0.8763
2013-03-11,1.3357,0.87335
2013-03-08,1.347,0.871
2013-03-07,1.3422,0.865
2013-03-06,1.3408,0.8644
2013-03-05,1.3379,0.8598
2013-03-04,1.338,0.864
2013-03-01,1.3437,0.8647
2013-02-28,1.3461,0.863
2013-02-27,1.3434,0.86405
2013-02-26,1.3418,0.8633
2013-02-25,1.3602,0.8789
2013-02-22,1.3458,0.86205
2013-02-21,1.3437,0.8642
2013-02-20,1.3567,0.8733
2013-02-19,1.3504,0.8631
2013-02-18,1.3439,0.8619
2013-02-15,1.336,0.8604
2013-02-14,1.3343,0.8594
2013-02-13,1.3518,0.866
2013-02-12,1.3512,0.8615
2013-02-11,1.3494,0.8535
2013-02-08,1.3361,0.84635
2013-02-07,1.3488,0.8624
2013-02-06,1.3493,0.8631
2013-02-05,1.3511,0.8599
2013-02-04,1.3509,0.8619
2013-02-01,1.3637,0.8617
2013-01-31,1.3577,0.857
2013-01-30,1.3573,0.8583
2013-01-29,1.351,0.8536
2013-01-28,1.3562,0.8545
2013-01-25,1.3553,0.8514
2013-01-24,1.3374,0.8439
2013-01-23,1.3222,0.8407
2013-01-22,1.3242,0.83965
2013-01-21,1.323,0.839
2013-01-18,1.3192,0.8372
2013-01-17,1.3193,0.8341
2013-01-16,1.3102,0.8301
2013-01-15,1.3142,0.83025
2013-01-14,1.3158,0.8312
2013-01-11,1.306,0.8232
2013-01-10,1.2928,0.8172
2013-01-09,1.2893,0.81505
2013-01-08,1.2899,0.8145
2013-01-07,1.2871,0.8117
2013-01-04,1.2897,0.8123
2013-01-03,1.2923,0.81075
2013-01-02,1.306,0.814
2012-12-31,1.3137,0.8161
2012-12-28,1.3122,0.81695
2012-12-27,1.3156,0.8199
2012-12-24,1.3124,0.8175
2012-12-21,1.309,0.8142
2012-12-20,1.3106,0.8146
2012-12-19,1.3126,0.8161
2012-12-18,1.2972,0.8128
2012-12-17,1.299,0.812
2012-12-14,1.2878,0.8115
2012-12-13,1.2852,0.81005
2012-12-12,1.285,0.80775
2012-12-11,1.282,0.8074
2012-12-10,1.2761,0.8044
2012-12-07,1.2806,0.8061
2012-12-06,1.2961,0.81135
2012-12-05,1.296,0.8119
2012-12-04,1.3013,0.8123
2012-12-03,1.2964,0.8121
2012-11-30,1.2904,0.8108
2012-11-29,1.2886,0.81053
2012-11-28,1.2823,0.80687
2012-11-27,1.2846,0.8081
2012-11-26,1.2884,0.80995
2012-11-23,1.2865,0.8101
2012-11-22,1.2841,0.8077
2012-11-21,1.2774,0.8037
2012-11-20,1.2755,0.80465
2012-11-19,1.2744,0.8032
2012-11-16,1.2753,0.80245
2012-11-15,1.2782,0.80545
2012-11-14,1.2741,0.8026
2012-11-13,1.2709,0.79965
2012-11-12,1.2725,0.802
2012-11-09,1.273,0.79725
2012-11-08,1.269,0.79655
2012-11-07,1.2662,0.7984
2012-11-06,1.2722,0.80095
2012-11-05,1.2732,0.7999
2012-11-02,1.2783,0.8016
2012-11-01,1.2969,0.80315
2012-10-31,1.3005,0.80645
2012-10-30,1.2961,0.8062
2012-10-29,1.2895,0.80455
2012-10-26,1.2865,0.8012
2012-10-25,1.2884,0.8049
2012-10-24,1.2807,0.8083
2012-10-23,1.2961,0.81365
2012-10-22,1.2987,0.8145
2012-10-19,1.2885,0.81275
2012-10-18,1.2843,0.8119
2012-10-17,1.2915,0.8115
2012-10-16,1.287,0.8097
2012-10-15,1.2682,0.80745
2012-10-12,1.2678,0.8065
2012-10-11,1.2645,0.80525
2012-10-10,1.2594,0.80495
2012-10-09,1.2632,0.8079
2012-10-08,1.2683,0.8084
2012-10-05,1.275,0.80325
2012-10-04,1.2783,0.80395
2012-10-03,1.2727,0.80085
2012-10-02,1.2693,0.8006
2012-10-01,1.2667,0.7983
2012-09-28,1.2684,0.79805
2012-09-27,1.2658,0.7939
2012-09-26,1.2633,0.7949
2012-09-25,1.2677,0.7965
2012-09-24,1.2668,0.7968
2012-09-21,1.2654,0.7987
2012-09-20,1.2678,0.80017
2012-09-19,1.2672,0.8027
2012-09-18,1.2732,0.8035
2012-09-17,1.2733,0.80695
2012-09-14,1.2628,0.80745
2012-09-13,1.2599,0.80145
2012-09-12,1.2566,0.8017
2012-09-11,1.2429,0.7978
2012-09-10,1.2486,0.7997
2012-09-07,1.2472,0.7967
2012-09-06,1.247,0.7936
2012-09-05,1.2422,0.79035
2012-09-04,1.239,0.7921
2012-09-03,1.24,0.7912
2012-08-31,1.2487,0.79525
2012-08-30,1.2434,0.7911
2012-08-29,1.2402,0.7918
2012-08-28,1.2389,0.7947
2012-08-27,1.2403,0.79244
2012-08-24,1.2424,0.7896
2012-08-23,1.2438,0.7911
2012-08-22,1.2355,0.78785
2012-08-21,1.225,0.78835
2012-08-20,1.2167,0.78345
2012-08-17,1.2195,0.78515
2012-08-16,1.2139,0.78195
2012-08-15,1.2175,0.7826
2012-08-14,1.2251,0.786
2012-08-13,1.2235,0.78615
2012-08-10,1.2192,0.7861
2012-08-09,1.223,0.7871
2012-08-08,1.2309,0.7888
2012-08-07,1.2409,0.7934
2012-08-06,1.2385,0.795
2012-08-03,1.2282,0.78745
2012-08-02,1.2373,0.7904
2012-08-01,1.232,0.7875
2012-07-31,1.2312,0.78395
2012-07-30,1.2297,0.77985
2012-07-27,1.2407,0.78295
2012-07-26,1.2356,0.7828
2012-07-25,1.236,0.7832
2012-07-24,1.2307,0.7785
2012-07-23,1.2314,0.7798
2012-07-20,1.2323,0.77835
2012-07-19,1.2375,0.783
2012-07-18,1.2399,0.784
2012-07-17,1.2463,0.78615
2012-07-16,1.2367,0.7844
2012-07-13,1.2391,0.7875
2012-07-12,1.2461,0.7886
2012-07-11,1.2493,0.78815
2012-07-10,1.251,0.7921
2012-07-09,1.2554,0.7936
2012-07-06,1.2559,0.7965
2012-07-05,1.258,0.7984
2012-07-04,1.2726,0.8032
2012-07-03,1.2781,0.80275
2012-07-02,1.2808,0.8041
2012-06-29,1.2871,0.8068
2012-06-28,1.2764,0.79885
2012-06-27,1.2796,0.7999
2012-06-26,1.2824,0.7996
2012-06-25,1.2861,0.80285
2012-06-22,1.2893,0.8042
2012-06-21,1.2907,0.80695
2012-06-20,1.2919,0.806
2012-06-19,1.2889,0.8052
2012-06-18,1.2944,0.806
2012-06-15,1.2901,0.8119
2012-06-14,1.2885,0.8092
2012-06-13,1.286,0.8063
2012-06-12,1.2852,0.80385
2012-06-11,1.2855,0.8077
2012-06-08,1.2894,0.80795
2012-06-07,1.2892,0.8086
2012-06-06,1.2909,0.8063
2012-06-05,1.293,0.81005
2012-06-04,1.2923,0.80845
2012-06-01,1.2794,0.805
2012-05-31,1.2761,0.7999
2012-05-30,1.2784,0.79775
2012-05-29,1.2835,0.7994
2012-05-28,1.2871,0.8001
2012-05-25,1.289,0.8003
2012-05-24,1.2877,0.80095
2012-05-23,1.294,0.8044
2012-05-22,1.2977,0.8087
2012-05-21,1.3047,0.8075
2012-05-18,1.2939,0.8042
2012-05-17,1.2858,0.8008
2012-05-16,1.2832,0.79925
2012-05-15,1.2855,0.8001
2012-05-14,1.2911,0.8
2012-05-11,1.2997,0.8033
2012-05-10,1.2945,0.8018
2012-05-09,1.3007,0.80495
2012-05-08,1.2968,0.80645
2012-05-07,1.2983,0.80647
2012-05-04,1.2986,0.81195
2012-05-03,1.2917,0.81125
2012-05-02,1.2977,0.81205
2012-04-30,1.2985,0.81295
2012-04-27,1.2996,0.8153
2012-04-26,1.2968,0.8164
2012-04-25,1.3016,0.8194
2012-04-24,1.302,0.8154
2012-04-23,1.3094,0.8166
2012-04-20,1.3075,0.81875
2012-04-19,1.2971,0.8171
2012-04-18,1.2966,0.81915
2012-04-17,1.3082,0.8234
2012-04-16,1.3029,0.8227
2012-04-13,1.3068,0.8248
2012-04-12,1.3132,0.8247
2012-04-11,1.3166,0.82595
2012-04-10,1.3092,0.8269
2012-04-05,1.3042,0.8242
2012-04-04,1.3079,0.8285
2012-04-03,1.3206,0.83255
2012-04-02,1.33,0.83105
2012-03-30,1.3311,0.8339
2012-03-29,1.3271,0.8358
2012-03-28,1.3289,0.839
2012-03-27,1.3233,0.8359
2012-03-26,1.3223,0.8352
2012-03-23,1.3263,0.8363
2012-03-22,1.3151,0.8333
2012-03-21,1.3093,0.83495
2012-03-20,1.3098,0.8322
2012-03-19,1.3037,0.82845
2012-03-16,1.299,0.8295
2012-03-15,1.296,0.83345
2012-03-14,1.2927,0.8314
2012-03-13,1.2953,0.83575
2012-03-12,1.3026,0.8392
2012-03-09,1.3091,0.83595
2012-03-08,1.3178,0.83865
2012-03-07,1.314,0.8349
2012-03-06,1.3137,0.83255
2012-03-05,1.3129,0.83465
2012-03-02,1.3044,0.8327
2012-03-01,1.312,0.8349
2012-02-29,1.3282,0.8439
2012-02-28,1.3396,0.8479
2012-02-27,1.3432,0.845
2012-02-24,1.3393,0.84815
2012-02-23,1.3259,0.8461
2012-02-22,1.321,0.8442
2012-02-21,1.3172,0.8364
2012-02-20,1.3159,0.8364
2012-02-17,1.3093,0.8311
2012-02-16,1.3026,0.82845
2012-02-15,1.3053,0.8348
2012-02-14,1.3162,0.83765
2012-02-13,1.3222,0.83885
2012-02-10,1.3225,0.8363
2012-02-09,1.3219,0.83665
2012-02-08,1.3199,0.83495
2012-02-07,1.3088,0.8302
2012-02-06,1.3019,0.8281
2012-02-03,1.3189,0.8322
2012-02-02,1.3097,0.82765
2012-02-01,1.3161,0.8312
2012-01-31,1.3134,0.8351
2012-01-30,1.3185,0.8358
2012-01-27,1.3129,0.83685
2012-01-26,1.3166,0.838
2012-01-25,1.3114,0.83205
2012-01-24,1.3164,0.8346
2012-01-23,1.3129,0.83625
2012-01-20,1.3076,0.8339
2012-01-19,1.3012,0.8356
2012-01-18,1.3002,0.83385
2012-01-17,1.2949,0.83045
2012-01-16,1.2929,0.82745
2012-01-13,1.3019,0.8332
2012-01-12,1.2946,0.83055
2012-01-11,1.2928,0.8259
2012-01-10,1.3021,0.8282
2012-01-09,1.3086,0.824
2012-01-06,1.3051,0.8264
2012-01-05,1.3039,0.82675
2012-01-04,1.3153,0.8311
2012-01-03,1.317,0.8351
2012-01-02,1.3195,0.83514
2011-12-30,1.3215,0.8353
2011-12-29,1.3189,0.836
2011-12-28,1.3269,0.8342
2011-12-27,1.3322,0.8335
2011-12-23,1.3309,0.8331
2011-12-22,1.3369,0.8325
2011-12-21,1.3422,0.8323
2011-12-20,1.3508,0.8368
2011-12-19,1.3505,0.8398
2011-12-16,1.3497,0.84055
2011-12-15,1.348,0.83935
2011-12-14,1.3475,0.839
2011-12-13,1.3528,0.84625
2011-12-12,1.3576,0.848
2011-12-09,1.3674,0.85315
2011-12-08,1.3523,0.8528
2011-12-07,1.3517,0.85745
2011-12-06,1.364,0.85655
2011-12-05,1.3644,0.85925
2011-12-02,1.3695,0.8602
2011-12-01,1.3736,0.8591
2011-11-30,1.3678,0.8558
2011-11-29,1.3717,0.85365
2011-11-28,1.3802,0.8582
2011-11-25,1.3912,0.85585
2011-11-24,1.3964,0.8606
2011-11-23,1.3964,0.8603
2011-11-22,1.4059,0.8657
2011-11-21,1.3937,0.86
2011-11-18,1.3879,0.85805
2011-11-17,1.3821,0.854
2011-11-16,1.3831,0.8543
2011-11-15,1.3866,0.85345
2011-11-14,1.3886,0.8566
2011-11-11,1.3906,0.8568
2011-11-10,1.3892,0.85335
2011-11-09,1.3908,0.85385
2011-11-08,1.3974,0.85805
2011-11-07,1.3981,0.85655
2011-11-04,1.404,0.86125
2011-11-03,1.3874,0.8593
2011-11-02,1.3977,0.8619
2011-11-01,1.3855,0.85515
2011-10-31,1.393,0.8731
2011-10-28,1.4072,0.87935
2011-10-27,1.3964,0.8763
2011-10-26,1.4114,0.8719
2011-10-25,1.3926,0.8701
2011-10-24,1.3938,0.8691
2011-10-21,1.3957,0.86775
2011-10-20,1.4015,0.875
2011-10-19,1.3981,0.87495
2011-10-18,1.4018,0.8702
2011-10-17,1.3955,0.874
2011-10-14,1.401,0.8748
2011-10-13,1.403,0.87585
2011-10-12,1.3996,0.87535
2011-10-11,1.3988,0.8702
2011-10-10,1.3986,0.8689
2011-10-07,1.3911,0.8648
2011-10-06,1.389,0.8668
2011-10-05,1.4025,0.863
2011-10-04,1.3923,0.8565
2011-10-03,1.3967,0.8596
2011-09-30,1.4105,0.86665
2011-09-29,1.4049,0.87065
2011-09-28,1.3972,0.87175
2011-09-27,1.3842,0.8698
2011-09-26,1.3889,0.8696
2011-09-23,1.3856,0.87235
2011-09-22,1.3894,0.87325
2011-09-21,1.3594,0.8731
2011-09-20,1.358,0.8723
2011-09-19,1.3423,0.8681
2011-09-16,1.3562,0.8717
2011-09-15,1.3635,0.87295
2011-09-14,1.3583,0.8695
2011-09-13,1.3545,0.86315
2011-09-12,1.3668,0.86015
2011-09-09,1.3718,0.8659
2011-09-08,1.3825,0.8767
2011-09-07,1.3877,0.878
2011-09-06,1.3992,0.8771
2011-09-05,1.3968,0.8751
2011-09-02,1.3944,0.8789
2011-09-01,1.3954,0.8812
2011-08-31,1.4141,0.8856
2011-08-30,1.4101,0.88365
2011-08-29,1.4157,0.8846
2011-08-26,1.4241,0.88565
2011-08-25,1.4219,0.8812
2011-08-24,1.4266,0.8771
2011-08-23,1.426,0.876
2011-08-22,1.4194,0.87365
2011-08-19,1.4189,0.86965
2011-08-18,1.4175,0.8706
2011-08-17,1.4167,0.8776
2011-08-16,1.4165,0.8785
2011-08-15,1.4112,0.877
2011-08-12,1.4063,0.87635
2011-08-11,1.4091,0.8757
2011-08-10,1.4133,0.8843
2011-08-09,1.4143,0.8731
2011-08-08,1.4029,0.8691
2011-08-05,1.3899,0.86905
2011-08-04,1.3829,0.87145
2011-08-03,1.3724,0.87255
2011-08-02,1.362,0.8718
2011-08-01,1.3713,0.87955
2011-07-29,1.3556,0.87485
2011-07-28,1.3521,0.8739
2011-07-27,1.3625,0.8831
2011-07-26,1.3623,0.88235
2011-07-25,1.3599,0.8825
2011-07-22,1.3658,0.8827
2011-07-21,1.3447,0.8787
2011-07-20,1.3451,0.88065
2011-07-19,1.3534,0.8789
2011-07-18,1.3472,0.87315
2011-07-15,1.3549,0.8775
2011-07-14,1.36,0.88095
2011-07-13,1.3527,0.8823
2011-07-12,1.3584,0.88265
2011-07-11,1.3627,0.8807
2011-07-08,1.3645,0.8932
2011-07-07,1.3738,0.8921
2011-07-06,1.3833,0.89485
2011-07-05,1.3929,0.8984
2011-07-04,1.3919,0.9015
2011-07-01,1.3964,0.905
2011-06-30,1.3951,0.90255
2011-06-29,1.4037,0.8998
2011-06-28,1.407,0.8942
2011-06-27,1.4056,0.8897
2011-06-24,1.3961,0.88855
2011-06-23,1.3845,0.8896
2011-06-22,1.4007,0.8931
2011-06-21,1.4023,0.8867
2011-06-20,1.4004,0.8795
2011-06-17,1.3967,0.8826
2011-06-16,1.3929,0.8753
2011-06-15,1.3862,0.8797
2011-06-14,1.4074,0.881
2011-06-13,1.4031,0.8806
2011-06-10,1.4075,0.8884
2011-06-09,1.4298,0.8894
2011-06-08,1.4332,0.8929
2011-06-07,1.4297,0.89245
2011-06-06,1.4317,0.8903
2011-06-03,1.4177,0.8875
2011-06-02,1.4135,0.88295
2011-06-01,1.3948,0.87705
2011-05-31,1.3985,0.87205
2011-05-30,1.3927,0.8671
2011-05-27,1.3925,0.86685
2011-05-26,1.3855,0.8685
2011-05-25,1.3768,0.8672
2011-05-24,1.378,0.87285
2011-05-23,1.3725,0.86975
2011-05-20,1.3799,0.87705
2011-05-19,1.3804,0.8813
2011-05-18,1.386,0.88065
2011-05-17,1.3818,0.8729
2011-05-16,1.3781,0.8725
2011-05-13,1.3753,0.87795
2011-05-12,1.3677,0.87015
2011-05-11,1.3701,0.87075
2011-05-10,1.3777,0.8779
2011-05-09,1.3884,0.87925
2011-05-06,1.3978,0.8839
2011-05-05,1.4303,0.89865
2011-05-04,1.4175,0.8999
2011-05-03,1.4096,0.89695
2011-05-02,1.4088,0.8892
2011-04-29,1.4102,0.8917
2011-04-28,1.4065,0.8888
2011-04-27,1.3968,0.8864
2011-04-26,1.3929,0.88715
2011-04-21,1.3826,0.8813
2011-04-20,1.3808,0.8867
2011-04-19,1.3694,0.878
2011-04-18,1.3771,0.8775
2011-04-15,1.3934,0.8838
2011-04-14,1.3906,0.8825
2011-04-13,1.3938,0.8898
2011-04-12,1.3864,0.88845
2011-04-11,1.3812,0.8836
2011-04-08,1.3741,0.88095
2011-04-07,1.3695,0.8759
2011-04-06,1.3714,0.8775
2011-04-05,1.3676,0.87285
2011-04-04,1.3719,0.88095
2011-04-01,1.3686,0.8815
2011-03-31,1.3785,0.8837
2011-03-30,1.3674,0.8789
2011-03-29,1.3737,0.88145
2011-03-28,1.3733,0.87825
2011-03-25,1.3778,0.8778
2011-03-24,1.3816,0.8741
2011-03-23,1.389,0.8699
2011-03-22,1.3911,0.8678
2011-03-21,1.386,0.8717
2011-03-18,1.3894,0.8738
2011-03-17,1.3808,0.86745
2011-03-16,1.374,0.8673
2011-03-15,1.3779,0.8674
2011-03-14,1.3597,0.8659
2011-03-11,1.3488,0.8612
2011-03-10,1.3416,0.85655
2011-03-09,1.3481,0.859
2011-03-08,1.3539,0.8605
2011-03-07,1.3616,0.861
2011-03-04,1.3575,0.85805
2011-03-03,1.3469,0.8513
2011-03-02,1.3454,0.8478
2011-03-01,1.3408,0.8494
2011-02-28,1.3535,0.8528
2011-02-25,1.3487,0.8553
2011-02-24,1.355,0.8513
2011-02-23,1.3629,0.8459
2011-02-22,1.3491,0.84584
2011-02-21,1.3444,0.8425
2011-02-18,1.3398,0.8395
2011-02-17,1.3327,0.8409
2011-02-16,1.3328,0.8419
2011-02-15,1.3317,0.8375
2011-02-14,1.328,0.84
2011-02-11,1.3464,0.8457
2011-02-10,1.3572,0.8478
2011-02-09,1.3573,0.85
2011-02-08,1.3502,0.8486
2011-02-07,1.338,0.8402
2011-02-04,1.3448,0.8472
2011-02-03,1.3596,0.84865
2011-02-02,1.3649,0.8519
2011-02-01,1.3717,0.8536
2011-01-31,1.3679,0.8609
2011-01-28,1.3644,0.8609
2011-01-27,1.3651,0.85955
2011-01-26,1.363,0.86325
2011-01-25,1.3595,0.862
2011-01-24,1.3498,0.8516
2011-01-21,1.3475,0.84825
2011-01-20,1.3463,0.8436
2011-01-19,1.3388,0.8433
2011-01-18,1.3182,0.83565
2011-01-17,1.3139,0.8361
2011-01-14,1.33,0.8422
2011-01-13,1.3052,0.83575
2011-01-12,1.2784,0.83155
2011-01-11,1.2839,0.8319
2011-01-10,1.285,0.8318
2011-01-07,1.2867,0.8383
2011-01-06,1.3011,0.8445
2011-01-05,1.3218,0.8483
2011-01-04,1.333,0.85875
2011-01-03,1.3232,0.86131
2010-12-31,1.3322,0.86075
2010-12-30,1.3275,0.8602
2010-12-29,1.3155,0.8539
2010-12-28,1.3221,0.85345
2010-12-27,1.324,0.8523
2010-12-24,1.3236,0.8496
2010-12-23,1.3273,0.8482
2010-12-22,1.3322,0.8492
2010-12-21,1.341,0.8503
2010-12-20,1.3316,0.8462
2010-12-17,1.3358,0.85185
2010-12-16,1.3297,0.84795
2010-12-15,1.344,0.8529
2010-12-14,1.3531,0.84865
2010-12-13,1.3359,0.84375
2010-12-10,1.3371,0.83715
2010-12-09,1.3354,0.8382
2010-12-08,1.3361,0.8367
2010-12-07,1.3386,0.8467
2010-12-06,1.3366,0.8472
2010-12-03,1.3269,0.848
2010-12-02,1.3291,0.8445
2010-12-01,1.336,0.8393
2010-11-30,1.3306,0.83765
2010-11-29,1.3429,0.844
2010-11-26,1.3523,0.8447
2010-11-25,1.3454,0.84645
2010-11-24,1.3556,0.8438
2010-11-23,1.3799,0.84795
2010-11-22,1.3865,0.8549
2010-11-19,1.3957,0.8552
2010-11-18,1.3895,0.8522
2010-11-17,1.3778,0.84895
2010-11-16,1.3817,0.851
2010-11-15,1.3749,0.8479
2010-11-12,1.3851,0.8507
2010-11-11,1.3742,0.8491
2010-11-10,1.3832,0.85685
2010-11-09,1.3931,0.86235
2010-11-08,1.396,0.8627
2010-11-05,1.41,0.8679
2010-11-04,1.4269,0.87585
2010-11-03,1.4136,0.8703
2010-11-02,1.4168,0.8749
2010-11-01,1.416,0.86675
2010-10-29,1.415,0.8686
2010-10-28,1.4195,0.8704
2010-10-27,1.421,0.87235
2010-10-26,1.4245,0.87685
2010-10-25,1.4291,0.89255
2010-10-22,1.4299,0.8873
2010-10-21,1.43,0.8902
2010-10-20,1.426,0.882
2010-10-19,1.4217,0.8806
2010-10-18,1.4192,0.8747
2010-10-15,1.4165,0.8775
2010-10-14,1.4088,0.8792
2010-10-13,1.3999,0.8812
2010-10-12,1.4023,0.8736
2010-10-11,1.41,0.8746
2010-10-08,1.4168,0.8751
2010-10-07,1.412,0.87465
2010-10-06,1.4018,0.8726
2010-10-05,1.407,0.8667
2010-10-04,1.3998,0.8656
2010-10-01,1.4085,0.8676
2010-09-30,1.4073,0.85995
2010-09-29,1.3978,0.8618
2010-09-28,1.3897,0.84985
2010-09-27,1.3795,0.8504
2010-09-24,1.3801,0.85345
2010-09-23,1.3795,0.8505
2010-09-22,1.3678,0.8553
2010-09-21,1.3536,0.84545
2010-09-20,1.3487,0.8383
2010-09-17,1.341,0.83575
2010-09-16,1.3423,0.8372
2010-09-15,1.3335,0.8355
2010-09-14,1.3199,0.8343
2010-09-13,1.3185,0.8312
2010-09-10,1.3118,0.8234
2010-09-09,1.3131,0.8258
2010-09-08,1.331,0.82205
2010-09-07,1.3286,0.8316
2010-09-06,1.332,0.83825
2010-09-03,1.3561,0.8332
2010-09-02,1.3451,0.83275
2010-09-01,1.356,0.83105
2010-08-31,1.3489,0.8248
2010-08-30,1.3333,0.8165
2010-08-27,1.3487,0.8206
2010-08-26,1.3425,0.81745
2010-08-25,1.3449,0.8185
2010-08-24,1.3409,0.8193
2010-08-23,1.3292,0.8169
2010-08-20,1.3326,0.8191
2010-08-19,1.318,0.82055
2010-08-18,1.3236,0.8233
2010-08-17,1.3341,0.823
2010-08-16,1.3366,0.8211
2010-08-13,1.3329,0.8212
2010-08-12,1.3398,0.8206
2010-08-11,1.3504,0.8278
2010-08-10,1.3595,0.8352
2010-08-09,1.3633,0.8304
2010-08-06,1.3467,0.8301
2010-08-05,1.3358,0.8293
2010-08-04,1.3508,0.8284
2010-08-03,1.3543,0.8298
2010-08-02,1.3372,0.826
2010-07-30,1.3454,0.8349
2010-07-29,1.3504,0.8367
2010-07-28,1.3391,0.83395
2010-07-27,1.3382,0.8382
2010-07-26,1.3395,0.83425
2010-07-23,1.3386,0.8372
2010-07-22,1.3388,0.8428
2010-07-21,1.3284,0.83945
2010-07-20,1.3583,0.84745
2010-07-19,1.3667,0.8483
2010-07-16,1.3586,0.84535
2010-07-15,1.3201,0.83565
2010-07-14,1.3157,0.8343
2010-07-13,1.2978,0.8318
2010-07-12,1.2986,0.8363
2010-07-09,1.3072,0.836
2010-07-08,1.3213,0.8356
2010-07-07,1.3311,0.8319
2010-07-06,1.3339,0.8295
2010-07-05,1.3343,0.8275
2010-07-02,1.334,0.8252
2010-07-01,1.3124,0.82215
2010-06-30,1.289,0.81745
2010-06-29,1.2812,0.8104
2010-06-28,1.2757,0.82
2010-06-25,1.2799,0.8236
2010-06-24,1.281,0.8185
2010-06-23,1.268,0.8229
2010-06-22,1.2533,0.834
2010-06-21,1.2601,0.8341
2010-06-18,1.2723,0.8357
2010-06-17,1.2668,0.8349
2010-06-16,1.2631,0.83085
2010-06-15,1.2629,0.832
2010-06-14,1.2583,0.8308
2010-06-11,1.2501,0.8293
2010-06-10,1.2486,0.8252
2010-06-09,1.2529,0.8259
2010-06-08,1.2576,0.82805
2010-06-07,1.2672,0.8246
2010-06-04,1.2595,0.82745
2010-06-03,1.2734,0.8357
2010-06-02,1.2848,0.83345
2010-06-01,1.2766,0.8347
2010-05-31,1.2894,0.84863
2010-05-28,1.2954,0.84995
2010-05-27,1.2919,0.84625
2010-05-26,1.309,0.8547
2010-05-25,1.3204,0.85205
2010-05-24,1.3095,0.8608
2010-05-21,1.3407,0.87035
2010-05-20,1.312,0.8644
2010-05-19,1.2837,0.85805
2010-05-18,1.276,0.85895
2010-05-17,1.2792,0.8554
2010-05-14,1.2832,0.8571
2010-05-13,1.278,0.853
2010-05-12,1.289,0.8494
2010-05-11,1.3031,0.8596
2010-05-10,1.3249,0.86405
2010-05-07,1.3229,0.86805
2010-05-06,1.3142,0.84295
2010-05-05,1.328,0.8551
2010-05-04,1.3329,0.86325
2010-05-03,1.3422,0.868
2010-04-30,1.3379,0.8703
2010-04-29,1.3292,0.86785
2010-04-28,1.3402,0.8708
2010-04-27,1.334,0.86705
2010-04-26,1.331,0.8624
2010-04-23,1.3337,0.8673
2010-04-22,1.3341,0.86675
2010-04-21,1.3335,0.869
2010-04-20,1.3665,0.8765
2010-04-19,1.368,0.8805
2010-04-16,1.3567,0.8771
2010-04-15,1.3536,0.87735
2010-04-14,1.3571,0.8814
2010-04-13,1.363,0.8812
2010-04-12,1.3688,0.8825
2010-04-09,1.3466,0.872
2010-04-08,1.3407,0.875
2010-04-07,1.3363,0.87885
2010-04-06,1.3408,0.8824
2010-04-01,1.3622,0.88485
2010-03-31,1.3687,0.8898
2010-03-30,1.3731,0.8933
2010-03-29,1.375,0.8994
2010-03-26,1.3721,0.9004
2010-03-25,1.359,0.8944
2010-03-24,1.3651,0.8946
2010-03-23,1.3777,0.9005
2010-03-22,1.3788,0.899
2010-03-19,1.3666,0.8945
2010-03-18,1.3801,0.894
2010-03-17,1.3902,0.8962
2010-03-16,1.3944,0.9069
2010-03-15,1.3972,0.9105
2010-03-12,1.4013,0.9083
2010-03-11,1.4027,0.9086
2010-03-10,1.3969,0.9114
2010-03-09,1.3962,0.9064
2010-03-08,1.4023,0.9024
2010-03-05,1.4011,0.9025
2010-03-04,1.4071,0.905
2010-03-03,1.4097,0.9057
2010-03-02,1.4029,0.90635
2010-03-01,1.4266,0.9067
2010-02-26,1.4354,0.8927
2010-02-25,1.4278,0.8809
2010-02-24,1.4306,0.8775
2010-02-23,1.4172,0.8802
2010-02-22,1.4133,0.8797
2010-02-19,1.4215,0.8783
2010-02-18,1.4177,0.8704
2010-02-17,1.4306,0.869
2010-02-16,1.4264,0.8705
2010-02-15,1.4253,0.8676
2010-02-12,1.4269,0.8691
2010-02-11,1.4502,0.8775
2010-02-10,1.4667,0.8798
2010-02-09,1.468,0.8804
2010-02-08,1.464,0.8761
2010-02-05,1.4698,0.87325
2010-02-04,1.4701,0.8731
2010-02-03,1.4832,0.8762
2010-02-02,1.4768,0.87375
2010-02-01,1.4868,0.87485
2010-01-29,1.4924,0.86655
2010-01-28,1.4824,0.8616
2010-01-27,1.4973,0.86725
2010-01-26,1.4965,0.8733
2010-01-25,1.4996,0.8773
2010-01-22,1.4891,0.8763
2010-01-21,1.474,0.87
2010-01-20,1.4771,0.8692
2010-01-19,1.4723,0.8743
2010-01-18,1.4741,0.8795
2010-01-15,1.4752,0.88105
2010-01-14,1.4942,0.8905
2010-01-13,1.5065,0.8946
2010-01-12,1.4959,0.8972
2010-01-11,1.4928,0.8989
2010-01-08,1.4781,0.8934
2010-01-07,1.4789,0.8996
2010-01-06,1.492,0.8986
2010-01-05,1.4952,0.90045
2010-01-04,1.4953,0.8914
2009-12-31,1.5128,0.8881
2009-12-30,1.5039,0.904
2009-12-29,1.4999,0.9027
2009-12-28,1.5069,0.90143
2009-12-24,1.5052,0.9008
2009-12-23,1.4983,0.8947
2009-12-22,1.5109,0.89305
2009-12-21,1.5165,0.8918
2009-12-18,1.5295,0.887
2009-12-17,1.5389,0.88995
2009-12-16,1.5432,0.88945
2009-12-15,1.5459,0.896
2009-12-14,1.5584,0.9006
2009-12-11,1.5481,0.90515
2009-12-10,1.5472,0.9043
2009-12-09,1.5643,0.9046
2009-12-08,1.5595,0.907
2009-12-07,1.5664,0.90505
2009-12-04,1.5778,0.9048
2009-12-03,1.5873,0.90915
2009-12-02,1.5766,0.9043
2009-12-01,1.5761,0.90985
2009-11-30,1.5882,0.91155
2009-11-27,1.5992,0.9091
2009-11-26,1.5882,0.911
2009-11-25,1.5787,0.9031
2009-11-24,1.5815,0.9031
2009-11-23,1.5846,0.90075
2009-11-20,1.5876,0.89915
2009-11-19,1.5776,0.89385
2009-11-18,1.5657,0.8895
2009-11-17,1.5735,0.88625
2009-11-16,1.5635,0.89485
2009-11-13,1.5655,0.89125
2009-11-12,1.5702,0.902
2009-11-11,1.5693,0.9029
2009-11-10,1.5852,0.8986
2009-11-09,1.5923,0.89365
2009-11-06,1.5923,0.896
2009-11-05,1.5804,0.8953
2009-11-04,1.5682,0.8936
2009-11-03,1.5834,0.8986
2009-11-02,1.5958,0.9033
2009-10-30,1.5952,0.89375
2009-10-29,1.5865,0.8975
2009-10-28,1.5855,0.9057
2009-10-27,1.5839,0.90775
2009-10-26,1.5872,0.9194
2009-10-23,1.5807,0.9172
2009-10-22,1.574,0.9053
2009-10-21,1.5754,0.9001
2009-10-20,1.5443,0.9117
2009-10-19,1.5445,0.9143
2009-10-16,1.5458,0.91175
2009-10-15,1.536,0.9147
2009-10-14,1.5311,0.93025
2009-10-13,1.5308,0.9408
2009-10-12,1.5248,0.9333
2009-10-09,1.5398,0.92285
2009-10-08,1.5619,0.92
2009-10-07,1.5546,0.9249
2009-10-06,1.5648,0.92605
2009-10-05,1.5693,0.9171
2009-10-02,1.5856,0.9172
2009-10-01,1.5601,0.91085
2009-09-30,1.5709,0.9093
2009-09-29,1.5861,0.9118
2009-09-28,1.6027,0.92265
2009-09-25,1.6035,0.91875
2009-09-24,1.5843,0.91065
2009-09-23,1.5794,0.8994
2009-09-22,1.5787,0.9047
2009-09-21,1.578,0.9066
2009-09-18,1.5752,0.9003
2009-09-17,1.5672,0.8905
2009-09-16,1.5696,0.8897
2009-09-15,1.5869,0.8869
2009-09-14,1.5879,0.879
2009-09-11,1.5728,0.8739
2009-09-10,1.5791,0.87575
2009-09-09,1.569,0.8793
2009-09-08,1.5483,0.87365
2009-09-07,1.5429,0.8735
2009-09-04,1.5581,0.872
2009-09-03,1.5742,0.8747
2009-09-02,1.572,0.8751
2009-09-01,1.5672,0.8815
2009-08-31,1.5793,0.88135
2009-08-28,1.5522,0.8784
2009-08-27,1.5598,0.8804
2009-08-26,1.557,0.878
2009-08-25,1.5411,0.87405
2009-08-24,1.5444,0.8682
2009-08-21,1.5541,0.8657
2009-08-20,1.56,0.8638
2009-08-19,1.5657,0.8608
2009-08-18,1.5606,0.8566
2009-08-17,1.5621,0.8629
2009-08-14,1.5509,0.8616
2009-08-13,1.5451,0.85865
2009-08-12,1.5633,0.85965
2009-08-11,1.5537,0.8584
2009-08-10,1.5361,0.85355
2009-08-07,1.554,0.8567
2009-08-06,1.5416,0.8524
2009-08-05,1.5507,0.84695
2009-08-04,1.5369,0.84845
2009-08-03,1.5274,0.8492
2009-07-31,1.5234,0.8556
2009-07-30,1.524,0.8524
2009-07-29,1.5335,0.8611
2009-07-28,1.5378,0.8622
2009-07-27,1.5433,0.8653
2009-07-24,1.5407,0.867
2009-07-23,1.5606,0.8617
2009-07-22,1.5704,0.8648
2009-07-21,1.5689,0.8653
2009-07-20,1.5702,0.8601
2009-07-17,1.5734,0.8653
2009-07-16,1.5787,0.8591
2009-07-15,1.5813,0.8576
2009-07-14,1.6018,0.85755
2009-07-13,1.6239,0.8678
2009-07-10,1.6212,0.858
2009-07-09,1.6182,0.8606
2009-07-08,1.6206,0.86495
2009-07-07,1.6223,0.8638
2009-07-06,1.6193,0.8612
2009-07-03,1.6203,0.85625
2009-07-02,1.6201,0.8573
2009-07-01,1.6224,0.8562
2009-06-30,1.6275,0.8521
2009-06-29,1.6236,0.84865
2009-06-26,1.6168,0.8543
2009-06-25,1.62,0.8567
2009-06-24,1.6105,0.8493
2009-06-23,1.6101,0.85735
2009-06-22,1.5871,0.84255
2009-06-19,1.5708,0.84715
2009-06-18,1.5758,0.8583
2009-06-17,1.5794,0.8522
2009-06-16,1.5612,0.8437
2009-06-15,1.569,0.8472
2009-06-12,1.5708,0.8538
2009-06-11,1.5428,0.8507
2009-06-10,1.55,0.8583
2009-06-09,1.5402,0.8632
2009-06-08,1.5548,0.8709
2009-06-05,1.5657,0.8792
2009-06-04,1.5694,0.8689
2009-06-03,1.5459,0.8597
2009-06-02,1.5433,0.8652
2009-06-01,1.5397,0.868
2009-05-29,1.5501,0.8729
2009-05-28,1.5544,0.87
2009-05-27,1.5536,0.8706
2009-05-26,1.5698,0.876
2009-05-25,1.5777,0.8803
2009-05-22,1.5744,0.8781
2009-05-21,1.5754,0.879
2009-05-20,1.5724,0.8826
2009-05-19,1.5754,0.8794
2009-05-18,1.5779,0.8825
2009-05-15,1.5894,0.8905
2009-05-14,1.5971,0.8981
2009-05-13,1.5832,0.8998
2009-05-12,1.5865,0.8934
2009-05-11,1.5676,0.8986
2009-05-08,1.5582,0.8907
2009-05-07,1.5569,0.8847
2009-05-06,1.5689,0.8861
2009-05-05,1.5669,0.8859
2009-05-04,1.5681,0.8897
2009-04-30,1.5786,0.89335
2009-04-29,1.5942,0.89875
2009-04-28,1.5918,0.89035
2009-04-27,1.5953,0.90075
2009-04-24,1.6121,0.906
2009-04-23,1.6108,0.8968
2009-04-22,1.6106,0.8882
2009-04-21,1.6051,0.8886
2009-04-20,1.5985,0.8896
2009-04-17,1.5815,0.8828
2009-04-16,1.5874,0.8856
2009-04-15,1.6004,0.8821
2009-04-14,1.6117,0.8915
2009-04-09,1.6328,0.9044
2009-04-08,1.634,0.89935
2009-04-07,1.6501,0.90505
2009-04-06,1.6656,0.9052
2009-04-03,1.6664,0.9093
2009-04-02,1.6725,0.9129
2009-04-01,1.6764,0.9206
2009-03-31,1.6685,0.9308
2009-03-30,1.6533,0.9291
2009-03-27,1.6446,0.9285
2009-03-26,1.6707,0.9316
2009-03-25,1.6598,0.92425
2009-03-24,1.656,0.9206
2009-03-23,1.6753,0.92945
2009-03-20,1.677,0.9395
2009-03-19,1.6732,0.9405
2009-03-18,1.6563,0.9391
2009-03-17,1.6495,0.9265
2009-03-16,1.6534,0.92055
2009-03-13,1.6413,0.922
2009-03-12,1.646,0.9308
2009-03-11,1.6325,0.9255
2009-03-10,1.6349,0.9229
2009-03-09,1.6405,0.9114
2009-03-06,1.6258,0.89
2009-03-05,1.6139,0.8903
2009-03-04,1.6156,0.8902
2009-03-03,1.6219,0.89575
2009-03-02,1.6229,0.8933
2009-02-27,1.5985,0.8931
2009-02-26,1.5885,0.8913
2009-02-25,1.5947,0.8884
2009-02-24,1.5996,0.8797
2009-02-23,1.6001,0.878
2009-02-20,1.5911,0.881
2009-02-19,1.5868,0.8823
2009-02-18,1.5882,0.8846
2009-02-17,1.5959,0.8851
2009-02-16,1.5912,0.8945
2009-02-13,1.5833,0.88415
2009-02-12,1.5994,0.903
2009-02-11,1.6138,0.9
2009-02-10,1.5866,0.8771
2009-02-09,1.5969,0.871
2009-02-06,1.6001,0.8706
2009-02-05,1.5807,0.878
2009-02-04,1.5928,0.8901
2009-02-03,1.6058,0.9029
2009-02-02,1.585,0.90335
2009-01-30,1.5895,0.89785
2009-01-29,1.5963,0.91725
2009-01-28,1.6161,0.92725
2009-01-27,1.619,0.9352
2009-01-26,1.5864,0.9395
2009-01-23,1.6087,0.9387
2009-01-22,1.6392,0.9441
2009-01-21,1.6345,0.9386
2009-01-20,1.6364,0.9311
2009-01-19,1.6492,0.9047
2009-01-16,1.6434,0.8893
2009-01-15,1.6373,0.8966
2009-01-14,1.6144,0.9083
2009-01-13,1.632,0.9112
2009-01-12,1.6021,0.8956
2009-01-09,1.6186,0.8948
2009-01-08,1.6344,0.8933
2009-01-07,1.6061,0.9043
2009-01-06,1.585,0.9176
2009-01-05,1.6475,0.9358
2009-01-02,1.6942,0.961
2008-12-31,1.6998,0.9525
2008-12-30,1.7331,0.9742
2008-12-29,1.7408,0.97855
2008-12-24,1.6984,0.9493
2008-12-23,1.7041,0.94395
2008-12-22,1.6763,0.9432
2008-12-19,1.71,0.9287
2008-12-18,1.7433,0.9509
2008-12-17,1.7004,0.91855
2008-12-16,1.6832,0.8936
2008-12-15,1.6555,0.8994
2008-12-12,1.6598,0.89235
2008-12-11,1.6383,0.8869
2008-12-10,1.6295,0.87325
2008-12-09,1.6171,0.8711
2008-12-08,1.6067,0.8651
2008-12-05,1.6354,0.8666
2008-12-04,1.5948,0.8626
2008-12-03,1.5853,0.85475
2008-12-02,1.5756,0.84695
2008-12-01,1.5725,0.84155
2008-11-28,1.5775,0.8299
2008-11-27,1.5937,0.8358
2008-11-26,1.5985,0.8456
2008-11-25,1.5912,0.85375
2008-11-24,1.6134,0.8517
2008-11-21,1.6151,0.841
2008-11-20,1.5814,0.8421
2008-11-19,1.5634,0.8398
2008-11-18,1.5554,0.8421
2008-11-17,1.5502,0.84825
2008-11-14,1.5504,0.8598
2008-11-13,1.5465,0.8442
2008-11-12,1.5193,0.8231
2008-11-11,1.5168,0.8147
2008-11-10,1.511,0.8165
2008-11-07,1.5224,0.80845
2008-11-06,1.4972,0.805
2008-11-05,1.4858,0.8065
2008-11-04,1.4949,0.8075
2008-11-03,1.534,0.7969
2008-10-31,1.5681,0.7869
2008-10-30,1.5697,0.7907
2008-10-29,1.6075,0.7958
2008-10-28,1.6133,0.7979
2008-10-27,1.5969,0.8063
2008-10-24,1.5994,0.8061
2008-10-23,1.6285,0.7917
2008-10-22,1.6088,0.78815
2008-10-21,1.5928,0.777
2008-10-20,1.59,0.77165
2008-10-17,1.5936,0.7751
2008-10-16,1.6056,0.78265
2008-10-15,1.5833,0.77615
2008-10-14,1.565,0.78105
2008-10-13,1.5903,0.7854
2008-10-10,1.5839,0.798
2008-10-09,1.5398,0.7895
2008-10-08,1.5105,0.7809
2008-10-07,1.4991,0.77725
2008-10-06,1.4787,0.7728
2008-10-03,1.4899,0.78355
2008-10-02,1.4804,0.7872
2008-10-01,1.4912,0.7919
2008-09-30,1.4961,0.7903
2008-09-29,1.4929,0.7959
2008-09-26,1.5148,0.79475
2008-09-25,1.5205,0.792
2008-09-24,1.5205,0.79235
2008-09-23,1.5233,0.79505
2008-09-22,1.5305,0.792
2008-09-19,1.5154,0.7873
2008-09-18,1.539,0.7944
2008-09-17,1.5176,0.79515
2008-09-16,1.5283,0.7975
2008-09-15,1.514,0.79395
2008-09-12,1.5036,0.7962
2008-09-11,1.495,0.7941
2008-09-10,1.509,0.802
2008-09-09,1.503,0.803
2008-09-08,1.5091,0.8072
2008-09-05,1.5194,0.8093
2008-09-04,1.5344,0.813
2008-09-03,1.55,0.8133
2008-09-02,1.5483,0.81295
2008-09-01,1.5585,0.81165
2008-08-29,1.551,0.805
2008-08-28,1.5456,0.8047
2008-08-27,1.5417,0.7997
2008-08-26,1.5379,0.7953
2008-08-25,1.5424,0.7966
2008-08-22,1.5502,0.7966
2008-08-21,1.5598,0.7936
2008-08-20,1.564,0.79315
2008-08-19,1.5637,0.7885
2008-08-18,1.5558,0.7881
2008-08-15,1.5685,0.7907
2008-08-14,1.5775,0.7953
2008-08-13,1.5916,0.7942
2008-08-12,1.5936,0.7844
2008-08-11,1.6013,0.78165
2008-08-08,1.6075,0.7841
2008-08-07,1.6201,0.79255
2008-08-06,1.6159,0.79205
2008-08-05,1.6168,0.79285
2008-08-04,1.6035,0.79165
2008-08-01,1.598,0.78785
2008-07-31,1.597,0.78895
2008-07-30,1.5945,0.7867
2008-07-29,1.6087,0.78975
2008-07-28,1.6087,0.7925
2008-07-25,1.5968,0.7888
2008-07-24,1.5832,0.789
2008-07-23,1.5869,0.7872
2008-07-22,1.5943,0.79355
2008-07-21,1.5921,0.7946
2008-07-18,1.5901,0.79315
2008-07-17,1.586,0.7914
2008-07-16,1.592,0.79395
2008-07-15,1.5979,0.79555
2008-07-14,1.5995,0.7975
2008-07-11,1.609,0.79915
2008-07-10,1.5878,0.79565
2008-07-09,1.5953,0.79655
2008-07-08,1.5973,0.7944
2008-07-07,1.5988,0.7963
2008-07-04,1.593,0.7908
2008-07-03,1.6117,0.7992
2008-07-02,1.6142,0.7952
2008-07-01,1.6063,0.7909
2008-06-30,1.5942,0.79225
2008-06-27,1.585,0.79235
2008-06-26,1.5899,0.79195
2008-06-25,1.5786,0.7907
2008-06-24,1.5823,0.79095
2008-06-23,1.5768,0.79155
2008-06-20,1.5805,0.78965
2008-06-19,1.5712,0.7863
2008-06-18,1.5797,0.7933
2008-06-17,1.5816,0.7944
2008-06-16,1.5888,0.7873
2008-06-13,1.5747,0.78835
2008-06-12,1.5806,0.7912
2008-06-11,1.5777,0.79145
2008-06-10,1.5979,0.79335
2008-06-09,1.6136,0.7974
2008-06-06,1.5906,0.7971
2008-06-05,1.5727,0.7897
2008-06-04,1.561,0.7902
2008-06-03,1.562,0.79105
2008-06-02,1.546,0.7915
2008-05-30,1.5382,0.786
2008-05-29,1.5302,0.7866
2008-05-28,1.5578,0.79315
2008-05-27,1.5571,0.797
2008-05-26,1.5588,0.79655
2008-05-23,1.5533,0.7944
2008-05-22,1.5494,0.79405
2008-05-21,1.5509,0.80145
2008-05-20,1.5502,0.7964
2008-05-19,1.5487,0.7976
2008-05-16,1.5466,0.79585
2008-05-15,1.5496,0.7972
2008-05-14,1.5407,0.7951
2008-05-13,1.5562,0.7938
2008-05-12,1.5509,0.78885
2008-05-09,1.5592,0.7938
2008-05-08,1.5548,0.78505
2008-05-07,1.5462,0.78865
2008-05-06,1.5719,0.7881
2008-05-05,1.5717,0.7852
2008-05-02,1.5715,0.779
2008-04-30,1.5689,0.79015
2008-04-29,1.5782,0.78895
2008-04-28,1.5853,0.7847
2008-04-25,1.5861,0.78605
2008-04-24,1.6042,0.798
2008-04-23,1.6154,0.80345
2008-04-22,1.6039,0.7998
2008-04-21,1.5935,0.8007
2008-04-18,1.5957,0.7907
2008-04-17,1.5896,0.8017
2008-04-16,1.6073,0.8061
2008-04-15,1.6168,0.8049
2008-04-14,1.6223,0.7986
2008-04-11,1.6139,0.8017
2008-04-10,1.6166,0.8011
2008-04-09,1.6022,0.7977
2008-04-08,1.591,0.7974
2008-04-07,1.5804,0.78935
2008-04-04,1.5822,0.7855
2008-04-03,1.5722,0.7832
2008-04-02,1.5896,0.7885
2008-04-01,1.6069,0.7888
2008-03-31,1.6226,0.7958
2008-03-28,1.608,0.7908
2008-03-27,1.6085,0.7829
2008-03-26,1.5949,0.7881
2008-03-25,1.587,0.78105
2008-03-20,1.5817,0.7783
2008-03-19,1.5635,0.7859
2008-03-18,1.5674,0.7817
2008-03-17,1.5689,0.7857
2008-03-14,1.5479,0.76755
2008-03-13,1.5362,0.7658
2008-03-12,1.5302,0.7666
2008-03-11,1.5261,0.76455
2008-03-10,1.5194,0.7605
2008-03-07,1.5069,0.7647
2008-03-06,1.5097,0.7638
2008-03-05,1.5084,0.7685
2008-03-04,1.5035,0.7656
2008-03-03,1.4948,0.766
2008-02-29,1.4895,0.7652
2008-02-28,1.4779,0.76135
2008-02-27,1.4742,0.7576
2008-02-26,1.4722,0.7536
2008-02-25,1.4885,0.7537
2008-02-22,1.4995,0.7548
2008-02-21,1.4925,0.7527
2008-02-20,1.4899,0.7544
2008-02-19,1.4836,0.7555
2008-02-18,1.4732,0.7503
2008-02-15,1.4635,0.7478
2008-02-14,1.456,0.7416
2008-02-13,1.4562,0.74315
2008-02-12,1.4525,0.7451
2008-02-11,1.4536,0.7462
2008-02-08,1.4537,0.7448
2008-02-07,1.4732,0.7491
2008-02-06,1.4705,0.747
2008-02-05,1.467,0.74605
2008-02-04,1.4824,0.7502
2008-02-01,1.4847,0.74955
2008-01-31,1.4846,0.7477
2008-01-30,1.4724,0.7434
2008-01-29,1.4759,0.74295
2008-01-28,1.4843,0.743
2008-01-25,1.4819,0.7425
2008-01-24,1.4893,0.74685
2008-01-23,1.4987,0.7472
2008-01-22,1.4953,0.74265
2008-01-21,1.493,0.74325
2008-01-18,1.5024,0.7481
2008-01-17,1.5007,0.74615
2008-01-16,1.5122,0.754
2008-01-15,1.5096,0.7565
2008-01-14,1.5172,0.76
2008-01-11,1.5082,0.7555
2008-01-10,1.4787,0.7493
2008-01-09,1.4739,0.74865
2008-01-08,1.4724,0.7445
2008-01-07,1.4714,0.74625
2008-01-04,1.4553,0.74495
2008-01-03,1.4666,0.7448
2008-01-02,1.4515,0.7413
2007-12-31,1.4449,0.73335
2007-12-28,1.4389,0.7348
2007-12-27,1.4265,0.72885
2007-12-24,1.4217,0.7271
2007-12-21,1.4356,0.7236
2007-12-20,1.4338,0.7215
2007-12-19,1.4461,0.7175
2007-12-18,1.4503,0.71485
2007-12-17,1.4561,0.7137
2007-12-14,1.485,0.7157
2007-12-13,1.4915,0.71935
2007-12-12,1.486,0.7196
2007-12-11,1.482,0.716
2007-12-10,1.48,0.7195
2007-12-07,1.4708,0.7202
2007-12-06,1.4817,0.7185
2007-12-05,1.4975,0.7224
2007-12-04,1.4815,0.7149
2007-12-03,1.4682,0.7107
2007-11-30,1.4695,0.71455
2007-11-29,1.4605,0.71475
2007-11-28,1.4676,0.71375
2007-11-27,1.4767,0.71855
2007-11-26,1.4633,0.71795
2007-11-23,1.4616,0.72025
2007-11-22,1.4628,0.71855
2007-11-21,1.4639,0.7197
2007-11-20,1.4525,0.71715
2007-11-19,1.4318,0.71445
2007-11-16,1.4302,0.71625
2007-11-15,1.4273,0.71485
2007-11-14,1.4041,0.7104
2007-11-13,1.3945,0.7047
2007-11-12,1.3956,0.70445
2007-11-09,1.379,0.7004
2007-11-08,1.3629,0.69625
2007-11-07,1.3354,0.6996
2007-11-06,1.3482,0.69685
2007-11-05,1.3527,0.6962
2007-11-02,1.3531,0.6951
2007-11-01,1.3664,0.6924
2007-10-31,1.3768,0.6973
2007-10-30,1.3763,0.6972
2007-10-29,1.3822,0.69895
2007-10-26,1.383,0.701
2007-10-25,1.3785,0.69765
2007-10-24,1.3797,0.6955
2007-10-23,1.3734,0.69575
2007-10-22,1.3866,0.6975
2007-10-19,1.3809,0.6973
2007-10-18,1.395,0.698
2007-10-17,1.387,0.6973
2007-10-16,1.3878,0.6965
2007-10-15,1.3835,0.69695
2007-10-12,1.3865,0.6985
2007-10-11,1.3874,0.697
2007-10-10,1.388,0.6926
2007-10-09,1.3869,0.69185
2007-10-08,1.3863,0.69125
2007-10-05,1.3947,0.69285
2007-10-04,1.4082,0.69355
2007-10-03,1.4131,0.6956
2007-10-02,1.4122,0.6938
2007-10-01,1.4142,0.69735
2007-09-28,1.4122,0.6968
2007-09-27,1.4163,0.6993
2007-09-26,1.4208,0.7005
2007-09-25,1.4137,0.70035
2007-09-24,1.4113,0.6969
2007-09-21,1.4071,0.6973
2007-09-20,1.4037,0.6988
2007-09-19,1.4155,0.69865
2007-09-18,1.4226,0.6952
2007-09-17,1.4252,0.6943
2007-09-14,1.4286,0.68915
2007-09-13,1.436,0.68525
2007-09-12,1.4461,0.6837
2007-09-11,1.4467,0.6802
2007-09-10,1.4569,0.67945
2007-09-07,1.4398,0.6773
2007-09-06,1.4433,0.6773
2007-09-05,1.4329,0.676
2007-09-04,1.4305,0.6752
2007-09-03,1.4362,0.67575
2007-08-31,1.4446,0.67795
2007-08-30,1.4454,0.678
2007-08-29,1.4464,0.6772
2007-08-28,1.4421,0.6789
2007-08-27,1.4327,0.6777
2007-08-24,1.4328,0.67885
2007-08-23,1.425,0.6765
2007-08-22,1.4299,0.67865
2007-08-21,1.4297,0.68105
2007-08-20,1.4298,0.6789
2007-08-17,1.4416,0.6792
2007-08-16,1.4469,0.6756
2007-08-15,1.4508,0.6775
2007-08-14,1.4352,0.6788
2007-08-13,1.4372,0.67775
2007-08-10,1.4399,0.67685
2007-08-09,1.4479,0.67705
2007-08-08,1.4496,0.67795
2007-08-07,1.4569,0.68055
2007-08-06,1.455,0.68015
2007-08-03,1.4473,0.6733
2007-08-02,1.4444,0.67325
2007-08-01,1.4557,0.6746
2007-07-31,1.454,0.674
2007-07-30,1.46,0.6753
2007-07-27,1.4456,0.672
2007-07-26,1.4396,0.6708
2007-07-25,1.4276,0.66905
2007-07-24,1.4456,0.6707
2007-07-23,1.4436,0.67155
2007-07-20,1.4405,0.6722
2007-07-19,1.442,0.67455
2007-07-18,1.4417,0.672
2007-07-17,1.438,0.6732
2007-07-16,1.4419,0.67655
2007-07-13,1.4414,0.67795
2007-07-12,1.4484,0.6783
2007-07-11,1.4569,0.67695
2007-07-10,1.4329,0.67735
2007-07-09,1.4264,0.6763
2007-07-06,1.4303,0.67635
2007-07-05,1.4426,0.6756
2007-07-04,1.4415,0.67535
2007-07-03,1.438,0.6751
2007-07-02,1.4395,0.67565
2007-06-29,1.4245,0.674
2007-06-28,1.4293,0.67215
2007-06-27,1.4384,0.67295
2007-06-26,1.4402,0.67315
2007-06-25,1.4424,0.6735
2007-06-22,1.4411,0.67305
2007-06-21,1.4303,0.6721
2007-06-20,1.431,0.6737
2007-06-19,1.4302,0.67465
2007-06-18,1.4373,0.6763
2007-06-15,1.4159,0.67595
2007-06-14,1.4202,0.67605
2007-06-13,1.423,0.6745
2007-06-12,1.4175,0.676
2007-06-11,1.4186,0.6784
2007-06-08,1.4261,0.67885
2007-06-07,1.4267,0.679
2007-06-06,1.4341,0.6783
2007-06-05,1.4305,0.6783
2007-06-04,1.4252,0.67795
2007-06-01,1.4335,0.67925
2007-05-31,1.4388,0.68005
2007-05-30,1.4398,0.6795
2007-05-29,1.4614,0.6798
2007-05-28,1.4541,0.67853
2007-05-25,1.457,0.6775
2007-05-24,1.4552,0.6767
2007-05-23,1.461,0.6794
2007-05-22,1.4579,0.68175
2007-05-21,1.4611,0.68265
2007-05-18,1.4767,0.6839
2007-05-17,1.4862,0.68385
2007-05-16,1.4931,0.68485
2007-05-15,1.4931,0.68485
2007-05-14,1.5012,0.68435
2007-05-11,1.5036,0.6813
2007-05-10,1.4983,0.6807
2007-05-09,1.4984,0.67985
2007-05-08,1.4946,0.6803
2007-05-07,1.5028,0.6823
2007-05-04,1.4985,0.6828
2007-05-03,1.5086,0.6828
2007-05-02,1.5096,0.6821
2007-04-30,1.5187,0.6827
2007-04-27,1.5235,0.68225
2007-04-26,1.5236,0.68215
2007-04-25,1.5298,0.681
2007-04-24,1.5223,0.6793
2007-04-23,1.5225,0.678
2007-04-20,1.5334,0.6793
2007-04-19,1.5312,0.6793
2007-04-18,1.5386,0.6773
2007-04-17,1.5333,0.6763
2007-04-16,1.5352,0.68055
2007-04-13,1.5351,0.6809
2007-04-12,1.5328,0.6807
2007-04-11,1.5348,0.6788
2007-04-10,1.5424,0.6803
2007-04-05,1.541,0.6797
2007-04-04,1.5441,0.67665
2007-04-03,1.5467,0.6761
2007-04-02,1.5459,0.6761
2007-03-30,1.5366,0.6798
2007-03-29,1.5487,0.6793
2007-03-28,1.5477,0.6795
2007-03-27,1.5429,0.679
2007-03-26,1.5416,0.67635
2007-03-23,1.5432,0.6778
2007-03-22,1.545,0.67855
2007-03-21,1.5409,0.6789
2007-03-20,1.5522,0.6791
2007-03-19,1.5626,0.68325
2007-03-16,1.5637,0.6842
2007-03-15,1.5548,0.68275
2007-03-14,1.5495,0.68535
2007-03-13,1.5453,0.6831
2007-03-12,1.5387,0.6822
2007-03-09,1.5469,0.6806
2007-03-08,1.5494,0.6814
2007-03-07,1.5451,0.6812
2007-03-06,1.5434,0.67965
2007-03-05,1.545,0.6822
2007-03-02,1.5456,0.6768
2007-03-01,1.5497,0.67365
2007-02-28,1.5419,0.67365
2007-02-27,1.5359,0.6737
2007-02-26,1.5256,0.6706
2007-02-23,1.522,0.6692
2007-02-22,1.5214,0.6719
2007-02-21,1.5349,0.6726
2007-02-20,1.5323,0.6733
2007-02-19,1.5308,0.6751
2007-02-16,1.5259,0.6731
2007-02-15,1.5326,0.67115
2007-02-14,1.5265,0.6693
2007-02-13,1.5253,0.66995
2007-02-12,1.5177,0.66565
2007-02-09,1.5296,0.66755
2007-02-08,1.5413,0.6632
2007-02-07,1.537,0.6585
2007-02-06,1.5322,0.6578
2007-02-05,1.5312,0.66115
2007-02-02,1.541,0.66135
2007-02-01,1.5331,0.6613
2007-01-31,1.5325,0.66325
2007-01-30,1.5342,0.6603
2007-01-29,1.5306,0.6602
2007-01-26,1.5255,0.65825
2007-01-25,1.5287,0.6585
2007-01-24,1.5336,0.6595
2007-01-23,1.5399,0.6552
2007-01-22,1.5203,0.65485
2007-01-19,1.5189,0.6565
2007-01-18,1.5207,0.6565
2007-01-17,1.5166,0.65685
2007-01-16,1.5127,0.6592
2007-01-15,1.5108,0.65845
2007-01-12,1.5136,0.66165
2007-01-11,1.5296,0.6654
2007-01-10,1.5301,0.6702
2007-01-09,1.5327,0.67025
2007-01-08,1.5282,0.6731
2007-01-05,1.5374,0.6747
2007-01-04,1.539,0.6739
2007-01-03,1.5457,0.6747
2007-01-02,1.5452,0.6735
2006-12-29,1.5281,0.6715
2006-12-28,1.5268,0.67115
2006-12-27,1.5297,0.67085
2006-12-22,1.524,0.6715
2006-12-21,1.5155,0.6716
2006-12-20,1.5137,0.6702
2006-12-19,1.5217,0.67125
2006-12-18,1.5114,0.67155
2006-12-15,1.5151,0.6699
2006-12-14,1.5242,0.67155
2006-12-13,1.5273,0.6728
2006-12-12,1.5246,0.6746
2006-12-11,1.5135,0.6762
2006-12-08,1.5269,0.6776
2006-12-07,1.5275,0.6761
2006-12-06,1.5177,0.6754
2006-12-05,1.5204,0.6743
2006-12-04,1.5208,0.6734
2006-12-01,1.5139,0.6729
2006-11-30,1.5053,0.67425
2006-11-29,1.4953,0.6743
2006-11-28,1.4863,0.67625
2006-11-27,1.4866,0.6777
2006-11-24,1.4817,0.6769
2006-11-23,1.4769,0.6765
2006-11-22,1.4686,0.6749
2006-11-21,1.4676,0.6748
2006-11-20,1.4676,0.6768
2006-11-17,1.4651,0.6776
2006-11-16,1.4572,0.6781
2006-11-15,1.4572,0.6784
2006-11-14,1.4602,0.67605
2006-11-13,1.4572,0.6737
2006-11-10,1.4531,0.6723
2006-11-09,1.4489,0.6724
2006-11-08,1.4448,0.67045
2006-11-07,1.4385,0.66975
2006-11-06,1.4418,0.6698
2006-11-03,1.4402,0.6688
2006-11-02,1.4489,0.6691
2006-11-01,1.4471,0.66845
2006-10-31,1.4331,0.6685
2006-10-30,1.4255,0.668
2006-10-27,1.4262,0.6706
2006-10-26,1.4259,0.67155
2006-10-25,1.4191,0.6702
2006-10-24,1.418,0.67015
2006-10-23,1.4158,0.6706
2006-10-20,1.4156,0.6693
2006-10-19,1.4266,0.6723
2006-10-18,1.4286,0.67005
2006-10-17,1.4232,0.6708
2006-10-16,1.4231,0.6727
2006-10-13,1.4246,0.6744
2006-10-12,1.4251,0.6753
2006-10-11,1.4239,0.67575
2006-10-10,1.4154,0.67475
2006-10-09,1.4154,0.6756
2006-10-06,1.4234,0.6729
2006-10-05,1.4321,0.6761
2006-10-04,1.4299,0.6743
2006-10-03,1.4246,0.6742
2006-10-02,1.4226,0.6779
2006-09-29,1.4136,0.6777
2006-09-28,1.4132,0.67715
2006-09-27,1.4143,0.67105
2006-09-26,1.4149,0.6695
2006-09-25,1.4259,0.6712
2006-09-22,1.4264,0.67365
2006-09-21,1.4302,0.6706
2006-09-20,1.4299,0.6731
2006-09-19,1.4201,0.6732
2006-09-18,1.42,0.6748
2006-09-15,1.4203,0.6739
2006-09-14,1.4207,0.6743
2006-09-13,1.4228,0.67655
2006-09-12,1.4227,0.6785
2006-09-11,1.4245,0.6816
2006-09-08,1.4155,0.6793
2006-09-07,1.4066,0.67955
2006-09-06,1.4228,0.6791
2006-09-05,1.4242,0.67495
2006-09-04,1.4219,0.67475
2006-09-01,1.4163,0.6728
2006-08-31,1.423,0.6741
2006-08-30,1.419,0.67405
2006-08-29,1.4206,0.6745
2006-08-28,1.4184,0.6755
2006-08-25,1.4122,0.6762
2006-08-24,1.4235,0.6774
2006-08-23,1.4243,0.6773
2006-08-22,1.4317,0.6784
2006-08-21,1.444,0.6808
2006-08-18,1.4372,0.68035
2006-08-17,1.4384,0.6791
2006-08-16,1.4342,0.6762
2006-08-15,1.4393,0.67365
2006-08-14,1.4338,0.67435
2006-08-11,1.4353,0.6738
2006-08-10,1.4391,0.6752
2006-08-09,1.442,0.6753
2006-08-08,1.4369,0.6738
2006-08-07,1.447,0.674
2006-08-04,1.4492,0.6759
2006-08-03,1.438,0.67805
2006-08-02,1.4441,0.68215
2006-08-01,1.4457,0.6837
2006-07-31,1.4346,0.6843
2006-07-28,1.4387,0.6825
2006-07-27,1.442,0.6842
2006-07-26,1.4323,0.68415
2006-07-25,1.4406,0.6833
2006-07-24,1.4405,0.6816
2006-07-21,1.4347,0.6829
2006-07-20,1.4334,0.683
2006-07-19,1.4214,0.68365
2006-07-18,1.4213,0.6849
2006-07-17,1.4186,0.6884
2006-07-14,1.4289,0.6875
2006-07-13,1.4378,0.6897
2006-07-12,1.4452,0.6915
2006-07-11,1.4357,0.69225
2006-07-10,1.4335,0.69205
2006-07-07,1.4228,0.69445
2006-07-06,1.4182,0.694
2006-07-05,1.4152,0.6937
2006-07-04,1.4205,0.69285
2006-07-03,1.4212,0.6933
2006-06-30,1.4132,0.6921
2006-06-29,1.4025,0.6911
2006-06-28,1.4138,0.69035
2006-06-27,1.4112,0.6907
2006-06-26,1.4056,0.6901
2006-06-23,1.4041,0.688
2006-06-22,1.4023,0.68735
2006-06-21,1.4051,0.6855
2006-06-20,1.4026,0.6824
2006-06-19,1.413,0.68175
2006-06-16,1.4101,0.6829
2006-06-15,1.4045,0.68225
2006-06-14,1.3993,0.68265
2006-06-13,1.3905,0.68335
2006-06-12,1.3871,0.6824
2006-06-09,1.4067,0.68685
2006-06-08,1.424,0.6903
2006-06-07,1.4264,0.6878
2006-06-06,1.4257,0.6887
2006-06-05,1.4235,0.6884
2006-06-02,1.4148,0.68685
2006-06-01,1.4099,0.6847
2006-05-31,1.4107,0.6859
2006-05-30,1.4138,0.6847
2006-05-29,1.4088,0.6855
2006-05-26,1.4182,0.685
2006-05-25,1.4235,0.68315
2006-05-24,1.4418,0.68285
2006-05-23,1.4327,0.6821
2006-05-22,1.4352,0.6803
2006-05-19,1.4321,0.6801
2006-05-18,1.4235,0.67755
2006-05-17,1.422,0.6793
2006-05-16,1.4263,0.6811
2006-05-15,1.4305,0.6812
2006-05-12,1.4214,0.6808
2006-05-11,1.4044,0.6824
2006-05-10,1.4047,0.6861
2006-05-09,1.4114,0.6835
2006-05-08,1.4137,0.6846
2006-05-05,1.4063,0.6868
2006-05-04,1.4003,0.684
2006-05-03,1.3979,0.6869
2006-05-02,1.4005,0.68865
2006-04-28,1.4097,0.6942
2006-04-27,1.4043,0.6958
2006-04-26,1.4058,0.696
2006-04-25,1.413,0.6944
2006-04-24,1.4064,0.6919
2006-04-21,1.4008,0.69245
2006-04-20,1.4039,0.6924
2006-04-19,1.4063,0.69135
2006-04-18,1.4029,0.6915
2006-04-13,1.3885,0.6903
2006-04-12,1.3883,0.69165
2006-04-11,1.3864,0.6939
2006-04-10,1.3878,0.6938
2006-04-07,1.3975,0.69645
2006-04-06,1.4225,0.70055
2006-04-05,1.424,0.7006
2006-04-04,1.4281,0.69835
2006-04-03,1.4172,0.6977
2006-03-31,1.4084,0.6964
2006-03-30,1.4108,0.6946
2006-03-29,1.4098,0.69185
2006-03-28,1.408,0.6907
2006-03-27,1.41,0.6883
2006-03-24,1.3995,0.6908
2006-03-23,1.4049,0.69175
2006-03-22,1.4139,0.6914
2006-03-21,1.4143,0.6942
2006-03-20,1.4213,0.6937
2006-03-17,1.4072,0.6945
2006-03-16,1.399,0.69085
2006-03-15,1.3885,0.6892
2006-03-14,1.3864,0.68855
2006-03-13,1.3841,0.69015
2006-03-10,1.3867,0.6862
2006-03-09,1.3793,0.6858
2006-03-08,1.3733,0.68605
2006-03-07,1.3636,0.6858
2006-03-06,1.3686,0.6855
2006-03-03,1.3627,0.685
2006-03-02,1.3524,0.6831
2006-03-01,1.3607,0.6806
2006-02-28,1.3532,0.6796
2006-02-27,1.359,0.68105
2006-02-24,1.3715,0.6803
2006-02-23,1.3718,0.68185
2006-02-22,1.364,0.6828
2006-02-21,1.3668,0.6821
2006-02-20,1.3715,0.6848
2006-02-17,1.3725,0.6839
2006-02-16,1.3742,0.68425
2006-02-15,1.3734,0.6835
2006-02-14,1.3788,0.6858
2006-02-13,1.3741,0.6837
2006-02-10,1.3755,0.6839
2006-02-09,1.3761,0.6881
2006-02-08,1.3808,0.6861
2006-02-07,1.3734,0.6859
2006-02-06,1.3706,0.6833
2006-02-03,1.3821,0.6791
2006-02-02,1.3786,0.6788
2006-02-01,1.3782,0.6806
2006-01-31,1.387,0.6843
2006-01-30,1.3826,0.68365
2006-01-27,1.396,0.6846
2006-01-26,1.4149,0.6859
2006-01-25,1.415,0.6867
2006-01-24,1.4123,0.6878
2006-01-23,1.4133,0.6878
2006-01-20,1.403,0.68525
2006-01-19,1.4223,0.68785
2006-01-18,1.4122,0.6864
2006-01-17,1.3996,0.68535
2006-01-16,1.4055,0.68545
2006-01-13,1.3972,0.6814
2006-01-12,1.4049,0.6846
2006-01-11,1.4073,0.6884
2006-01-10,1.4092,0.6833
2006-01-09,1.4142,0.6834
2006-01-06,1.4158,0.6888
2006-01-05,1.3941,0.6888
2006-01-04,1.3934,0.68815
2006-01-03,1.3809,0.68725
2006-01-02,1.3737,0.6865
2005-12-30,1.3725,0.6853
2005-12-29,1.3796,0.6883
2005-12-28,1.3948,0.6863
2005-12-27,1.3832,0.68295
2005-12-23,1.3842,0.6834
2005-12-22,1.3799,0.681
2005-12-21,1.3918,0.67895
2005-12-20,1.402,0.6782
2005-12-19,1.3932,0.6796
2005-12-16,1.386,0.67745
2005-12-15,1.3888,0.6767
2005-12-14,1.3776,0.6783
2005-12-13,1.3739,0.67425
2005-12-12,1.3747,0.6743
2005-12-09,1.3665,0.6732
2005-12-08,1.3677,0.67495
2005-12-07,1.3626,0.6769
2005-12-06,1.3607,0.67905
2005-12-05,1.3599,0.6773
2005-12-02,1.3612,0.67745
2005-12-01,1.3723,0.6798
2005-11-30,1.3741,0.68215
2005-11-29,1.3787,0.6843
2005-11-28,1.3716,0.6855
2005-11-25,1.3762,0.6834
2005-11-24,1.3796,0.68345
2005-11-23,1.3817,0.6846
2005-11-22,1.385,0.68465
2005-11-21,1.4062,0.68675
2005-11-18,1.3892,0.6815
2005-11-17,1.3892,0.6795
2005-11-16,1.3961,0.6769
2005-11-15,1.3961,0.6732
2005-11-14,1.4003,0.67285
2005-11-11,1.3939,0.6731
2005-11-10,1.3966,0.6729
2005-11-09,1.3951,0.6753
2005-11-08,1.4036,0.6761
2005-11-07,1.4021,0.67655
2005-11-04,1.409,0.6764
2005-11-03,1.4164,0.67825
2005-11-02,1.4153,0.67895
2005-11-01,1.4201,0.679
2005-10-31,1.4161,0.67665
2005-10-28,1.4211,0.6809
2005-10-27,1.4168,0.6794
2005-10-26,1.4189,0.6798
2005-10-25,1.4261,0.67665
2005-10-24,1.4226,0.6759
2005-10-21,1.4162,0.6771
2005-10-20,1.4062,0.6767
2005-10-19,1.4068,0.68005
2005-10-18,1.4167,0.68415
2005-10-17,1.4235,0.6846
2005-10-14,1.4209,0.6854
2005-10-13,1.4062,0.6849
2005-10-12,1.4079,0.6865
2005-10-11,1.4203,0.6865
2005-10-10,1.4208,0.68825
2005-10-07,1.4325,0.687
2005-10-06,1.4261,0.68175
2005-10-05,1.4027,0.6779
2005-10-04,1.3935,0.6786
2005-10-03,1.3903,0.68
2005-09-30,1.4063,0.68195
2005-09-29,1.4155,0.6826
2005-09-28,1.4171,0.681
2005-09-27,1.4095,0.68025
2005-09-26,1.4167,0.67895
2005-09-23,1.4209,0.6785
2005-09-22,1.4244,0.6787
2005-09-21,1.4264,0.67505
2005-09-20,1.4178,0.6734
2005-09-19,1.4316,0.6728
2005-09-16,1.4487,0.6765
2005-09-15,1.4483,0.6765
2005-09-14,1.4523,0.6734
2005-09-13,1.4552,0.6741
2005-09-12,1.4587,0.67435
2005-09-09,1.4602,0.67535
2005-09-08,1.4686,0.6762
2005-09-07,1.4826,0.6771
2005-09-06,1.4865,0.6767
2005-09-05,1.4868,0.67855
2005-09-02,1.4885,0.6818
2005-09-01,1.4708,0.68335
2005-08-31,1.4552,0.6829
2005-08-30,1.4628,0.68275
2005-08-29,1.4634,0.6816
2005-08-26,1.4709,0.68185
2005-08-25,1.4621,0.682
2005-08-24,1.4613,0.68035
2005-08-23,1.4675,0.6802
2005-08-22,1.4765,0.67815
2005-08-19,1.4831,0.6784
2005-08-18,1.4846,0.67755
2005-08-17,1.4773,0.6793
2005-08-16,1.4812,0.68145
2005-08-15,1.4801,0.6836
2005-08-12,1.4935,0.68675
2005-08-11,1.4976,0.68825
2005-08-10,1.5,0.69035
2005-08-09,1.5015,0.6929
2005-08-08,1.4996,0.6916
2005-08-05,1.51,0.6956
2005-08-04,1.4984,0.69385
2005-08-03,1.4902,0.6911
2005-08-02,1.4803,0.6893
2005-08-01,1.4874,0.6914
2005-07-29,1.4856,0.6893
2005-07-28,1.494,0.6907
2005-07-27,1.4846,0.6903
2005-07-26,1.469,0.68955
2005-07-25,1.4711,0.6944
2005-07-22,1.4779,0.6951
2005-07-21,1.4782,0.696
2005-07-20,1.4668,0.6943
2005-07-19,1.4617,0.68785
2005-07-18,1.469,0.68995
2005-07-15,1.4651,0.6862
2005-07-14,1.4538,0.68645
2005-07-13,1.4668,0.6899
2005-07-12,1.4742,0.68815
2005-07-11,1.4584,0.688
2005-07-08,1.4607,0.6863
2005-07-07,1.476,0.6851
2005-07-06,1.4803,0.6785
2005-07-05,1.4747,0.67735
2005-07-04,1.4784,0.67645
2005-07-01,1.4867,0.679
2005-06-30,1.49,0.6742
2005-06-29,1.4864,0.6669
2005-06-28,1.4919,0.6646
2005-06-27,1.5024,0.6651
2005-06-24,1.484,0.663
2005-06-23,1.4916,0.6624
2005-06-22,1.4931,0.66515
2005-06-21,1.4971,0.6645
2005-06-20,1.5031,0.66855
2005-06-17,1.5077,0.6678
2005-06-16,1.4984,0.66465
2005-06-15,1.5057,0.6667
2005-06-14,1.5218,0.6695
2005-06-13,1.5165,0.6683
2005-06-10,1.5324,0.6704
2005-06-09,1.5347,0.6713
2005-06-08,1.5351,0.67095
2005-06-07,1.5286,0.67155
2005-06-06,1.5284,0.6748
2005-06-03,1.5311,0.6757
2005-06-02,1.53,0.67535
2005-06-01,1.5341,0.67545
2005-05-31,1.5531,0.6771
2005-05-30,1.5679,0.68495
2005-05-27,1.5845,0.6871
2005-05-26,1.5886,0.6874
2005-05-25,1.5831,0.68785
2005-05-24,1.5893,0.68765
2005-05-23,1.5848,0.6863
2005-05-20,1.589,0.68715
2005-05-19,1.5952,0.6872
2005-05-18,1.5976,0.68835
2005-05-17,1.6049,0.68735
2005-05-16,1.6016,0.6869
2005-05-13,1.584,0.68015
2005-05-12,1.5955,0.6833
2005-05-11,1.6001,0.6841
2005-05-10,1.5918,0.6828
2005-05-09,1.5876,0.6815
2005-05-06,1.6058,0.68205
2005-05-05,1.6158,0.6807
2005-05-04,1.6176,0.68175
2005-05-03,1.6153,0.67995
2005-05-02,1.6189,0.67625
2005-04-29,1.6191,0.6775
2005-04-28,1.6172,0.6773
2005-04-27,1.6121,0.6796
2005-04-26,1.6112,0.68115
2005-04-25,1.6082,0.67865
2005-04-22,1.6148,0.68285
2005-04-21,1.6226,0.68475
2005-04-20,1.6162,0.6813
2005-04-19,1.6209,0.6807
2005-04-18,1.6193,0.6832
2005-04-15,1.6,0.682
2005-04-14,1.5956,0.68135
2005-04-13,1.5979,0.68335
2005-04-12,1.6022,0.6854
2005-04-11,1.5927,0.6864
2005-04-08,1.5749,0.6859
2005-04-07,1.5746,0.6874
2005-04-06,1.5708,0.68505
2005-04-05,1.5683,0.6841
2005-04-04,1.5691,0.687
2005-04-01,1.5736,0.68665
2005-03-31,1.5737,0.6885
2005-03-30,1.5685,0.6877
2005-03-29,1.5683,0.68995
2005-03-24,1.5809,0.6944
2005-03-23,1.5834,0.6946
2005-03-22,1.5872,0.6941
2005-03-21,1.6001,0.6941
2005-03-18,1.6027,0.69345
2005-03-17,1.614,0.6959
2005-03-16,1.6094,0.696
2005-03-15,1.6113,0.6962
2005-03-14,1.6157,0.6974
2005-03-11,1.6176,0.69865
2005-03-10,1.6112,0.69645
2005-03-09,1.6145,0.69385
2005-03-08,1.6242,0.6889
2005-03-07,1.6267,0.6896
2005-03-04,1.6317,0.6876
2005-03-03,1.6341,0.6878
2005-03-02,1.6286,0.6859
2005-03-01,1.6306,0.6879
2005-02-28,1.634,0.68975
2005-02-25,1.6358,0.68975
2005-02-24,1.6511,0.69395
2005-02-23,1.6271,0.6917
2005-02-22,1.6205,0.6913
2005-02-21,1.6073,0.6891
2005-02-18,1.6051,0.6891
2005-02-17,1.6101,0.6912
2005-02-16,1.6078,0.69135
2005-02-15,1.6052,0.6885
2005-02-14,1.596,0.6873
2005-02-11,1.5986,0.6897
2005-02-10,1.6016,0.68825
2005-02-09,1.5949,0.6858
2005-02-08,1.6011,0.6876
2005-02-07,1.6086,0.6867
2005-02-04,1.6101,0.6883
2005-02-03,1.6123,0.6894
2005-02-02,1.6126,0.6923
2005-02-01,1.6153,0.69255
2005-01-31,1.6167,0.6912
2005-01-28,1.6167,0.69255
2005-01-27,1.6136,0.6919
2005-01-26,1.61,0.6927
2005-01-25,1.5994,0.6956
2005-01-24,1.5939,0.6956
2005-01-21,1.5938,0.6953
2005-01-20,1.5934,0.6933
2005-01-19,1.597,0.69655
2005-01-18,1.5969,0.6978
2005-01-17,1.5883,0.7031
2005-01-14,1.5859,0.7006
2005-01-13,1.5917,0.703
2005-01-12,1.5997,0.6999
2005-01-11,1.5992,0.7001
2005-01-10,1.6041,0.6978
2005-01-07,1.6226,0.7028
2005-01-06,1.6224,0.7039
2005-01-05,1.6269,0.70485
2005-01-04,1.6254,0.7062
2005-01-03,1.6278,0.70725
2004-12-31,1.6416,0.70505
2004-12-30,1.6483,0.7088
2004-12-29,1.6579,0.7083
2004-12-28,1.6562,0.70315
2004-12-27,1.6625,0.7036
2004-12-24,1.6631,0.7033
2004-12-23,1.6656,0.7013
2004-12-22,1.6478,0.69905
2004-12-21,1.6424,0.6923
2004-12-20,1.6428,0.6874
2004-12-17,1.6351,0.68585
2004-12-16,1.6436,0.6863
2004-12-15,1.6479,0.69115
2004-12-14,1.6372,0.6915
2004-12-13,1.6271,0.69225
2004-12-10,1.6225,0.6912
2004-12-09,1.6275,0.6919
2004-12-08,1.6306,0.6895
2004-12-07,1.6074,0.6906
2004-12-06,1.6072,0.6918
2004-12-03,1.5928,0.6901
2004-12-02,1.5739,0.68905
2004-12-01,1.5845,0.69155
2004-11-30,1.5785,0.6966
2004-11-29,1.5675,0.701
2004-11-26,1.5631,0.6997
2004-11-25,1.5572,0.7006
2004-11-24,1.5537,0.69985
2004-11-23,1.5508,0.6995
2004-11-22,1.5517,0.70255
2004-11-19,1.566,0.7012
2004-11-18,1.5651,0.7025
2004-11-17,1.5506,0.70135
2004-11-16,1.5504,0.69955
2004-11-15,1.549,0.6989
2004-11-12,1.5394,0.7006
2004-11-11,1.5405,0.7002
2004-11-10,1.5489,0.6987
2004-11-09,1.5397,0.69625
2004-11-08,1.544,0.69695
2004-11-05,1.5507,0.69775
2004-11-04,1.5506,0.6966
2004-11-03,1.5571,0.6919
2004-11-02,1.5559,0.6916
2004-11-01,1.5566,0.6958
2004-10-29,1.5546,0.69565
2004-10-28,1.5606,0.6957
2004-10-27,1.5628,0.69455
2004-10-26,1.5639,0.69555
2004-10-25,1.5629,0.69455
2004-10-22,1.5684,0.691
2004-10-21,1.5716,0.69005
2004-10-20,1.5721,0.6963
2004-10-19,1.5751,0.6943
2004-10-18,1.5658,0.69185
2004-10-15,1.5639,0.68945
2004-10-14,1.5534,0.6876
2004-10-13,1.5537,0.68625
2004-10-12,1.5477,0.6889
2004-10-11,1.5539,0.6903
2004-10-08,1.5475,0.6891
2004-10-07,1.5448,0.69055
2004-10-06,1.5511,0.6895
2004-10-05,1.5603,0.6896
2004-10-04,1.5608,0.68855
2004-10-01,1.5661,0.69095
2004-09-30,1.574,0.6868
2004-09-29,1.5661,0.6818
2004-09-28,1.5677,0.6801
2004-09-27,1.5648,0.6787
2004-09-24,1.5748,0.68315
2004-09-23,1.5793,0.68375
2004-09-22,1.5754,0.68345
2004-09-21,1.5855,0.68335
2004-09-20,1.5763,0.6804
2004-09-17,1.5855,0.6801
2004-09-16,1.5724,0.6798
2004-09-15,1.5889,0.6848
2004-09-14,1.5926,0.68135
2004-09-13,1.5816,0.6801
2004-09-10,1.5789,0.6832
2004-09-09,1.5705,0.6828
2004-09-08,1.5562,0.6788
2004-09-07,1.5648,0.68115
2004-09-06,1.5673,0.6782
2004-09-03,1.5802,0.6799
2004-09-02,1.5884,0.6791
2004-09-01,1.5966,0.67775
2004-08-31,1.5958,0.6755
2004-08-30,1.5845,0.6726
2004-08-27,1.5792,0.6718
2004-08-26,1.5828,0.6732
2004-08-25,1.5823,0.6727
2004-08-24,1.5831,0.6725
2004-08-23,1.5923,0.6744
2004-08-20,1.5975,0.6743
2004-08-19,1.6111,0.67655
2004-08-18,1.6111,0.67485
2004-08-17,1.6109,0.6713
2004-08-16,1.6176,0.6702
2004-08-13,1.6267,0.6701
2004-08-12,1.6239,0.6695
2004-08-11,1.6179,0.669
2004-08-10,1.6178,0.6692
2004-08-09,1.6118,0.66605
2004-08-06,1.5922,0.6619
2004-08-05,1.5866,0.6612
2004-08-04,1.5844,0.6596
2004-08-03,1.6042,0.6607
2004-08-02,1.6011,0.66005
2004-07-30,1.5921,0.66255
2004-07-29,1.6028,0.663
2004-07-28,1.6076,0.66165
2004-07-27,1.6159,0.661
2004-07-26,1.6039,0.66105
2004-07-23,1.6085,0.6632
2004-07-22,1.6199,0.6653
2004-07-21,1.6222,0.6673
2004-07-20,1.6235,0.66685
2004-07-19,1.6271,0.6636
2004-07-16,1.6333,0.6645
2004-07-15,1.6381,0.6677
2004-07-14,1.6348,0.6662
2004-07-13,1.6345,0.6647
2004-07-12,1.6328,0.6667
2004-07-09,1.6303,0.66835
2004-07-08,1.6345,0.6668
2004-07-07,1.6318,0.6676
2004-07-06,1.6255,0.6693
2004-07-05,1.6272,0.6705
2004-07-02,1.6198,0.6687
2004-07-01,1.6172,0.6701
2004-06-30,1.6343,0.67075
2004-06-29,1.6358,0.6682
2004-06-28,1.6442,0.6666
2004-06-25,1.6348,0.6666
2004-06-24,1.633,0.6681
2004-06-23,1.6424,0.6651
2004-06-22,1.6462,0.664
2004-06-21,1.6538,0.66115
2004-06-18,1.6511,0.65595
2004-06-17,1.654,0.65605
2004-06-16,1.6561,0.6594
2004-06-15,1.6603,0.66445
2004-06-14,1.6377,0.6637
2004-06-11,1.6428,0.65935
2004-06-10,1.6381,0.6614
2004-06-09,1.6391,0.6646
2004-06-08,1.652,0.6684
2004-06-07,1.6592,0.67025
2004-06-04,1.6604,0.66385
2004-06-03,1.6611,0.6655
2004-06-02,1.6749,0.665
2004-06-01,1.6703,0.6658
2004-05-31,1.6611,0.66475
2004-05-28,1.6685,0.6673
2004-05-27,1.6636,0.6662
2004-05-26,1.6513,0.6664
2004-05-25,1.6495,0.6682
2004-05-24,1.6391,0.6683
2004-05-21,1.6472,0.6717
2004-05-20,1.6431,0.6733
2004-05-19,1.658,0.6732
2004-05-18,1.6733,0.6774
2004-05-17,1.6632,0.6796
2004-05-14,1.6476,0.6739
2004-05-13,1.6447,0.6703
2004-05-12,1.6471,0.6697
2004-05-11,1.6419,0.672
2004-05-10,1.6482,0.6678
2004-05-07,1.6609,0.6719
2004-05-06,1.6682,0.6746
2004-05-05,1.671,0.6769
2004-05-04,1.6492,0.6746
2004-05-03,1.6402,0.675
2004-04-30,1.6383,0.6737
2004-04-29,1.6239,0.6713
2004-04-28,1.6154,0.6665
2004-04-27,1.6066,0.6638
2004-04-26,1.6043,0.66365
2004-04-23,1.6105,0.66985
2004-04-22,1.6139,0.6714
2004-04-21,1.6108,0.6682
2004-04-20,1.6131,0.66425
2004-04-19,1.6213,0.66635
2004-04-16,1.608,0.6684
2004-04-15,1.6009,0.668
2004-04-14,1.5966,0.6621
2004-04-13,1.6013,0.6556
2004-04-08,1.6009,0.6601
2004-04-07,1.5821,0.6586
2004-04-06,1.5791,0.6582
2004-04-05,1.5842,0.6636
2004-04-02,1.6103,0.6663
2004-04-01,1.615,0.6666
2004-03-31,1.5979,0.6659
2004-03-30,1.5922,0.6681
2004-03-29,1.5985,0.6674
2004-03-26,1.6106,0.66985
2004-03-25,1.6283,0.6725
2004-03-24,1.6307,0.6653
2004-03-23,1.6364,0.6664
2004-03-22,1.6407,0.66945
2004-03-19,1.6428,0.6735
2004-03-18,1.6414,0.67215
2004-03-17,1.6367,0.6756
2004-03-16,1.643,0.6792
2004-03-15,1.6353,0.6818
2004-03-12,1.6306,0.6814
2004-03-11,1.6215,0.6792
2004-03-10,1.6262,0.6756
2004-03-09,1.6398,0.6721
2004-03-08,1.636,0.6678
2004-03-05,1.6276,0.6704
2004-03-04,1.629,0.6663
2004-03-03,1.6443,0.6633
2004-03-02,1.6618,0.667
2004-03-01,1.6707,0.6683
2004-02-27,1.6758,0.67
2004-02-26,1.6668,0.6683
2004-02-25,1.6809,0.6682
2004-02-24,1.682,0.6712
2004-02-23,1.6845,0.6755
2004-02-20,1.6895,0.6734
2004-02-19,1.6856,0.6708
2004-02-18,1.6862,0.6736
2004-02-17,1.6861,0.6747
2004-02-16,1.6802,0.6758
2004-02-13,1.6901,0.6778
2004-02-12,1.6911,0.6774
2004-02-11,1.689,0.6779
2004-02-10,1.6898,0.6821
2004-02-09,1.6866,0.6838
2004-02-06,1.6765,0.68315
2004-02-05,1.6784,0.6854
2004-02-04,1.6811,0.6819
2004-02-03,1.674,0.6836
2004-02-02,1.6604,0.6834
2004-01-30,1.6523,0.6846
2004-01-29,1.6546,0.685
2004-01-28,1.6525,0.68685
2004-01-27,1.6416,0.69085
2004-01-26,1.65,0.6888
2004-01-23,1.6668,0.6891
2004-01-22,1.6487,0.6888
2004-01-21,1.6313,0.69
2004-01-20,1.6206,0.6913
2004-01-19,1.6108,0.6928
2004-01-16,1.6188,0.6884
2004-01-15,1.6313,0.6916
2004-01-14,1.6159,0.69015
2004-01-13,1.6259,0.6897
2004-01-12,1.6323,0.6925
2004-01-09,1.6282,0.6944
2004-01-08,1.628,0.69455
2004-01-07,1.6311,0.6978
2004-01-06,1.6336,0.6998
2004-01-05,1.6249,0.7026
2004-01-02,1.628,0.70545
2003-12-31,1.6234,0.7048
2003-12-30,1.638,0.7036
2003-12-29,1.6315,0.704
2003-12-24,1.6349,0.70175
2003-12-23,1.6445,0.7025
2003-12-22,1.6584,0.7054
2003-12-19,1.6585,0.7029
2003-12-18,1.6496,0.70155
2003-12-17,1.6418,0.703
2003-12-16,1.6278,0.7062
2003-12-15,1.6138,0.7013
2003-12-12,1.6059,0.70125
2003-12-11,1.6094,0.698
2003-12-10,1.6043,0.7024
2003-12-09,1.5918,0.70335
2003-12-08,1.59,0.7043
2003-12-05,1.5772,0.7021
2003-12-04,1.5785,0.70045
2003-12-03,1.5699,0.6999
2003-12-02,1.5636,0.69585
2003-12-01,1.5623,0.6965
2003-11-28,1.5552,0.6971
2003-11-27,1.5567,0.6947
2003-11-26,1.5464,0.6968
2003-11-25,1.548,0.69415
2003-11-24,1.5461,0.69605
2003-11-21,1.5549,0.6983
2003-11-20,1.5518,0.6994
2003-11-19,1.5502,0.7021
2003-11-18,1.5424,0.69705
2003-11-17,1.5383,0.6983
2003-11-14,1.5292,0.697
2003-11-13,1.5195,0.6938
2003-11-12,1.516,0.693
2003-11-11,1.5104,0.6896
2003-11-10,1.5109,0.6866
2003-11-07,1.5203,0.6871
2003-11-06,1.5251,0.683
2003-11-05,1.5279,0.68385
2003-11-04,1.5329,0.684
2003-11-03,1.5391,0.68365
2003-10-31,1.5306,0.6863
2003-10-30,1.5337,0.68825
2003-10-29,1.531,0.6858
2003-10-28,1.5356,0.6904
2003-10-27,1.5371,0.6935
2003-10-24,1.541,0.6948
2003-10-23,1.5399,0.6965
2003-10-22,1.5388,0.695
2003-10-21,1.5375,0.6958
2003-10-20,1.5335,0.69385
2003-10-17,1.5287,0.6936
2003-10-16,1.538,0.6947
2003-10-15,1.5496,0.69905
2003-10-14,1.5474,0.702
2003-10-13,1.5458,0.70435
2003-10-10,1.5676,0.70845
2003-10-09,1.5709,0.7087
2003-10-08,1.5675,0.7083
2003-10-07,1.5723,0.70455
2003-10-06,1.5589,0.6952
2003-10-03,1.5663,0.7002
2003-10-02,1.5793,0.7015
2003-10-01,1.5731,0.7047
2003-09-30,1.5717,0.6986
2003-09-29,1.554,0.6931
2003-09-26,1.5557,0.69165
2003-09-25,1.5516,0.69335
2003-09-24,1.555,0.693
2003-09-23,1.5495,0.6936
2003-09-22,1.5385,0.6968
2003-09-19,1.5341,0.6951
2003-09-18,1.5415,0.699
2003-09-17,1.5338,0.7002
2003-09-16,1.5362,0.7048
2003-09-15,1.5434,0.7038
2003-09-12,1.5327,0.701
2003-09-11,1.5345,0.7036
2003-09-10,1.528,0.703
2003-09-09,1.5253,0.7025
2003-09-08,1.5195,0.6985
2003-09-05,1.5002,0.6919
2003-09-04,1.4965,0.6887
2003-09-03,1.5051,0.69
2003-09-02,1.5072,0.6921
2003-09-01,1.5118,0.6981
2003-08-29,1.5263,0.6926
2003-08-28,1.5225,0.69035
2003-08-27,1.5269,0.6943
2003-08-26,1.5163,0.6918
2003-08-25,1.5271,0.6909
2003-08-22,1.5375,0.6919
2003-08-21,1.5476,0.6944
2003-08-20,1.551,0.6974
2003-08-19,1.5477,0.6991
2003-08-18,1.5543,0.7033
2003-08-15,1.5659,0.70375
2003-08-14,1.5575,0.7012
2003-08-13,1.5615,0.7032
2003-08-12,1.5656,0.7065
2003-08-11,1.5722,0.70545
2003-08-08,1.5813,0.70335
2003-08-07,1.592,0.70635
2003-08-06,1.5942,0.705
2003-08-05,1.5958,0.7045
2003-08-04,1.582,0.7015
2003-08-01,1.5709,0.6962
2003-07-31,1.5867,0.7019
2003-07-30,1.5922,0.7044
2003-07-29,1.5876,0.7062
2003-07-28,1.5901,0.7068
2003-07-25,1.5994,0.711
2003-07-24,1.6011,0.7116
2003-07-23,1.6125,0.711
2003-07-22,1.5951,0.7083
2003-07-21,1.5886,0.7089
2003-07-18,1.5754,0.70445
2003-07-17,1.5637,0.7051
2003-07-16,1.5542,0.7013
2003-07-15,1.5584,0.70325
2003-07-14,1.5577,0.695
2003-07-11,1.5575,0.69185
2003-07-10,1.5724,0.6981
2003-07-09,1.5488,0.6958
2003-07-08,1.5368,0.6907
2003-07-07,1.5306,0.68855
2003-07-04,1.5341,0.68675
2003-07-03,1.5394,0.6896
2003-07-02,1.5594,0.6937
2003-07-01,1.5541,0.69605
2003-06-30,1.5506,0.6932
2003-06-27,1.5448,0.6901
2003-06-26,1.5474,0.687
2003-06-25,1.5628,0.6915
2003-06-24,1.5676,0.694
2003-06-23,1.5755,0.6947
2003-06-20,1.5661,0.6966
2003-06-19,1.5762,0.6965
2003-06-18,1.5727,0.6965
2003-06-17,1.5868,0.702
2003-06-16,1.5825,0.7046
2003-06-13,1.5826,0.7053
2003-06-12,1.5883,0.70215
2003-06-11,1.5937,0.7047
2003-06-10,1.59,0.7065
2003-06-09,1.6014,0.7083
2003-06-06,1.5979,0.7093
2003-06-05,1.5932,0.7121
2003-06-04,1.586,0.7172
2003-06-03,1.6034,0.7173
2003-06-02,1.6058,0.7175
2003-05-30,1.6214,0.7196
2003-05-29,1.6294,0.7158
2003-05-28,1.6243,0.7184
2003-05-27,1.6366,0.7235
2003-05-26,1.6279,0.721
2003-05-23,1.6273,0.7201
2003-05-22,1.5902,0.7163
2003-05-21,1.5783,0.7116
2003-05-20,1.5777,0.713
2003-05-19,1.5846,0.7132
2003-05-16,1.5769,0.7065
2003-05-15,1.5759,0.7072
2003-05-14,1.5977,0.7118
2003-05-13,1.6015,0.7165
2003-05-12,1.6107,0.7197
2003-05-09,1.6049,0.7156
2003-05-08,1.5984,0.7119
2003-05-07,1.5889,0.7121
2003-05-06,1.5956,0.7044
2003-05-05,1.5926,0.6996
2003-05-02,1.5925,0.6998
2003-04-30,1.6038,0.697
2003-04-29,1.5927,0.6891
2003-04-28,1.5951,0.6914
2003-04-25,1.599,0.6914
2003-04-24,1.6112,0.6915
2003-04-23,1.5845,0.6935
2003-04-22,1.5904,0.6961
2003-04-17,1.5881,0.6917
2003-04-16,1.5681,0.6877
2003-04-15,1.5696,0.6857
2003-04-14,1.5657,0.6827
2003-04-11,1.5619,0.6842
2003-04-10,1.5813,0.69
2003-04-09,1.5773,0.6902
2003-04-08,1.576,0.6872
2003-04-07,1.5758,0.6828
2003-04-04,1.5824,0.6844
2003-04-03,1.5773,0.6853
2003-04-02,1.6019,0.6877
2003-04-01,1.5995,0.6908
2003-03-31,1.6037,0.6896
2003-03-28,1.5736,0.6865
2003-03-27,1.5711,0.6811
2003-03-26,1.5669,0.6779
2003-03-25,1.5769,0.6784
2003-03-24,1.5808,0.6763
2003-03-21,1.5654,0.6757
2003-03-20,1.5696,0.677
2003-03-19,1.5675,0.6787
2003-03-18,1.5708,0.6774
2003-03-17,1.5878,0.6827
2003-03-14,1.6034,0.6777
2003-03-13,1.6117,0.6771
2003-03-12,1.624,0.6835
2003-03-11,1.6209,0.6908
2003-03-10,1.6161,0.6905
2003-03-07,1.617,0.6867
2003-03-06,1.6137,0.6831
2003-03-05,1.6157,0.6876
2003-03-04,1.6209,0.6899
2003-03-03,1.6028,0.6853
2003-02-28,1.6088,0.6842
2003-02-27,1.612,0.6842
2003-02-26,1.6081,0.6822
2003-02-25,1.6059,0.684
2003-02-24,1.6054,0.68
2003-02-21,1.6316,0.679
2003-02-20,1.6212,0.67445
2003-02-19,1.6229,0.6727
2003-02-18,1.6325,0.6713
2003-02-17,1.6315,0.6704
2003-02-14,1.6393,0.6677
2003-02-13,1.6411,0.6644
2003-02-12,1.6403,0.6638
2003-02-11,1.6366,0.6606
2003-02-10,1.6458,0.6614
2003-02-07,1.6434,0.6628
2003-02-06,1.648,0.6592
2003-02-05,1.6523,0.6607
2003-02-04,1.6415,0.6571
2003-02-03,1.6303,0.6553
2003-01-31,1.6562,0.6557
2003-01-30,1.641,0.6534
2003-01-29,1.6543,0.6599
2003-01-28,1.6501,0.6597
2003-01-27,1.6504,0.6647
2003-01-24,1.6448,0.6606
2003-01-23,1.6409,0.6638
2003-01-22,1.6408,0.6645
2003-01-21,1.6362,0.6626
2003-01-20,1.6367,0.6635
2003-01-17,1.6304,0.6582
2003-01-16,1.62,0.6585
2003-01-15,1.6234,0.6592
2003-01-14,1.6301,0.6583
2003-01-13,1.6248,0.6568
2003-01-10,1.6285,0.6534
2003-01-09,1.6371,0.653
2003-01-08,1.6231,0.6495
2003-01-07,1.6257,0.6496
2003-01-06,1.6383,0.6495
2003-01-03,1.6264,0.65
2003-01-02,1.6422,0.652
2002-12-31,1.655,0.6505
2002-12-30,1.6381,0.65
2002-12-27,1.6274,0.648
2002-12-24,1.5976,0.6467
2002-12-23,1.5962,0.6446
2002-12-20,1.5899,0.6399
2002-12-19,1.5965,0.6403
2002-12-18,1.5882,0.6403
2002-12-17,1.6047,0.6445
2002-12-16,1.5959,0.6426
2002-12-13,1.5892,0.6445
2002-12-12,1.5775,0.6437
2002-12-11,1.5693,0.6406
2002-12-10,1.5768,0.6416
2002-12-09,1.5752,0.6393
2002-12-06,1.5591,0.6377
2002-12-05,1.5578,0.6364
2002-12-04,1.5607,0.6367
2002-12-03,1.5516,0.6374
2002-12-02,1.5364,0.6382
2002-11-29,1.5586,0.6395
2002-11-28,1.5634,0.6395
2002-11-27,1.5628,0.6413
2002-11-26,1.5573,0.6345
2002-11-25,1.5597,0.6326
2002-11-22,1.5837,0.6335
2002-11-21,1.5851,0.6356
2002-11-20,1.5866,0.6364
2002-11-19,1.6101,0.6373
2002-11-18,1.5934,0.6374
2002-11-15,1.5869,0.6362
2002-11-14,1.5911,0.6355
2002-11-13,1.5899,0.6343
2002-11-12,1.5844,0.6358
2002-11-11,1.5905,0.637
2002-11-08,1.5752,0.6375
2002-11-07,1.5536,0.6384
2002-11-06,1.5507,0.6394
2002-11-05,1.5601,0.6413
2002-11-04,1.5483,0.639
2002-11-01,1.5531,0.6368
2002-10-31,1.5449,0.6326
2002-10-30,1.5365,0.6317
2002-10-29,1.5329,0.6307
2002-10-28,1.5237,0.6299
2002-10-25,1.5277,0.6286
2002-10-24,1.5221,0.6295
2002-10-23,1.5331,0.6313
2002-10-22,1.527,0.6315
2002-10-21,1.53,0.63
2002-10-18,1.5304,0.6283
2002-10-17,1.539,0.62665
2002-10-16,1.559,0.6318
2002-10-15,1.5531,0.631
2002-10-14,1.5648,0.6322
2002-10-11,1.5648,0.6321
2002-10-10,1.5719,0.6317
2002-10-09,1.5668,0.6318
2002-10-08,1.559,0.6266
2002-10-07,1.5608,0.6265
2002-10-04,1.5665,0.629
2002-10-03,1.5733,0.6296
2002-10-02,1.5556,0.6279
2002-10-01,1.5639,0.6277
2002-09-30,1.5566,0.6295
2002-09-27,1.5409,0.6282
2002-09-26,1.5461,0.6274
2002-09-25,1.5495,0.6271
2002-09-24,1.5617,0.6311
2002-09-23,1.547,0.6319
2002-09-20,1.5403,0.6333
2002-09-19,1.5416,0.6314
2002-09-18,1.543,0.6316
2002-09-17,1.5217,0.6297
2002-09-16,1.5318,0.628
2002-09-13,1.5521,0.6286
2002-09-12,1.5425,0.6274
2002-09-11,1.5386,0.6264
2002-09-10,1.5315,0.6281
2002-09-09,1.529,0.6287
2002-09-06,1.5558,0.63255
2002-09-05,1.5691,0.6354
2002-09-04,1.5444,0.6354
2002-09-03,1.539,0.6363
2002-09-02,1.5301,0.6343
2002-08-30,1.5315,0.6352
2002-08-29,1.534,0.6383
2002-08-28,1.5283,0.6394
2002-08-27,1.5154,0.64
2002-08-26,1.5097,0.6382
2002-08-23,1.5105,0.6384
2002-08-22,1.5224,0.6395
2002-08-21,1.5308,0.6406
2002-08-20,1.5387,0.6416
2002-08-19,1.5249,0.638
2002-08-16,1.5315,0.6403
2002-08-15,1.5252,0.6381
2002-08-14,1.5426,0.6394
2002-08-13,1.5435,0.6391
2002-08-12,1.5368,0.6386
2002-08-09,1.529,0.6355
2002-08-08,1.5228,0.6335
2002-08-07,1.5313,0.6311
2002-08-06,1.5486,0.6279
2002-08-05,1.5606,0.6297
2002-08-02,1.5688,0.6295
2002-08-01,1.5461,0.6274
2002-07-31,1.5425,0.6261
2002-07-30,1.5456,0.6294
2002-07-29,1.5527,0.6285
2002-07-26,1.5722,0.6337
2002-07-25,1.5713,0.636
2002-07-24,1.5742,0.6331
2002-07-23,1.5625,0.6329
2002-07-22,1.5596,0.6411
2002-07-19,1.5563,0.643
2002-07-18,1.5502,0.6428
2002-07-17,1.5512,0.6432
2002-07-16,1.5574,0.6438
2002-07-15,1.5371,0.6413
2002-07-12,1.5063,0.6382
2002-07-11,1.5001,0.6379
2002-07-10,1.5034,0.6396
2002-07-09,1.511,0.6425
2002-07-08,1.497,0.6422
2002-07-05,1.4875,0.6412
2002-07-04,1.4995,0.6414
2002-07-03,1.4943,0.6421
2002-07-02,1.5032,0.6432
2002-07-01,1.504,0.6469
2002-06-28,1.5005,0.6498
2002-06-27,1.4844,0.646
2002-06-26,1.4995,0.6491
2002-06-25,1.4777,0.6464
2002-06-24,1.4836,0.6501
2002-06-21,1.4728,0.6444
2002-06-20,1.4737,0.6422
2002-06-19,1.4747,0.6408
2002-06-18,1.4635,0.6393
2002-06-17,1.4594,0.6386
2002-06-14,1.4648,0.642
2002-06-13,1.4491,0.6404
2002-06-12,1.4541,0.6431
2002-06-11,1.4516,0.643
2002-06-10,1.4527,0.6473
2002-06-07,1.4475,0.6465
2002-06-06,1.4366,0.6438
2002-06-05,1.4375,0.643
2002-06-04,1.4417,0.645
2002-06-03,1.4287,0.6402
2002-05-31,1.4382,0.6405
2002-05-30,1.4383,0.6395
2002-05-29,1.4244,0.6373
2002-05-28,1.4184,0.6344
2002-05-27,1.4114,0.6318
2002-05-24,1.4157,0.6327
2002-05-23,1.4162,0.6323
2002-05-22,1.4251,0.634
2002-05-21,1.4169,0.6321
2002-05-20,1.4182,0.6302
2002-05-17,1.4189,0.6279
2002-05-16,1.4184,0.6253
2002-05-15,1.4081,0.6228
2002-05-14,1.4127,0.624
2002-05-13,1.4199,0.6244
2002-05-10,1.4234,0.6239
2002-05-09,1.4222,0.6221
2002-05-08,1.4238,0.6227
2002-05-07,1.4322,0.623
2002-05-06,1.431,0.623
2002-05-03,1.4165,0.6192
2002-05-02,1.4123,0.6179
2002-04-30,1.4126,0.6188
2002-04-29,1.413,0.6186
2002-04-26,1.4034,0.6177
2002-04-25,1.4032,0.6178
2002-04-24,1.3959,0.615
2002-04-23,1.3953,0.6132
2002-04-22,1.3974,0.6138
2002-04-19,1.3992,0.6144
2002-04-18,1.3986,0.6154
2002-04-17,1.4014,0.6148
2002-04-16,1.3974,0.6126
2002-04-15,1.3964,0.6124
2002-04-12,1.3989,0.6125
2002-04-11,1.3978,0.6127
2002-04-10,1.4023,0.6123
2002-04-09,1.3985,0.6123
2002-04-08,1.3957,0.6118
2002-04-05,1.3997,0.6125
2002-04-04,1.4029,0.6139
2002-04-03,1.401,0.6121
2002-04-02,1.4059,0.6109
2002-03-28,1.3923,0.613
2002-03-27,1.3897,0.6139
2002-03-26,1.3927,0.6138
2002-03-25,1.3871,0.6135
2002-03-22,1.3859,0.6169
2002-03-21,1.3956,0.618
2002-03-20,1.3908,0.6196
2002-03-19,1.3969,0.6181
2002-03-18,1.3951,0.6174
2002-03-15,1.4098,0.6213
2002-03-14,1.4055,0.6209
2002-03-13,1.385,0.6192
2002-03-12,1.3831,0.6177
2002-03-11,1.3872,0.6153
2002-03-08,1.3946,0.6162
2002-03-07,1.3855,0.6165
2002-03-06,1.3836,0.6125
2002-03-05,1.3798,0.6109
2002-03-04,1.3762,0.6097
2002-03-01,1.3886,0.6103
2002-02-28,1.3886,0.61115
2002-02-27,1.3896,0.61
2002-02-26,1.3939,0.6092
2002-02-25,1.3938,0.6114
2002-02-22,1.3914,0.6117
2002-02-21,1.3823,0.6105
2002-02-20,1.3908,0.6114
2002-02-19,1.3814,0.6101
2002-02-18,1.3862,0.6098
2002-02-15,1.3852,0.6095
2002-02-14,1.3819,0.6093
2002-02-13,1.3926,0.6102
2002-02-12,1.393,0.6136
2002-02-11,1.4015,0.6176
2002-02-08,1.3956,0.6183
2002-02-07,1.3902,0.6149
2002-02-06,1.3879,0.6122
2002-02-05,1.3881,0.6115
2002-02-04,1.3747,0.6097
2002-02-01,1.3709,0.61
2002-01-31,1.3672,0.6111
2002-01-30,1.3712,0.611
2002-01-29,1.3697,0.6106
2002-01-28,1.383,0.6096
2002-01-25,1.3934,0.6126
2002-01-24,1.403,0.6169
2002-01-23,1.4233,0.6203
2002-01-22,1.4202,0.6184
2002-01-21,1.4297,0.6156
2002-01-18,1.4219,0.6141
2002-01-17,1.423,0.6144
2002-01-16,1.4027,0.6135
2002-01-15,1.4209,0.6165
2002-01-14,1.4252,0.6157
2002-01-11,1.4292,0.6179
2002-01-10,1.4254,0.6172
2002-01-09,1.4231,0.61875
2002-01-08,1.4267,0.6182
2002-01-07,1.4212,0.6194
2002-01-04,1.4305,0.6217
2002-01-03,1.4422,0.6254
2002-01-02,1.4436,0.6262
2001-12-28,1.4077,0.6085
2001-12-27,1.4134,0.609
2001-12-24,1.4044,0.6127
2001-12-21,1.4145,0.6176
2001-12-20,1.4155,0.6203
2001-12-19,1.4169,0.6197
2001-12-18,1.4141,0.6189
2001-12-17,1.4129,0.6213
2001-12-14,1.414,0.6217
2001-12-13,1.4066,0.6209
2001-12-12,1.4005,0.6207
2001-12-11,1.4063,0.621
2001-12-10,1.3966,0.6198
2001-12-07,1.405,0.6241
2001-12-06,1.3973,0.62555
2001-12-05,1.4035,0.627
2001-12-04,1.4007,0.6259
2001-12-03,1.4054,0.6275
2001-11-30,1.4057,0.6238
2001-11-29,1.4061,0.6236
2001-11-28,1.4031,0.6235
2001-11-27,1.4,0.6236
2001-11-26,1.41,0.622
2001-11-23,1.4055,0.6219
2001-11-22,1.4048,0.6211
2001-11-21,1.4052,0.6194
2001-11-20,1.4044,0.6227
2001-11-19,1.3928,0.6186
2001-11-16,1.4075,0.6175
2001-11-15,1.4049,0.6149
2001-11-14,1.4,0.6126
2001-11-13,1.4113,0.6125
2001-11-12,1.429,0.61355
2001-11-09,1.4278,0.6144
2001-11-08,1.4324,0.6128
2001-11-07,1.4354,0.6155
2001-11-06,1.4282,0.6152
2001-11-05,1.4272,0.6162
2001-11-02,1.4464,0.6183
2001-11-01,1.4486,0.6206
2001-10-31,1.4347,0.6213
2001-10-30,1.4281,0.6232
2001-10-29,1.4199,0.621
2001-10-26,1.4027,0.6234
2001-10-25,1.3992,0.624
2001-10-24,1.4033,0.6257
2001-10-23,1.4008,0.6258
2001-10-22,1.4136,0.627
2001-10-19,1.4204,0.6249
2001-10-18,1.4211,0.6249
2001-10-17,1.4121,0.6241
2001-10-16,1.411,0.6262
2001-10-15,1.4205,0.6273
2001-10-12,1.4114,0.6248
2001-10-11,1.4196,0.6252
2001-10-10,1.4306,0.6286
2001-10-09,1.4335,0.6257
2001-10-08,1.44,0.6251
2001-10-05,1.4382,0.6204
2001-10-04,1.4283,0.6192
2001-10-03,1.4431,0.6245
2001-10-02,1.443,0.6208
2001-10-01,1.4407,0.6174
2001-09-28,1.4418,0.622
2001-09-27,1.4478,0.6244
2001-09-26,1.4475,0.6255
2001-09-25,1.4382,0.6275
2001-09-24,1.4372,0.6266
2001-09-21,1.4385,0.6301
2001-09-20,1.4524,0.632
2001-09-19,1.455,0.6323
2001-09-18,1.4535,0.6304
2001-09-17,1.4555,0.6304
2001-09-14,1.4483,0.6247
2001-09-13,1.4158,0.6169
2001-09-12,1.4151,0.6176
2001-09-11,1.3984,0.6156
2001-09-10,1.4175,0.6172
2001-09-07,1.3942,0.6161
2001-09-06,1.3784,0.6109
2001-09-05,1.3874,0.6148
2001-09-04,1.3899,0.6197
2001-09-03,1.4075,0.6235
2001-08-31,1.4143,0.6285
2001-08-30,1.4047,0.6257
2001-08-29,1.4053,0.6269
2001-08-28,1.3958,0.6281
2001-08-27,1.4009,0.6307
2001-08-24,1.4048,0.6317
2001-08-23,1.4072,0.6306
2001-08-22,1.4272,0.6326
2001-08-21,1.4107,0.6304
2001-08-20,1.4145,0.633
2001-08-17,1.4053,0.6327
2001-08-16,1.3962,0.6328
2001-08-15,1.3955,0.6344
2001-08-14,1.3802,0.6312
2001-08-13,1.383,0.6312
2001-08-10,1.3793,0.6269
2001-08-09,1.3584,0.6234
2001-08-08,1.3441,0.6187
2001-08-07,1.3395,0.6195
2001-08-06,1.3465,0.619
2001-08-03,1.3516,0.6164
2001-08-02,1.3515,0.6145
2001-08-01,1.3553,0.6156
2001-07-31,1.3389,0.6143
2001-07-30,1.3407,0.6136
2001-07-27,1.3426,0.6141
2001-07-26,1.3465,0.6146
2001-07-25,1.3506,0.6157
2001-07-24,1.3401,0.6139
2001-07-23,1.34,0.6097
2001-07-20,1.3531,0.6118
2001-07-19,1.3432,0.615
2001-07-18,1.3242,0.6127
2001-07-17,1.3083,0.6088
2001-07-16,1.3209,0.6126
2001-07-13,1.3093,0.6091
2001-07-12,1.3024,0.6071
2001-07-11,1.3102,0.6078
2001-07-10,1.298,0.6052
2001-07-09,1.2841,0.6014
2001-07-06,1.2698,0.5996
2001-07-05,1.2729,0.599
2001-07-04,1.2776,0.6026
2001-07-03,1.284,0.6019
2001-07-02,1.28,0.598
2001-06-29,1.2927,0.6031
2001-06-28,1.2955,0.6035
2001-06-27,1.3033,0.6091
2001-06-26,1.3085,0.609
2001-06-25,1.3099,0.6082
2001-06-22,1.3002,0.6037
2001-06-21,1.3076,0.6064
2001-06-20,1.3072,0.611
2001-06-19,1.3124,0.6132
2001-06-18,1.3122,0.6124
2001-06-15,1.3244,0.615
2001-06-14,1.2925,0.6114
2001-06-13,1.3014,0.6203
2001-06-12,1.2915,0.6152
2001-06-11,1.2884,0.6136
2001-06-08,1.2864,0.6128
2001-06-07,1.2878,0.6124
2001-06-06,1.3047,0.6087
2001-06-05,1.3005,0.5998
2001-06-04,1.3046,0.6004
2001-06-01,1.3009,0.5978
2001-05-31,1.3146,0.5973
2001-05-30,1.3194,0.6024
2001-05-29,1.3167,0.6032
2001-05-28,1.3253,0.6048
2001-05-25,1.324,0.6045
2001-05-24,1.3345,0.6077
2001-05-23,1.3269,0.6037
2001-05-22,1.3361,0.6069
2001-05-21,1.3432,0.609
2001-05-18,1.3486,0.6137
2001-05-17,1.354,0.6165
2001-05-16,1.3666,0.6193
2001-05-15,1.3621,0.6185
2001-05-14,1.358,0.6172
2001-05-11,1.3529,0.6181
2001-05-10,1.3627,0.6223
2001-05-09,1.3602,0.6213
2001-05-08,1.3677,0.6185
2001-05-07,1.3686,0.62
2001-05-04,1.3686,0.6226
2001-05-03,1.3656,0.6222
2001-05-02,1.3641,0.6225
2001-04-30,1.37,0.6195
2001-04-27,1.3929,0.6254
2001-04-26,1.3922,0.6246
2001-04-25,1.3804,0.6227
2001-04-24,1.3896,0.6236
2001-04-23,1.3912,0.6246
2001-04-20,1.3891,0.6235
2001-04-19,1.3731,0.6172
2001-04-18,1.377,0.6156
2001-04-17,1.3727,0.6131
2001-04-12,1.379,0.6173
2001-04-11,1.3765,0.6179
2001-04-10,1.3949,0.6199
2001-04-09,1.4095,0.6243
2001-04-06,1.4075,0.6265
2001-04-05,1.4204,0.6282
2001-04-04,1.4208,0.6289
2001-04-03,1.3974,0.6212
2001-04-02,1.3808,0.618
2001-03-30,1.3904,0.6192
2001-03-29,1.3884,0.6148
2001-03-28,1.3935,0.6194
2001-03-27,1.3962,0.624
2001-03-26,1.3952,0.6231
2001-03-23,1.3973,0.6258
2001-03-22,1.3975,0.6257
2001-03-21,1.4138,0.6293
2001-03-20,1.412,0.6313
2001-03-19,1.4098,0.6292
2001-03-16,1.4008,0.6251
2001-03-15,1.413,0.6285
2001-03-14,1.4202,0.6304
2001-03-13,1.4287,0.6341
2001-03-12,1.4358,0.6336
2001-03-09,1.4463,0.6374
2001-03-08,1.4451,0.6344
2001-03-07,1.4395,0.6358
2001-03-06,1.4314,0.6323
2001-03-05,1.4362,0.633
2001-03-02,1.4488,0.6356
2001-03-01,1.4273,0.6392
2001-02-28,1.4151,0.6387
2001-02-27,1.4012,0.6349
2001-02-26,1.3969,0.6283
2001-02-23,1.3937,0.6265
2001-02-22,1.3916,0.627
2001-02-21,1.4097,0.6335
2001-02-20,1.3928,0.6314
2001-02-19,1.4202,0.6344
2001-02-16,1.3991,0.6284
2001-02-15,1.3901,0.6279
2001-02-14,1.3969,0.6306
2001-02-13,1.4145,0.6376
2001-02-12,1.4064,0.6398
2001-02-09,1.3931,0.6382
2001-02-08,1.3916,0.6355
2001-02-07,1.4092,0.6384
2001-02-06,1.4084,0.6366
2001-02-05,1.4107,0.6387
2001-02-02,1.4046,0.6364
2001-02-01,1.4075,0.6371
2001-01-31,1.3954,0.6367
2001-01-30,1.3809,0.6298
2001-01-29,1.3825,0.6304
2001-01-26,1.3878,0.6315
2001-01-25,1.3861,0.6304
2001-01-24,1.4059,0.6341
2001-01-23,1.4157,0.6388
2001-01-22,1.4023,0.639
2001-01-19,1.4185,0.638
2001-01-18,1.4196,0.6385
2001-01-17,1.4164,0.6366
2001-01-16,1.4141,0.6407
2001-01-15,1.417,0.6388
2001-01-12,1.4244,0.6408
2001-01-11,1.4259,0.635
2001-01-10,1.4082,0.6308
2001-01-09,1.4063,0.6314
2001-01-08,1.4212,0.6328
2001-01-05,1.4348,0.6349
2001-01-04,1.4141,0.6326
2001-01-03,1.4266,0.6325
2001-01-02,1.4115,0.6315
2000-12-29,1.3965,0.6241
2000-12-28,1.4022,0.6238
2000-12-27,1.4062,0.6254
2000-12-22,1.4053,0.6242
2000-12-21,1.3924,0.618
2000-12-20,1.3807,0.6173
2000-12-19,1.3587,0.6072
2000-12-18,1.3681,0.6074
2000-12-15,1.362,0.6088
2000-12-14,1.3424,0.603
2000-12-13,1.3376,0.604
2000-12-12,1.341,0.6064
2000-12-11,1.3373,0.6049
2000-12-08,1.3582,0.6128
2000-12-07,1.3647,0.6192
2000-12-06,1.3621,0.6152
2000-12-05,1.3573,0.6101
2000-12-04,1.3814,0.6137
2000-12-01,1.3361,0.6095
2000-11-30,1.3375,0.6128
2000-11-29,1.3275,0.6069
2000-11-28,1.3095,0.6019
2000-11-27,1.2934,0.5966
2000-11-24,1.3037,0.5994
2000-11-23,1.3025,0.6
2000-11-22,1.3062,0.5959
2000-11-21,1.3194,0.5968
2000-11-20,1.3213,0.5955
2000-11-17,1.3288,0.5999
2000-11-16,1.3297,0.6018
2000-11-15,1.3316,0.6031
2000-11-14,1.3228,0.5995
2000-11-13,1.3338,0.6016
2000-11-10,1.3434,0.6059
2000-11-09,1.3158,0.6017
2000-11-08,1.3157,0.6006
2000-11-07,1.3126,0.601
2000-11-06,1.3283,0.5995
2000-11-03,1.3354,0.6013
2000-11-02,1.3261,0.5956
2000-11-01,1.3038,0.5912
2000-10-31,1.2887,0.5809
2000-10-30,1.299,0.5812
2000-10-27,1.2666,0.5804
2000-10-26,1.2491,0.5807
2000-10-25,1.2644,0.5771
2000-10-24,1.2679,0.577
2000-10-23,1.2679,0.576
2000-10-20,1.2774,0.5832
2000-10-19,1.272,0.5826
2000-10-18,1.294,0.5873
2000-10-17,1.2922,0.5908
2000-10-16,1.2851,0.5884
2000-10-13,1.3093,0.5868
2000-10-12,1.3021,0.5921
2000-10-11,1.3106,0.5968
2000-10-10,1.31,0.5992
2000-10-09,1.3069,0.6006
2000-10-06,1.2997,0.6014
2000-10-05,1.3146,0.6027
2000-10-04,1.3098,0.6003
2000-10-03,1.3212,0.6006
2000-10-02,1.3235,0.5991
2000-09-29,1.3198,0.5967
2000-09-28,1.3241,0.6025
2000-09-27,1.3206,0.6045
2000-09-26,1.3029,0.6028
2000-09-25,1.3054,0.6028
2000-09-22,1.3251,0.6063
2000-09-21,1.2671,0.6004
2000-09-20,1.2549,0.5989
2000-09-19,1.2699,0.6084
2000-09-18,1.2658,0.6096
2000-09-15,1.2815,0.6125
2000-09-14,1.2956,0.6133
2000-09-13,1.2801,0.6142
2000-09-12,1.2751,0.6145
2000-09-11,1.2716,0.6078
2000-09-08,1.2884,0.6124
2000-09-07,1.2873,0.6047
2000-09-06,1.3032,0.6087
2000-09-05,1.3109,0.6124
2000-09-04,1.3255,0.6154
2000-09-01,1.3102,0.6135
2000-08-31,1.3141,0.6132
2000-08-30,1.322,0.6148
2000-08-29,1.3288,0.6139
2000-08-28,1.3371,0.612
2000-08-25,1.3361,0.6122
2000-08-24,1.3375,0.6087
2000-08-23,1.3237,0.6027
2000-08-22,1.3264,0.6038
2000-08-21,1.3288,0.6051
2000-08-18,1.3468,0.6099
2000-08-17,1.3505,0.6096
2000-08-16,1.3441,0.6052
2000-08-15,1.3564,0.6059
2000-08-14,1.3364,0.5984
2000-08-11,1.3545,0.6061
2000-08-10,1.3392,0.6018
2000-08-09,1.3351,0.5978
2000-08-08,1.3452,0.5996
2000-08-07,1.3575,0.6032
2000-08-04,1.3424,0.6008
2000-08-03,1.3372,0.607
2000-08-02,1.3544,0.6143
2000-08-01,1.3794,0.6172
2000-07-31,1.3702,0.6179
2000-07-28,1.3663,0.615
2000-07-27,1.3773,0.6198
2000-07-26,1.3772,0.6189
2000-07-25,1.3803,0.6201
2000-07-24,1.37,0.6151
2000-07-21,1.3783,0.6185
2000-07-20,1.3625,0.6165
2000-07-19,1.3595,0.6156
2000-07-18,1.3849,0.6241
2000-07-17,1.3877,0.627
2000-07-14,1.3863,0.6227
2000-07-13,1.3861,0.6224
2000-07-12,1.4034,0.627
2000-07-11,1.4066,0.63
2000-07-10,1.4098,0.628
2000-07-07,1.407,0.6278
2000-07-06,1.4197,0.631
2000-07-05,1.4179,0.6313
2000-07-04,1.4054,0.6271
2000-07-03,1.4049,0.6281
2000-06-30,1.4157,0.6323
2000-06-29,1.4052,0.6257
2000-06-28,1.394,0.6253
2000-06-27,1.3939,0.6281
2000-06-26,1.3873,0.6215
2000-06-23,1.3876,0.625
2000-06-22,1.3876,0.6244
2000-06-21,1.394,0.6307
2000-06-20,1.3998,0.6326
2000-06-19,1.4143,0.6373
2000-06-16,1.4097,0.6329
2000-06-15,1.4011,0.6316
2000-06-14,1.4168,0.6402
2000-06-13,1.4102,0.633
2000-06-12,1.4058,0.6303
2000-06-09,1.3982,0.631
2000-06-08,1.4271,0.6359
2000-06-07,1.4093,0.6276
2000-06-06,1.4017,0.6264
2000-06-05,1.3905,0.623
2000-06-02,1.3944,0.6251
2000-06-01,1.3958,0.624
2000-05-31,1.3982,0.6225
2000-05-30,1.4065,0.6226
2000-05-29,1.3915,0.6223
2000-05-26,1.3733,0.6209
2000-05-25,1.36,0.61
2000-05-24,1.3714,0.6165
2000-05-23,1.3616,0.6151
2000-05-22,1.345,0.605
2000-05-19,1.3324,0.5988
2000-05-18,1.3443,0.6039
2000-05-17,1.3289,0.5987
2000-05-16,1.3475,0.6045
2000-05-15,1.3608,0.6045
2000-05-12,1.3431,0.596
2000-05-11,1.3565,0.6051
2000-05-10,1.3593,0.5976
2000-05-09,1.3418,0.5847
2000-05-08,1.333,0.5851
2000-05-05,1.3457,0.5838
2000-05-04,1.336,0.5818
2000-05-03,1.3252,0.5711
2000-05-02,1.3465,0.5827
2000-04-28,1.3457,0.5794
2000-04-27,1.3543,0.5827
2000-04-26,1.3492,0.5827
2000-04-25,1.3724,0.5896
2000-04-20,1.3815,0.5934
2000-04-19,1.3994,0.5983
2000-04-18,1.4142,0.6003
2000-04-17,1.4184,0.6026
2000-04-14,1.4063,0.6016
2000-04-13,1.3931,0.5999
2000-04-12,1.4018,0.6038
2000-04-11,1.4017,0.6055
2000-04-10,1.3989,0.6064
2000-04-07,1.3917,0.6047
2000-04-06,1.3946,0.6075
2000-04-05,1.4078,0.6088
2000-04-04,1.3842,0.5971
2000-04-03,1.3873,0.6
2000-03-31,1.3879,0.5985
2000-03-30,1.3922,0.601
2000-03-29,1.3935,0.6032
2000-03-28,1.406,0.6088
2000-03-27,1.4207,0.6087
2000-03-24,1.4238,0.6115
2000-03-23,1.4203,0.6104
2000-03-22,1.4106,0.6125
2000-03-21,1.4259,0.6176
2000-03-20,1.4282,0.6201
2000-03-17,1.4277,0.6146
2000-03-16,1.417,0.6155
2000-03-15,1.4142,0.614
2000-03-14,1.4054,0.6123
2000-03-13,1.4166,0.6146
2000-03-10,1.3981,0.6095
2000-03-09,1.402,0.6086
2000-03-08,1.3917,0.6043
2000-03-07,1.3939,0.6096
2000-03-06,1.3976,0.6111
2000-03-03,1.4051,0.6117
2000-03-02,1.4123,0.614
2000-03-01,1.3968,0.6123
2000-02-29,1.4097,0.6134
2000-02-28,1.3969,0.6072
2000-02-25,1.4265,0.6155
2000-02-24,1.4479,0.6188
2000-02-23,1.4754,0.6252
2000-02-22,1.4586,0.6226
2000-02-21,1.4317,0.6161
2000-02-18,1.4288,0.6144
2000-02-17,1.4409,0.6158
2000-02-16,1.4279,0.6129
2000-02-15,1.4259,0.6159
2000-02-14,1.4308,0.6201
2000-02-11,1.4173,0.6136
2000-02-10,1.4317,0.6126
2000-02-09,1.4334,0.6169
2000-02-08,1.4354,0.6182
2000-02-07,1.4045,0.6134
2000-02-04,1.4182,0.6195
2000-02-03,1.4045,0.6086
2000-02-02,1.4098,0.6051
2000-02-01,1.4121,0.602
2000-01-31,1.4195,0.6047
2000-01-28,1.4178,0.6051
2000-01-27,1.4331,0.6089
2000-01-26,1.4405,0.6094
2000-01-25,1.4444,0.6083
2000-01-24,1.446,0.6062
2000-01-21,1.4607,0.6113
2000-01-20,1.4625,0.6127
2000-01-19,1.4647,0.6172
2000-01-18,1.4626,0.6174
2000-01-17,1.4651,0.618
2000-01-14,1.4819,0.6221
2000-01-13,1.4897,0.6255
2000-01-12,1.5017,0.6253
2000-01-11,1.4963,0.6251
2000-01-10,1.4873,0.6249
2000-01-07,1.501,0.6262
2000-01-06,1.5091,0.6302
2000-01-05,1.5065,0.6324
2000-01-04,1.4936,0.6296
2000-01-03,1.4577,0.6246
1999-12-30,1.4608,0.6217
1999-12-29,1.4613,0.6226
1999-12-28,1.4678,0.6249
1999-12-27,1.4868,0.6267
1999-12-24,1.4919,0.6267
1999-12-23,1.489,0.6265
1999-12-22,1.4877,0.6253
1999-12-21,1.4932,0.6276
1999-12-20,1.4944,0.628
1999-12-17,1.4963,0.6287
1999-12-16,1.504,0.6286
1999-12-15,1.4867,0.6241
1999-12-14,1.4866,0.6215
1999-12-13,1.4966,0.6238
1999-12-10,1.4968,0.6247
1999-12-09,1.5046,0.6261
1999-12-08,1.5134,0.6294
1999-12-07,1.5087,0.6302
1999-12-06,1.5078,0.631
1999-12-03,1.4823,0.6255
1999-12-02,1.4877,0.6292
1999-12-01,1.4882,0.6304
1999-11-30,1.4868,0.6325
1999-11-29,1.4837,0.6297
1999-11-26,1.4809,0.6301
1999-11-25,1.4971,0.6312
1999-11-24,1.4981,0.6331
1999-11-23,1.511,0.6348
1999-11-22,1.5089,0.6361
1999-11-19,1.5053,0.6353
1999-11-18,1.522,0.6397
1999-11-17,1.5238,0.64
1999-11-16,1.515,0.6369
1999-11-15,1.5076,0.6371
1999-11-12,1.5082,0.638
1999-11-11,1.5275,0.6414
1999-11-10,1.5289,0.6416
1999-11-09,1.532,0.6415
1999-11-08,1.526,0.6412
1999-11-05,1.5176,0.6397
1999-11-04,1.5378,0.6389
1999-11-03,1.541,0.6361
1999-11-02,1.5395,0.6382
1999-11-01,1.5526,0.6413
1999-10-29,1.5419,0.6393
1999-10-28,1.5508,0.6415
1999-10-27,1.554,0.6392
1999-10-26,1.5626,0.6413
1999-10-25,1.5809,0.6433
1999-10-22,1.5907,0.6426
1999-10-21,1.6072,0.6446
1999-10-20,1.6032,0.646
1999-10-19,1.6155,0.6474
1999-10-18,1.618,0.6509
1999-10-15,1.6094,0.6519
1999-10-14,1.5946,0.6499
1999-10-13,1.5916,0.6518
1999-10-12,1.573,0.6459
1999-10-11,1.5656,0.6424
1999-10-08,1.5656,0.6451
1999-10-07,1.5759,0.649
1999-10-06,1.5774,0.6488
1999-10-05,1.5678,0.6456
1999-10-04,1.5809,0.6469
1999-10-01,1.57,0.6499
1999-09-30,1.5652,0.6475
1999-09-29,1.5444,0.643
1999-09-28,1.5335,0.6362
1999-09-27,1.5297,0.6327
1999-09-24,1.5431,0.6374
1999-09-23,1.534,0.639
1999-09-22,1.5449,0.6423
1999-09-21,1.5326,0.6383
1999-09-20,1.5363,0.641
1999-09-17,1.528,0.6423
1999-09-16,1.5324,0.6416
1999-09-15,1.5325,0.6462
1999-09-14,1.5235,0.6468
1999-09-13,1.524,0.6407
1999-09-10,1.5578,0.6463
1999-09-09,1.5731,0.6513
1999-09-08,1.5813,0.6536
1999-09-07,1.5729,0.6576
1999-09-06,1.5788,0.6607
1999-09-03,1.5988,0.6634
1999-09-02,1.5878,0.6631
1999-09-01,1.5852,0.6593
1999-08-31,1.5753,0.6585
1999-08-30,1.5547,0.6582
1999-08-27,1.5619,0.6588
1999-08-26,1.5698,0.6574
1999-08-25,1.5576,0.6572
1999-08-24,1.5735,0.6576
1999-08-23,1.5873,0.658
1999-08-20,1.5971,0.659
1999-08-19,1.5649,0.6556
1999-08-18,1.5604,0.6556
1999-08-17,1.5575,0.6584
1999-08-16,1.5607,0.6585
1999-08-13,1.5826,0.6619
1999-08-12,1.5816,0.6614
1999-08-11,1.5926,0.6623
1999-08-10,1.6129,0.6655
1999-08-09,1.6056,0.6665
1999-08-06,1.6108,0.665
1999-08-05,1.6102,0.667
1999-08-04,1.6114,0.6627
1999-08-03,1.5944,0.6588
1999-08-02,1.6093,0.6591
1999-07-30,1.6099,0.6598
1999-07-29,1.6114,0.6665
1999-07-28,1.6042,0.6683
1999-07-27,1.6038,0.668
1999-07-26,1.6203,0.6731
1999-07-23,1.582,0.6634
1999-07-22,1.5776,0.6642
1999-07-21,1.5656,0.6653
1999-07-20,1.5507,0.6618
1999-07-19,1.5123,0.6511
1999-07-16,1.5136,0.6509
1999-07-15,1.5109,0.6513
1999-07-14,1.5116,0.6523
1999-07-13,1.5097,0.6538
1999-07-12,1.4967,0.6527
1999-07-09,1.5003,0.6577
1999-07-08,1.4967,0.6544
1999-07-07,1.5018,0.6563
1999-07-06,1.4984,0.6514
1999-07-05,1.4985,0.6491
1999-07-02,1.5066,0.6498
1999-07-01,1.5035,0.6502
1999-06-30,1.5262,0.6563
1999-06-29,1.5258,0.6544
1999-06-28,1.5242,0.6564
1999-06-25,1.5353,0.6578
1999-06-24,1.5165,0.6533
1999-06-23,1.5104,0.6511
1999-06-22,1.5176,0.6498
1999-06-21,1.5119,0.6506
1999-06-18,1.5215,0.6506
1999-06-17,1.5046,0.6481
1999-06-16,1.5138,0.651
1999-06-15,1.5207,0.6501
1999-06-14,1.5234,0.6473
1999-06-11,1.5273,0.6506
1999-06-10,1.5395,0.6538
1999-06-09,1.5413,0.6523
1999-06-08,1.5242,0.6489
1999-06-07,1.5148,0.6414
1999-06-04,1.5233,0.6412
1999-06-03,1.5344,0.6458
1999-06-02,1.54,0.6443
1999-06-01,1.5405,0.6505
1999-05-31,1.5411,0.6524
1999-05-28,1.5463,0.6546
1999-05-27,1.5374,0.6551
1999-05-26,1.5446,0.658
1999-05-25,1.5481,0.6634
1999-05-24,1.5458,0.6617
1999-05-21,1.5442,0.6583
1999-05-20,1.5593,0.6591
1999-05-19,1.5598,0.6569
1999-05-18,1.5585,0.6592
1999-05-17,1.5683,0.6598
1999-05-14,1.5561,0.6601
1999-05-13,1.554,0.656
1999-05-12,1.5495,0.6577
1999-05-11,1.5618,0.6619
1999-05-10,1.5662,0.6604
1999-05-07,1.5725,0.661
1999-05-06,1.563,0.6601
1999-05-05,1.5535,0.6552
1999-05-04,1.5343,0.6553
1999-05-03,1.5415,0.6571
1999-04-30,1.5519,0.6571
1999-04-29,1.5607,0.6584
1999-04-28,1.5725,0.6583
1999-04-27,1.5744,0.6587
1999-04-26,1.5692,0.6569
1999-04-23,1.5725,0.6583
1999-04-22,1.573,0.6585
1999-04-21,1.5775,0.6593
1999-04-20,1.5825,0.6589
1999-04-19,1.5759,0.6586
1999-04-16,1.5851,0.6633
1999-04-15,1.6114,0.6682
1999-04-14,1.6103,0.6667
1999-04-13,1.6049,0.6671
1999-04-12,1.6281,0.6723
1999-04-09,1.6202,0.6724
1999-04-08,1.6215,0.6731
1999-04-07,1.6246,0.6772
1999-04-06,1.614,0.6759
1999-04-05,1.6096,0.6702
1999-04-02,1.6162,0.672
1999-04-01,1.6205,0.669
1999-03-31,1.6211,0.6663
1999-03-30,1.6223,0.6638
1999-03-29,1.6185,0.6615
1999-03-26,1.6281,0.665
1999-03-25,1.6471,0.6668
1999-03-24,1.647,0.6653
1999-03-23,1.6415,0.6706
1999-03-22,1.6426,0.6677
1999-03-19,1.6543,0.6708
1999-03-18,1.6728,0.676
1999-03-17,1.6685,0.6744
1999-03-16,1.6658,0.6703
1999-03-15,1.6712,0.6739
1999-03-12,1.6658,0.6686
1999-03-11,1.6586,0.6694
1999-03-10,1.6607,0.6746
1999-03-09,1.6447,0.6754
1999-03-08,1.6527,0.6776
1999-03-05,1.6489,0.6737
1999-03-04,1.6609,0.6759
1999-03-03,1.6615,0.6723
1999-03-02,1.6605,0.6764
1999-03-01,1.6579,0.6829
1999-02-26,1.6684,0.6873
1999-02-25,1.6543,0.6888
1999-02-24,1.6582,0.6883
1999-02-23,1.6423,0.6796
1999-02-22,1.6351,0.6789
1999-02-19,1.6616,0.6838
1999-02-18,1.676,0.6871
1999-02-17,1.688,0.6873
1999-02-16,1.6807,0.6854
1999-02-15,1.6781,0.6895
1999-02-12,1.6752,0.6917
1999-02-11,1.685,0.6975
1999-02-10,1.6945,0.6954
1999-02-09,1.6944,0.6911
1999-02-08,1.6725,0.6888
1999-02-05,1.6765,0.6885
1999-02-04,1.6951,0.6894
1999-02-03,1.7151,0.6925
1999-02-02,1.7079,0.6888
1999-02-01,1.7123,0.6904
1999-01-29,1.726,0.691
1999-01-28,1.7374,0.6928
1999-01-27,1.7526,0.6968
1999-01-26,1.7609,0.6976
1999-01-25,1.762,0.6989
1999-01-22,1.7515,0.7005
1999-01-21,1.7529,0.7023
1999-01-20,1.7626,0.7014
1999-01-19,1.7739,0.7
1999-01-18,1.7717,0.7013
1999-01-15,1.7797,0.7039
1999-01-14,1.7707,0.7062
1999-01-13,1.8123,0.7084
1999-01-12,1.7392,0.7066
1999-01-11,1.7463,0.7044
1999-01-08,1.7643,0.7094
1999-01-07,1.7602,0.70585
1999-01-06,1.7711,0.7076
1999-01-05,1.7965,0.7122
1999-01-04,1.8004,0.7111
