date,CAD,USD
2026-09-09,1.6043,1.1652
2026-09-08,1.6033,1.1614
2026-09-07,1.6062,1.1622
2026-09-04,1.6038,1.1622
2026-09-03,1.6019,1.1615
2026-09-02,1.6122,1.1578
2026-09-01,1.6096,1.159
2026-08-31,1.6102,1.1596
2026-08-28,1.613,1.1643
2026-08-27,1.6151,1.1645
2026-08-26,1.6176,1.1669
2026-08-25,1.6163,1.1662
2026-08-24,1.6154,1.1664
2026-08-21,1.6074,1.1699
2026-08-20,1.6085,1.1681
2026-08-19,1.6098,1.1605
2026-08-18,1.606,1.1576
2026-08-17,1.6067,1.1593
2026-08-14,1.6049,1.1567
2026-08-13,1.6089,1.1534
2026-08-12,1.6077,1.1545
2026-08-11,1.6084,1.154
2026-08-10,1.6108,1.1555
2026-08-07,1.616,1.1535
2026-08-06,1.6156,1.1542
2026-08-05,1.623,1.1554
2026-08-04,1.6191,1.1515
2026-08-03,1.6181,1.1535
2026-07-31,1.6126,1.1485
2026-07-30,1.6119,1.1476
2026-07-29,1.6051,1.138
2026-07-28,1.6036,1.1367
2026-07-27,1.6064,1.1389
2026-07-24,1.6026,1.1377
2026-07-23,1.6034,1.1392
2026-07-22,1.6071,1.1408
2026-07-21,1.6069,1.1418
2026-07-20,1.6032,1.1426
2026-07-17,1.6035,1.1435
2026-07-16,1.6082,1.1467
2026-07-15,1.6053,1.1406
2026-07-14,1.6095,1.1405
2026-07-13,1.6148,1.1424
2026-07-10,1.6177,1.143
2026-07-09,1.6202,1.1435
2026-07-08,1.6176,1.1404
2026-07-07,1.6255,1.1433
2026-07-06,1.6236,1.1415
2026-07-03,1.6258,1.1448
2026-07-02,1.6203,1.1399
2026-07-01,1.6191,1.1383
2026-06-30,1.622,1.1394
2026-06-29,1.6201,1.1406
2026-06-26,1.6169,1.1401
2026-06-25,1.6151,1.1342
2026-06-24,1.614,1.134
2026-06-23,1.6162,1.1392
2026-06-22,1.6223,1.1456
2026-06-19,1.6228,1.1467
2026-06-18,1.6189,1.1461
2026-06-17,1.6241,1.1591
2026-06-16,1.6248,1.1594
2026-06-15,1.6228,1.1607
2026-06-12,1.618,1.1567
2026-06-11,1.6127,1.1537
2026-06-10,1.6073,1.1539
2026-06-09,1.6111,1.1573
2026-06-08,1.6083,1.154
2026-06-05,1.6159,1.164
2026-06-04,1.6176,1.164
2026-06-03,1.6094,1.1614
2026-06-02,1.6119,1.1649
2026-06-01,1.6106,1.1646
2026-05-29,1.6074,1.1644
2026-05-28,1.6094,1.1617
2026-05-27,1.6099,1.1637
2026-05-26,1.6069,1.1634
2026-05-25,1.6082,1.1643
2026-05-22,1.6002,1.1595
2026-05-21,1.5972,1.1599
2026-05-20,1.5959,1.16
2026-05-19,1.5985,1.162
2026-05-18,1.6006,1.1648
2026-05-15,1.5995,1.1628
2026-05-14,1.606,1.1702
2026-05-13,1.6039,1.1715
2026-05-12,1.6088,1.1738
2026-05-11,1.6079,1.1765
2026-05-08,1.6063,1.1761
2026-05-07,1.604,1.177
2026-05-06,1.5999,1.1762
2026-05-05,1.591,1.1686
2026-05-04,1.593,1.17
2026-04-30,1.5994,1.1702
2026-04-29,1.6007,1.1706
2026-04-28,1.5974,1.168
2026-04-27,1.5979,1.1749
2026-04-24,1.6023,1.1712
2026-04-23,1.5986,1.1694
2026-04-22,1.6034,1.1733
2026-04-21,1.607,1.1767
2026-04-20,1.6105,1.176
2026-04-17,1.6129,1.1797
2026-04-16,1.6174,1.1782
2026-04-15,1.6235,1.178
2026-04-14,1.6225,1.1793
2026-04-13,1.6177,1.1684
2026-04-10,1.6187,1.1711
2026-04-09,1.6175,1.1685
2026-04-08,1.6225,1.1706
2026-04-07,1.6078,1.1557
2026-04-02,1.603,1.1525
2026-04-01,1.6124,1.1605
2026-03-31,1.6022,1.1498
2026-03-30,1.5987,1.1484
2026-03-27,1.5974,1.1517
2026-03-26,1.5964,1.1539
2026-03-25,1.5977,1.1592
2026-03-24,1.591,1.1572
2026-03-23,1.5896,1.1596
2026-03-20,1.5849,1.1555
2026-03-19,1.577,1.1489
2026-03-18,1.5774,1.15
2026-03-17,1.5804,1.1531
2026-03-16,1.5703,1.1478
2026-03-13,1.5726,1.1476
2026-03-12,1.5706,1.1547
2026-03-11,1.5742,1.1581
2026-03-10,1.5777,1.1641
2026-03-09,1.568,1.1555
2026-03-06,1.5782,1.1561
2026-03-05,1.5828,1.1618
2026-03-04,1.591,1.1649
2026-03-03,1.5883,1.1606
2026-03-02,1.5991,1.1698
2026-02-27,1.6139,1.1805
2026-02-26,1.6155,1.1814
2026-02-25,1.6133,1.1784
2026-02-24,1.6148,1.1777
2026-02-23,1.6132,1.1784
2026-02-20,1.6112,1.1767
2026-02-19,1.6107,1.1753
2026-02-18,1.6164,1.1845
2026-02-17,1.6149,1.1826
2026-02-16,1.6155,1.1855
2026-02-13,1.6161,1.1862
2026-02-12,1.6128,1.1874
2026-02-11,1.6138,1.19
2026-02-10,1.6141,1.1894
2026-02-09,1.6174,1.1886
2026-02-06,1.6118,1.1794
2026-02-05,1.6144,1.1798
2026-02-04,1.6138,1.182
2026-02-03,1.6116,1.1801
2026-02-02,1.6157,1.184
2026-01-30,1.612,1.1919
2026-01-29,1.6186,1.1968
2026-01-28,1.6242,1.1974
2026-01-27,1.6316,1.1929
2026-01-26,1.623,1.1836
2026-01-23,1.6161,1.1742
2026-01-22,1.6171,1.1706
2026-01-21,1.6192,1.1739
2026-01-20,1.6215,1.1728
2026-01-19,1.6149,1.1631
2026-01-16,1.6135,1.1617
2026-01-15,1.6162,1.1624
2026-01-14,1.6169,1.1651
2026-01-13,1.6172,1.1654
2026-01-12,1.6219,1.1692
2026-01-09,1.6163,1.1642
2026-01-08,1.6183,1.1675
2026-01-07,1.6135,1.1684
2026-01-06,1.6129,1.1707
2026-01-05,1.6087,1.1664
2026-01-02,1.6097,1.1721
2025-12-31,1.6088,1.175
2025-12-30,1.6104,1.1757
2025-12-29,1.6106,1.1766
2025-12-24,1.6128,1.1787
2025-12-23,1.6148,1.1786
2025-12-22,1.6168,1.1745
2025-12-19,1.6155,1.1712
2025-12-18,1.6161,1.1719
2025-12-17,1.6165,1.1722
2025-12-16,1.6206,1.1776
2025-12-15,1.6169,1.1753
2025-12-12,1.6139,1.1731
2025-12-11,1.6164,1.1714
2025-12-10,1.6108,1.1634
2025-12-09,1.6114,1.1637
2025-12-08,1.609,1.1655
2025-12-05,1.623,1.1645
2025-12-04,1.6299,1.1666
2025-12-03,1.627,1.1668
2025-12-02,1.6264,1.1614
2025-12-01,1.6259,1.1646
2025-11-28,1.621,1.1566
2025-11-27,1.6273,1.1586
2025-11-26,1.6309,1.1577
2025-11-25,1.6301,1.1551
2025-11-24,1.6279,1.1544
2025-11-21,1.6226,1.152
2025-11-20,1.6194,1.1514
2025-11-19,1.623,1.1583
2025-11-18,1.6257,1.159
2025-11-17,1.627,1.1593
2025-11-14,1.6331,1.1648
2025-11-13,1.6272,1.1619
2025-11-12,1.6216,1.1576
2025-11-11,1.6234,1.1575
2025-11-10,1.6213,1.1571
2025-11-07,1.6311,1.1561
2025-11-06,1.6252,1.1533
2025-11-05,1.6238,1.1492
2025-11-04,1.6178,1.1491
2025-11-03,1.617,1.1514
2025-10-31,1.6207,1.1554
2025-10-30,1.6179,1.155
2025-10-29,1.6207,1.1636
2025-10-28,1.6284,1.163
2025-10-27,1.6276,1.164
2025-10-24,1.6286,1.1612
2025-10-23,1.6221,1.1593
2025-10-22,1.6254,1.1587
2025-10-21,1.6301,1.1607
2025-10-20,1.6368,1.1655
2025-10-17,1.6393,1.1681
2025-10-16,1.637,1.1649
2025-10-15,1.6323,1.1622
2025-10-14,1.6249,1.1553
2025-10-13,1.6207,1.1569
2025-10-10,1.6218,1.1568
2025-10-09,1.6198,1.1611
2025-10-08,1.621,1.1627
2025-10-07,1.628,1.1666
2025-10-06,1.6304,1.1678
2025-10-03,1.6387,1.1734
2025-10-02,1.6387,1.1754
2025-10-01,1.6337,1.1724
2025-09-30,1.6346,1.1741
2025-09-29,1.6333,1.1723
2025-09-26,1.628,1.1672
2025-09-25,1.631,1.1739
2025-09-24,1.6302,1.1756
2025-09-23,1.6307,1.1793
2025-09-22,1.6272,1.1781
2025-09-19,1.6214,1.1736
2025-09-18,1.6288,1.1818
2025-09-17,1.6281,1.1837
2025-09-16,1.6233,1.1807
2025-09-15,1.6262,1.1766
2025-09-12,1.6227,1.1718
2025-09-11,1.6222,1.1685
2025-09-10,1.6224,1.1707
2025-09-09,1.622,1.1744
2025-09-08,1.619,1.1728
2025-09-05,1.6138,1.1697
2025-09-04,1.6094,1.1647
2025-09-03,1.6079,1.1653
2025-09-02,1.6056,1.1646
2025-09-01,1.6105,1.1715
2025-08-29,1.6031,1.1658
2025-08-28,1.6062,1.1676
2025-08-27,1.6056,1.1593
2025-08-26,1.6137,1.1656
2025-08-25,1.6171,1.1697
2025-08-22,1.6151,1.1608
2025-08-21,1.6164,1.1639
2025-08-20,1.6156,1.1651
2025-08-19,1.6133,1.1682
2025-08-18,1.6098,1.1673
2025-08-15,1.612,1.1688
2025-08-14,1.6113,1.169
2025-08-13,1.6114,1.1711
2025-08-12,1.6015,1.1606
2025-08-11,1.602,1.1622
2025-08-08,1.6003,1.1648
2025-08-07,1.6001,1.1643
2025-08-06,1.5967,1.1604
2025-08-05,1.5928,1.1546
2025-08-04,1.5934,1.1565
2025-08-01,1.5822,1.1404
2025-07-31,1.5838,1.1446
2025-07-30,1.59,1.1527
2025-07-29,1.5887,1.1533
2025-07-28,1.5992,1.1654
2025-07-25,1.6035,1.1724
2025-07-24,1.6009,1.1756
2025-07-23,1.5928,1.1726
2025-07-22,1.5993,1.1699
2025-07-21,1.599,1.1667
2025-07-18,1.5984,1.165
2025-07-17,1.5937,1.1579
2025-07-16,1.5924,1.1602
2025-07-15,1.5973,1.1665
2025-07-14,1.5984,1.169
2025-07-11,1.6007,1.1683
2025-07-10,1.6028,1.1709
2025-07-09,1.603,1.1698
2025-07-08,1.6006,1.1718
2025-07-07,1.6016,1.1728
2025-07-04,1.5995,1.1767
2025-07-03,1.601,1.1782
2025-07-02,1.6041,1.1755
2025-07-01,1.6076,1.181
2025-06-30,1.6027,1.172
2025-06-27,1.5977,1.1704
2025-06-26,1.6008,1.1695
2025-06-25,1.5928,1.1598
2025-06-24,1.5915,1.1607
2025-06-23,1.5818,1.1472
2025-06-20,1.5793,1.1515
2025-06-19,1.5735,1.1478
2025-06-18,1.5714,1.1508
2025-06-17,1.5688,1.1568
2025-06-16,1.5701,1.1574
2025-06-13,1.569,1.1512
2025-06-12,1.5807,1.1594
2025-06-11,1.5647,1.1433
2025-06-10,1.5647,1.1429
2025-06-09,1.5615,1.141
2025-06-06,1.563,1.1411
2025-06-05,1.5603,1.1423
2025-06-04,1.5601,1.1384
2025-06-03,1.5643,1.1386
2025-06-02,1.5643,1.1419
2025-05-30,1.5656,1.1339
2025-05-29,1.5594,1.1281
2025-05-28,1.5649,1.1317
2025-05-27,1.5642,1.1356
2025-05-26,1.5614,1.1381
2025-05-23,1.563,1.1301
2025-05-22,1.568,1.1309
2025-05-21,1.5721,1.1321
2025-05-20,1.5683,1.1241
2025-05-19,1.5707,1.1262
2025-05-16,1.564,1.1194
2025-05-15,1.5645,1.1185
2025-05-14,1.5632,1.1214
2025-05-13,1.5552,1.1112
2025-05-12,1.5531,1.1106
2025-05-09,1.5658,1.1252
2025-05-08,1.5694,1.1297
2025-05-07,1.5673,1.136
2025-05-06,1.5629,1.1325
2025-05-05,1.566,1.1343
2025-05-02,1.5675,1.1343
2025-04-30,1.5728,1.1373
2025-04-29,1.5746,1.1373
2025-04-28,1.5744,1.1358
2025-04-25,1.5754,1.1357
2025-04-24,1.5769,1.1376
2025-04-23,1.5789,1.1415
2025-04-22,1.5891,1.1476
2025-04-17,1.5773,1.136
2025-04-16,1.5807,1.1355
2025-04-15,1.5711,1.1324
2025-04-14,1.5786,1.1377
2025-04-11,1.5736,1.1346
2025-04-10,1.5607,1.1082
2025-04-09,1.5671,1.1045
2025-04-08,1.5512,1.095
2025-04-07,1.5657,1.0967
2025-04-04,1.5696,1.1057
2025-04-03,1.5636,1.1097
2025-04-02,1.5479,1.0803
2025-04-01,1.5529,1.0788
2025-03-31,1.5533,1.0815
2025-03-28,1.5444,1.0797
2025-03-27,1.5425,1.0785
2025-03-26,1.5387,1.0788
2025-03-25,1.5459,1.0825
2025-03-24,1.552,1.0824
2025-03-21,1.5551,1.0827
2025-03-20,1.5592,1.0833
2025-03-19,1.5606,1.0897
2025-03-18,1.5599,1.0918
2025-03-17,1.5625,1.0903
2025-03-14,1.5691,1.0889
2025-03-13,1.5591,1.083
2025-03-12,1.5684,1.0886
2025-03-11,1.5731,1.0912
2025-03-10,1.5642,1.0845
2025-03-07,1.5566,1.0857
2025-03-06,1.5509,1.0796
2025-03-05,1.5398,1.0694
2025-03-04,1.5224,1.0557
2025-03-03,1.5104,1.0465
2025-02-28,1.5019,1.0411
2025-02-27,1.504,1.0477
2025-02-26,1.5054,1.0487
2025-02-25,1.4969,1.0497
2025-02-24,1.4876,1.0466
2025-02-21,1.4856,1.0465
2025-02-20,1.4841,1.0443
2025-02-19,1.4821,1.0434
2025-02-18,1.4844,1.0447
2025-02-17,1.4861,1.0473
2025-02-14,1.4856,1.0478
2025-02-13,1.4844,1.039
2025-02-12,1.483,1.037
2025-02-11,1.4789,1.0324
2025-02-10,1.4798,1.032
2025-02-07,1.4883,1.0377
2025-02-06,1.4865,1.036
2025-02-05,1.4876,1.0422
2025-02-04,1.4894,1.0335
2025-02-03,1.5051,1.0274
2025-01-31,1.5035,1.0393
2025-01-30,1.4997,1.0403
2025-01-29,1.5011,1.0396
2025-01-28,1.5019,1.0421
2025-01-27,1.5096,1.053
2025-01-24,1.5015,1.0472
2025-01-23,1.4984,1.0404
2025-01-22,1.4972,1.0443
2025-01-21,1.4963,1.0357
2025-01-20,1.4924,1.0316
2025-01-17,1.4864,1.0298
2025-01-16,1.4776,1.0272
2025-01-15,1.4784,1.03
2025-01-14,1.4744,1.0245
2025-01-13,1.4699,1.0198
2025-01-10,1.4845,1.0304
2025-01-09,1.4831,1.0305
2025-01-08,1.4803,1.0286
2025-01-07,1.4878,1.0393
2025-01-06,1.4914,1.0426
2025-01-03,1.4842,1.0299
2025-01-02,1.4885,1.0321
2024-12-31,1.4948,1.0389
2024-12-30,1.5035,1.0444
2024-12-27,1.5002,1.0435
2024-12-24,1.4988,1.0395
2024-12-23,1.4978,1.0393
2024-12-20,1.4946,1.039
2024-12-19,1.493,1.0395
2024-12-18,1.5022,1.0496
2024-12-17,1.4995,1.0497
2024-12-16,1.4959,1.0498
2024-12-13,1.4954,1.0518
2024-12-12,1.4865,1.0491
2024-12-11,1.4905,1.0507
2024-12-10,1.4908,1.0527
2024-12-09,1.4919,1.0568
2024-12-06,1.4882,1.0581
2024-12-05,1.4809,1.054
2024-12-04,1.4755,1.0492
2024-12-03,1.4753,1.0512
2024-12-02,1.4748,1.0507
2024-11-29,1.4796,1.0562
2024-11-28,1.477,1.0542
2024-11-27,1.4807,1.0531
2024-11-26,1.4833,1.0522
2024-11-25,1.4648,1.0495
2024-11-22,1.4561,1.0412
2024-11-21,1.47,1.0526
2024-11-20,1.4767,1.0562
2024-11-19,1.4833,1.0578
2024-11-18,1.4873,1.0552
2024-11-15,1.4861,1.0583
2024-11-14,1.4759,1.0533
2024-11-13,1.484,1.0629
2024-11-12,1.4799,1.0617
2024-11-11,1.4848,1.0651
2024-11-08,1.4983,1.0772
2024-11-07,1.496,1.0785
2024-11-06,1.4893,1.0695
2024-11-05,1.5128,1.0897
2024-11-04,1.5155,1.0904
2024-11-01,1.5144,1.0885
2024-10-31,1.5134,1.0882
2024-10-30,1.5072,1.0815
2024-10-29,1.4981,1.0774
2024-10-28,1.503,1.0818
2024-10-25,1.4989,1.0825
2024-10-24,1.4922,1.0801
2024-10-23,1.49,1.0767
2024-10-22,1.4964,1.0821
2024-10-21,1.4998,1.0853
2024-10-18,1.496,1.0847
2024-10-17,1.4975,1.0866
2024-10-16,1.5013,1.0897
2024-10-15,1.5063,1.0903
2024-10-14,1.5047,1.0915
2024-10-11,1.5063,1.0938
2024-10-10,1.5031,1.0932
2024-10-09,1.4985,1.0957
2024-10-08,1.4981,1.0982
2024-10-07,1.4914,1.0982
2024-10-04,1.4952,1.1029
2024-10-03,1.4945,1.1039
2024-10-02,1.4932,1.1071
2024-10-01,1.4986,1.1086
2024-09-30,1.5133,1.1196
2024-09-27,1.5036,1.1158
2024-09-26,1.5025,1.1155
2024-09-25,1.5044,1.1194
2024-09-24,1.5033,1.1133
2024-09-23,1.5065,1.1119
2024-09-20,1.5148,1.1166
2024-09-19,1.511,1.1156
2024-09-18,1.5117,1.1124
2024-09-17,1.5134,1.1139
2024-09-16,1.5109,1.1126
2024-09-13,1.5061,1.1081
2024-09-12,1.4964,1.1016
2024-09-11,1.4997,1.1043
2024-09-10,1.4973,1.1031
2024-09-09,1.4979,1.1043
2024-09-06,1.4984,1.1103
2024-09-05,1.4996,1.1097
2024-09-04,1.498,1.105
2024-09-03,1.4951,1.1035
2024-09-02,1.4932,1.1061
2024-08-30,1.4941,1.1087
2024-08-29,1.4927,1.1088
2024-08-28,1.4982,1.1117
2024-08-27,1.5041,1.1162
2024-08-26,1.5076,1.1163
2024-08-23,1.5106,1.1121
2024-08-22,1.513,1.1135
2024-08-21,1.5117,1.1116
2024-08-20,1.5085,1.1084
2024-08-19,1.5098,1.1041
2024-08-16,1.5095,1.0994
2024-08-15,1.509,1.1011
2024-08-14,1.5115,1.1019
2024-08-13,1.5014,1.0931
2024-08-12,1.4998,1.0925
2024-08-09,1.5007,1.0917
2024-08-08,1.5021,1.093
2024-08-07,1.501,1.0922
2024-08-06,1.5097,1.0915
2024-08-05,1.5188,1.0966
2024-08-02,1.5035,1.0835
2024-08-01,1.4912,1.0789
2024-07-31,1.4977,1.0828
2024-07-30,1.4996,1.0824
2024-07-29,1.4976,1.0817
2024-07-26,1.5009,1.086
2024-07-25,1.502,1.0851
2024-07-24,1.4953,1.0848
2024-07-23,1.4944,1.086
2024-07-22,1.4971,1.0888
2024-07-19,1.4938,1.089
2024-07-18,1.4953,1.093
2024-07-17,1.4949,1.0934
2024-07-16,1.4911,1.0902
2024-07-15,1.4879,1.0907
2024-07-12,1.4834,1.089
2024-07-11,1.4796,1.0855
2024-07-10,1.4758,1.0825
2024-07-09,1.4752,1.0814
2024-07-08,1.4772,1.0835
2024-07-05,1.4736,1.0824
2024-07-04,1.4705,1.08
2024-07-03,1.4703,1.0758
2024-07-02,1.4727,1.0729
2024-07-01,1.4711,1.0745
2024-06-28,1.467,1.0705
2024-06-27,1.4647,1.0696
2024-06-26,1.4628,1.0689
2024-06-25,1.465,1.0714
2024-06-24,1.4682,1.073
2024-06-21,1.4632,1.0688
2024-06-20,1.4696,1.0719
2024-06-19,1.4737,1.0749
2024-06-18,1.4731,1.0715
2024-06-17,1.4726,1.0712
2024-06-14,1.4704,1.0686
2024-06-13,1.4823,1.0784
2024-06-12,1.4795,1.0765
2024-06-11,1.4781,1.073
2024-06-10,1.4801,1.0756
2024-06-07,1.4902,1.0898
2024-06-06,1.4879,1.0865
2024-06-05,1.4867,1.0872
2024-06-04,1.486,1.0865
2024-06-03,1.4784,1.0842
2024-05-31,1.4804,1.0852
2024-05-30,1.4828,1.0815
2024-05-29,1.4838,1.0857
2024-05-28,1.482,1.0882
2024-05-27,1.4813,1.0843
2024-05-24,1.4865,1.084
2024-05-23,1.4832,1.0854
2024-05-22,1.481,1.083
2024-05-21,1.4797,1.0864
2024-05-20,1.4798,1.0861
2024-05-17,1.4784,1.0844
2024-05-16,1.481,1.0866
2024-05-15,1.4763,1.0832
2024-05-14,1.4753,1.0796
2024-05-13,1.4757,1.0795
2024-05-10,1.4747,1.0779
2024-05-09,1.4728,1.0732
2024-05-08,1.4784,1.0743
2024-05-07,1.473,1.0766
2024-05-06,1.4731,1.0776
2024-05-03,1.4682,1.0744
2024-05-02,1.4678,1.0698
2024-04-30,1.4672,1.0718
2024-04-29,1.4635,1.072
2024-04-26,1.4632,1.0714
2024-04-25,1.4659,1.072
2024-04-24,1.4628,1.0686
2024-04-23,1.4623,1.0674
2024-04-22,1.4592,1.0632
2024-04-19,1.4666,1.0653
2024-04-18,1.4687,1.0679
2024-04-17,1.4691,1.0638
2024-04-16,1.4668,1.0637
2024-04-15,1.4645,1.0656
2024-04-12,1.4643,1.0652
2024-04-11,1.4688,1.0729
2024-04-10,1.4728,1.086
2024-04-09,1.4749,1.0867
2024-04-08,1.4715,1.0823
2024-04-05,1.4702,1.0841
2024-04-04,1.4652,1.0852
2024-04-03,1.4626,1.0783
2024-04-02,1.4577,1.0749
2024-03-28,1.4672,1.0811
2024-03-27,1.4712,1.0816
2024-03-26,1.4718,1.0855
2024-03-25,1.4722,1.0835
2024-03-22,1.4688,1.0823
2024-03-21,1.4736,1.0907
2024-03-20,1.4736,1.0844
2024-03-19,1.4767,1.0854
2024-03-18,1.4745,1.0892
2024-03-15,1.4731,1.0892
2024-03-14,1.4725,1.0925
2024-03-13,1.4756,1.0939
2024-03-12,1.4739,1.0916
2024-03-11,1.4753,1.0926
2024-03-08,1.4701,1.0932
2024-03-07,1.4705,1.0895
2024-03-06,1.477,1.0874
2024-03-05,1.4747,1.0849
2024-03-04,1.4719,1.0846
2024-03-01,1.4679,1.0813
2024-02-29,1.4719,1.0826
2024-02-28,1.4689,1.0808
2024-02-27,1.465,1.0856
2024-02-26,1.4674,1.0852
2024-02-23,1.4587,1.0834
2024-02-22,1.4618,1.0844
2024-02-21,1.4618,1.0809
2024-02-20,1.4562,1.0802
2024-02-19,1.4522,1.0776
2024-02-16,1.4518,1.0768
2024-02-15,1.4547,1.0743
2024-02-14,1.4509,1.0713
2024-02-13,1.4511,1.0793
2024-02-12,1.4504,1.0773
2024-02-09,1.4486,1.0772
2024-02-08,1.4505,1.0758
2024-02-07,1.4501,1.0776
2024-02-06,1.4526,1.0743
2024-02-05,1.4507,1.0746
2024-02-02,1.4556,1.0883
2024-02-01,1.4544,1.0814
2024-01-31,1.4558,1.0837
2024-01-30,1.4564,1.0846
2024-01-29,1.4542,1.0823
2024-01-26,1.4607,1.0871
2024-01-25,1.4714,1.0893
2024-01-24,1.4669,1.0905
2024-01-23,1.4648,1.0872
2024-01-22,1.462,1.089
2024-01-19,1.4656,1.0887
2024-01-18,1.4681,1.0875
2024-01-17,1.4701,1.0877
2024-01-16,1.4661,1.0882
2024-01-15,1.4695,1.0945
2024-01-12,1.4634,1.0942
2024-01-11,1.4677,1.0987
2024-01-10,1.4649,1.0946
2024-01-09,1.4613,1.094
2024-01-08,1.4651,1.0946
2024-01-05,1.46,1.0921
2024-01-04,1.4603,1.0953
2024-01-03,1.4574,1.0919
2024-01-02,1.4565,1.0956
2023-12-29,1.4642,1.105
2023-12-28,1.4698,1.1114
2023-12-27,1.4612,1.1065
2023-12-22,1.4639,1.1023
2023-12-21,1.4668,1.0983
2023-12-20,1.4609,1.0944
2023-12-19,1.4673,1.0962
2023-12-18,1.4584,1.0918
2023-12-15,1.4653,1.0946
2023-12-14,1.4677,1.0919
2023-12-13,1.4644,1.0787
2023-12-12,1.4656,1.0804
2023-12-11,1.4609,1.0757
2023-12-08,1.4627,1.0777
2023-12-07,1.4656,1.0771
2023-12-06,1.4616,1.0778
2023-12-05,1.47,1.0817
2023-12-04,1.4716,1.0868
2023-12-01,1.4736,1.0875
2023-11-30,1.487,1.0931
2023-11-29,1.492,1.0985
2023-11-28,1.4887,1.0949
2023-11-27,1.4929,1.0951
2023-11-24,1.4935,1.0916
2023-11-23,1.494,1.09
2023-11-22,1.4959,1.0911
2023-11-21,1.5029,1.0955
2023-11-20,1.4994,1.0928
2023-11-17,1.4908,1.0872
2023-11-16,1.4891,1.0849
2023-11-15,1.4854,1.0868
2023-11-14,1.4832,1.0724
2023-11-13,1.4754,1.067
2023-11-10,1.4753,1.0683
2023-11-09,1.4736,1.0691
2023-11-08,1.4711,1.0671
2023-11-07,1.4679,1.0686
2023-11-06,1.4664,1.0741
2023-11-03,1.4653,1.0702
2023-11-02,1.4707,1.0661
2023-11-01,1.461,1.0537
2023-10-31,1.4712,1.0619
2023-10-30,1.467,1.0605
2023-10-27,1.4572,1.0541
2023-10-26,1.4565,1.054
2023-10-25,1.4549,1.0576
2023-10-24,1.4564,1.0632
2023-10-23,1.4542,1.0597
2023-10-20,1.4492,1.0591
2023-10-19,1.4485,1.0558
2023-10-18,1.4425,1.0565
2023-10-17,1.4411,1.0569
2023-10-16,1.436,1.0538
2023-10-13,1.4397,1.0524
2023-10-12,1.4435,1.0619
2023-10-11,1.4429,1.0604
2023-10-10,1.4387,1.0582
2023-10-09,1.438,1.0531
2023-10-06,1.4492,1.0563
2023-10-05,1.4479,1.0526
2023-10-04,1.4391,1.0497
2023-10-03,1.4365,1.0469
2023-10-02,1.4335,1.053
2023-09-29,1.4227,1.0594
2023-09-28,1.4206,1.0539
2023-09-27,1.4255,1.0536
2023-09-26,1.4318,1.0605
2023-09-25,1.4311,1.0633
2023-09-22,1.4303,1.0647
2023-09-21,1.4368,1.0635
2023-09-20,1.4366,1.0702
2023-09-19,1.4373,1.0713
2023-09-18,1.44,1.0663
2023-09-15,1.4409,1.0658
2023-09-14,1.4505,1.073
2023-09-13,1.4556,1.0733
2023-09-12,1.455,1.0713
2023-09-11,1.4565,1.0724
2023-09-08,1.4623,1.0704
2023-09-07,1.4625,1.071
2023-09-06,1.4659,1.0745
2023-09-05,1.4652,1.0731
2023-09-04,1.4686,1.0801
2023-09-01,1.4656,1.0844
2023-08-31,1.4721,1.0868
2023-08-30,1.4764,1.0886
2023-08-29,1.4722,1.0803
2023-08-28,1.4693,1.0808
2023-08-25,1.4672,1.0808
2023-08-24,1.4686,1.084
2023-08-23,1.4667,1.0805
2023-08-22,1.4716,1.0887
2023-08-21,1.4723,1.0908
2023-08-18,1.4733,1.0867
2023-08-17,1.4718,1.09
2023-08-16,1.4726,1.0916
2023-08-15,1.4742,1.0926
2023-08-14,1.47,1.093
2023-08-11,1.4791,1.1004
2023-08-10,1.4764,1.1019
2023-08-09,1.474,1.0968
2023-08-08,1.4755,1.0944
2023-08-07,1.4688,1.0984
2023-08-04,1.4648,1.0946
2023-08-03,1.4619,1.0932
2023-08-02,1.4621,1.0985
2023-08-01,1.4569,1.097
2023-07-31,1.4566,1.1023
2023-07-28,1.4553,1.101
2023-07-27,1.4654,1.1125
2023-07-26,1.462,1.1059
2023-07-25,1.4562,1.1051
2023-07-24,1.4635,1.1096
2023-07-21,1.4668,1.1123
2023-07-20,1.4716,1.1197
2023-07-19,1.4795,1.1222
2023-07-18,1.4862,1.1255
2023-07-17,1.4845,1.123
2023-07-14,1.4728,1.1221
2023-07-13,1.4714,1.1182
2023-07-12,1.4574,1.1022
2023-07-11,1.4588,1.0989
2023-07-10,1.4552,1.0956
2023-07-07,1.4557,1.0888
2023-07-06,1.4489,1.0899
2023-07-05,1.4447,1.0879
2023-07-04,1.4403,1.0895
2023-07-03,1.4441,1.0899
2023-06-30,1.4415,1.0866
2023-06-29,1.4503,1.0938
2023-06-28,1.4491,1.0938
2023-06-27,1.4408,1.0951
2023-06-26,1.4354,1.0918
2023-06-23,1.438,1.0884
2023-06-22,1.4463,1.0985
2023-06-21,1.4435,1.0923
2023-06-20,1.4473,1.0933
2023-06-19,1.4411,1.0922
2023-06-16,1.45,1.0966
2023-06-15,1.4415,1.0819
2023-06-14,1.4378,1.0809
2023-06-13,1.4403,1.0793
2023-06-12,1.4357,1.0765
2023-06-09,1.4362,1.078
2023-06-08,1.4342,1.0737
2023-06-07,1.4351,1.0717
2023-06-06,1.4342,1.0683
2023-06-05,1.4367,1.069
2023-06-02,1.4443,1.0763
2023-06-01,1.4514,1.0697
2023-05-31,1.4582,1.0683
2023-05-30,1.4586,1.0744
2023-05-29,1.4564,1.0715
2023-05-26,1.463,1.0751
2023-05-25,1.4599,1.0735
2023-05-24,1.46,1.0785
2023-05-23,1.4571,1.0779
2023-05-22,1.4618,1.0822
2023-05-19,1.4575,1.0808
2023-05-18,1.4568,1.0813
2023-05-17,1.4609,1.0829
2023-05-16,1.4652,1.0881
2023-05-15,1.4684,1.0876
2023-05-12,1.4702,1.0892
2023-05-11,1.4672,1.093
2023-05-10,1.4657,1.095
2023-05-09,1.4679,1.0959
2023-05-08,1.471,1.1037
2023-05-05,1.486,1.1014
2023-05-04,1.5072,1.1074
2023-05-03,1.5045,1.1043
2023-05-02,1.4885,1.0965
2023-04-28,1.4981,1.0981
2023-04-27,1.5041,1.1042
2023-04-26,1.5035,1.1039
2023-04-25,1.4984,1.1022
2023-04-24,1.4906,1.1002
2023-04-21,1.4859,1.0978
2023-04-20,1.4757,1.0944
2023-04-19,1.4698,1.0933
2023-04-18,1.4679,1.0972
2023-04-17,1.4673,1.0981
2023-04-14,1.4725,1.1057
2023-04-13,1.4759,1.1015
2023-04-12,1.4728,1.0922
2023-04-11,1.4732,1.0905
2023-04-06,1.4704,1.0915
2023-04-05,1.4719,1.094
2023-04-04,1.4641,1.0901
2023-04-03,1.4628,1.087
2023-03-31,1.4737,1.0875
2023-03-30,1.474,1.0886
2023-03-29,1.4739,1.0847
2023-03-28,1.4803,1.0841
2023-03-27,1.4769,1.0773
2023-03-24,1.4816,1.0745
2023-03-23,1.4875,1.0879
2023-03-22,1.4782,1.0785
2023-03-21,1.4726,1.0776
2023-03-20,1.4669,1.0717
2023-03-17,1.4584,1.0623
2023-03-16,1.4565,1.0595
2023-03-15,1.4504,1.0549
2023-03-14,1.4689,1.0737
2023-03-13,1.4745,1.0706
2023-03-10,1.4643,1.0586
2023-03-09,1.4574,1.0554
2023-03-08,1.4499,1.0545
2023-03-07,1.4552,1.0665
2023-03-06,1.4493,1.0646
2023-03-03,1.4437,1.0615
2023-03-02,1.4448,1.0605
2023-03-01,1.4531,1.0684
2023-02-28,1.4411,1.0619
2023-02-27,1.4334,1.0554
2023-02-24,1.4374,1.057
2023-02-23,1.4366,1.0616
2023-02-22,1.4408,1.0644
2023-02-21,1.4351,1.0664
2023-02-20,1.4367,1.0674
2023-02-17,1.4366,1.0625
2023-02-16,1.4334,1.07
2023-02-15,1.4356,1.07
2023-02-14,1.4332,1.0759
2023-02-13,1.4263,1.0686
2023-02-10,1.4364,1.069
2023-02-09,1.4423,1.0771
2023-02-08,1.4389,1.0735
2023-02-07,1.4371,1.07
2023-02-06,1.4459,1.0776
2023-02-03,1.4616,1.0937
2023-02-02,1.4602,1.0988
2023-02-01,1.4506,1.0894
2023-01-31,1.457,1.0833
2023-01-30,1.4532,1.0903
2023-01-27,1.4479,1.0865
2023-01-26,1.4568,1.0895
2023-01-25,1.4544,1.0878
2023-01-24,1.4517,1.0858
2023-01-23,1.4523,1.0871
2023-01-20,1.4583,1.0826
2023-01-19,1.4603,1.0815
2023-01-18,1.4505,1.0839
2023-01-17,1.4547,1.0843
2023-01-16,1.4486,1.0812
2023-01-13,1.4494,1.0814
2023-01-12,1.4439,1.0772
2023-01-11,1.4429,1.0747
2023-01-10,1.4382,1.0723
2023-01-09,1.4299,1.0696
2023-01-06,1.4331,1.05
2023-01-05,1.4316,1.0601
2023-01-04,1.4363,1.0599
2023-01-03,1.4414,1.0545
2023-01-02,1.4506,1.0683
2022-12-30,1.444,1.0666
2022-12-29,1.4475,1.0649
2022-12-28,1.4361,1.064
2022-12-27,1.4384,1.0624
2022-12-23,1.4433,1.0622
2022-12-22,1.4484,1.0633
2022-12-21,1.4475,1.0636
2022-12-20,1.4451,1.0599
2022-12-19,1.4472,1.0598
2022-12-16,1.4506,1.0619
2022-12-15,1.4443,1.0621
2022-12-14,1.4441,1.0649
2022-12-13,1.4341,1.0545
2022-12-12,1.4428,1.0562
2022-12-09,1.438,1.0559
2022-12-08,1.4307,1.0519
2022-12-07,1.4387,1.0529
2022-12-06,1.4326,1.0516
2022-12-05,1.4198,1.0587
2022-12-02,1.416,1.0538
2022-12-01,1.4059,1.0454
2022-11-30,1.4021,1.0376
2022-11-29,1.4005,1.0366
2022-11-28,1.4062,1.0463
2022-11-25,1.3864,1.0375
2022-11-24,1.3894,1.0413
2022-11-23,1.3856,1.0325
2022-11-22,1.3765,1.0274
2022-11-21,1.377,1.0246
2022-11-18,1.3841,1.0366
2022-11-17,1.382,1.0319
2022-11-16,1.3801,1.0412
2022-11-15,1.3816,1.0404
2022-11-14,1.3706,1.0319
2022-11-11,1.3698,1.0308
2022-11-10,1.3467,0.9954
2022-11-09,1.3501,1.0039
2022-11-08,1.3489,0.9996
2022-11-07,1.3464,0.9993
2022-11-04,1.3351,0.9872
2022-11-03,1.3452,0.9753
2022-11-02,1.347,0.9908
2022-11-01,1.3469,0.9947
2022-10-31,1.3553,0.9914
2022-10-28,1.3542,0.9951
2022-10-27,1.3672,1.0037
2022-10-26,1.3568,1.0023
2022-10-25,1.3537,0.9861
2022-10-24,1.3502,0.9851
2022-10-21,1.3465,0.973
2022-10-20,1.3461,0.9811
2022-10-19,1.3479,0.9778
2022-10-18,1.3495,0.9835
2022-10-17,1.3452,0.9739
2022-10-14,1.3426,0.9717
2022-10-13,1.3443,0.9739
2022-10-12,1.3395,0.9706
2022-10-11,1.3402,0.9723
2022-10-10,1.3312,0.9697
2022-10-07,1.3437,0.9797
2022-10-06,1.3475,0.986
2022-10-05,1.3493,0.9915
2022-10-04,1.3503,0.9891
2022-10-03,1.3412,0.9764
2022-09-30,1.3401,0.9748
2022-09-29,1.3294,0.9706
2022-09-28,1.3157,0.9565
2022-09-27,1.3196,0.9644
2022-09-26,1.3195,0.9646
2022-09-23,1.3177,0.9754
2022-09-22,1.3278,0.9884
2022-09-21,1.3262,0.9906
2022-09-20,1.3268,0.9986
2022-09-19,1.3294,0.999
2022-09-16,1.3226,0.9954
2022-09-15,1.3172,0.9992
2022-09-14,1.3177,0.999
2022-09-13,1.32,1.0175
2022-09-12,1.3194,1.0155
2022-09-09,1.307,1.0049
2022-09-08,1.3134,1.0009
2022-09-07,1.3037,0.9885
2022-09-06,1.3029,0.9928
2022-09-05,1.3043,0.992
2022-09-02,1.3131,0.9993
2022-09-01,1.3169,1.0004
2022-08-31,1.3111,1
2022-08-30,1.3047,1.0034
2022-08-29,1.3026,0.9986
2022-08-26,1.2944,1.0007
2022-08-25,1.2881,0.997
2022-08-24,1.2908,0.9934
2022-08-23,1.2928,0.9927
2022-08-22,1.2989,1.0001
2022-08-19,1.3062,1.0054
2022-08-18,1.3118,1.0178
2022-08-17,1.3117,1.0164
2022-08-16,1.3076,1.0131
2022-08-15,1.3167,1.0195
2022-08-12,1.3148,1.0285
2022-08-11,1.3202,1.0338
2022-08-10,1.3207,1.0252
2022-08-09,1.3163,1.0234
2022-08-08,1.3134,1.0199
2022-08-05,1.3185,1.0233
2022-08-04,1.307,1.0181
2022-08-03,1.3085,1.0194
2022-08-02,1.315,1.0224
2022-08-01,1.3076,1.0233
2022-07-29,1.31,1.0198
2022-07-28,1.2986,1.0122
2022-07-27,1.3049,1.0152
2022-07-26,1.3035,1.0124
2022-07-25,1.3168,1.0236
2022-07-22,1.3105,1.019
2022-07-21,1.3178,1.0199
2022-07-20,1.3132,1.0199
2022-07-19,1.3264,1.0245
2022-07-18,1.3151,1.0131
2022-07-15,1.3147,1.0059
2022-07-14,1.3162,1.0005
2022-07-13,1.3073,1.0067
2022-07-12,1.3094,1.0042
2022-07-11,1.314,1.0098
2022-07-08,1.3201,1.0163
2022-07-07,1.3227,1.018
2022-07-06,1.3274,1.0177
2022-07-05,1.3364,1.029
2022-07-04,1.3435,1.0455
2022-07-01,1.3492,1.0425
2022-06-30,1.3425,1.0387
2022-06-29,1.3513,1.0517
2022-06-28,1.3565,1.0561
2022-06-27,1.3639,1.0572
2022-06-24,1.3657,1.0524
2022-06-23,1.36,1.0493
2022-06-22,1.366,1.0521
2022-06-21,1.366,1.055
2022-06-20,1.3662,1.0517
2022-06-17,1.3631,1.0486
2022-06-16,1.3446,1.04
2022-06-15,1.3498,1.0431
2022-06-14,1.3522,1.0452
2022-06-13,1.3435,1.0455
2022-06-10,1.3484,1.0578
2022-06-09,1.3506,1.0743
2022-06-08,1.3467,1.0739
2022-06-07,1.3437,1.0662
2022-06-06,1.3463,1.0726
2022-06-03,1.3484,1.073
2022-06-02,1.352,1.0692
2022-06-01,1.3536,1.0712
2022-05-31,1.3573,1.0713
2022-05-30,1.3647,1.0764
2022-05-27,1.3661,1.0722
2022-05-26,1.3715,1.0697
2022-05-25,1.372,1.0656
2022-05-24,1.3714,1.072
2022-05-23,1.3626,1.0659
2022-05-20,1.3526,1.0577
2022-05-19,1.349,1.0525
2022-05-18,1.3488,1.0523
2022-05-17,1.3517,1.0541
2022-05-16,1.3473,1.0422
2022-05-13,1.3505,1.0385
2022-05-12,1.3569,1.0408
2022-05-11,1.3685,1.0553
2022-05-10,1.3707,1.0554
2022-05-09,1.3656,1.0559
2022-05-06,1.356,1.057
2022-05-05,1.3483,1.0568
2022-05-04,1.3498,1.0531
2022-05-03,1.357,1.0556
2022-05-02,1.356,1.0524
2022-04-29,1.3426,1.054
2022-04-28,1.3498,1.0485
2022-04-27,1.3572,1.0583
2022-04-26,1.3613,1.0674
2022-04-25,1.3709,1.0746
2022-04-22,1.3714,1.0817
2022-04-21,1.36,1.0887
2022-04-20,1.3579,1.083
2022-04-19,1.3631,1.0803
2022-04-14,1.3663,1.0878
2022-04-13,1.37,1.0826
2022-04-12,1.3724,1.0861
2022-04-11,1.3738,1.09
2022-04-08,1.3675,1.0861
2022-04-07,1.3704,1.0916
2022-04-06,1.3647,1.0923
2022-04-05,1.3647,1.0969
2022-04-04,1.3749,1.1005
2022-04-01,1.3805,1.1052
2022-03-31,1.3896,1.1101
2022-03-30,1.3891,1.1126
2022-03-29,1.387,1.1085
2022-03-28,1.3702,1.0966
2022-03-25,1.3781,1.1002
2022-03-24,1.3806,1.0978
2022-03-23,1.384,1.0985
2022-03-22,1.3867,1.1024
2022-03-21,1.3898,1.1038
2022-03-18,1.3911,1.1008
2022-03-17,1.3998,1.1051
2022-03-16,1.3967,1.0994
2022-03-15,1.4099,1.0991
2022-03-14,1.3978,1.096
2022-03-11,1.4024,1.099
2022-03-10,1.4189,1.1084
2022-03-09,1.4108,1.0993
2022-03-08,1.3978,1.0892
2022-03-07,1.3864,1.0895
2022-03-04,1.3937,1.0929
2022-03-03,1.3992,1.1076
2022-03-02,1.4088,1.1106
2022-03-01,1.4158,1.1162
2022-02-28,1.4264,1.1199
2022-02-25,1.4325,1.1216
2022-02-24,1.4316,1.1163
2022-02-23,1.4394,1.1344
2022-02-22,1.4441,1.1342
2022-02-21,1.4454,1.1338
2022-02-18,1.4424,1.1354
2022-02-17,1.4439,1.137
2022-02-16,1.4416,1.1372
2022-02-15,1.4433,1.1345
2022-02-14,1.4431,1.1316
2022-02-11,1.4498,1.1417
2022-02-10,1.4498,1.1439
2022-02-09,1.4514,1.1435
2022-02-08,1.4505,1.1408
2022-02-07,1.4546,1.1447
2022-02-04,1.4583,1.1464
2022-02-03,1.4334,1.1286
2022-02-02,1.433,1.1323
2022-02-01,1.4299,1.126
2022-01-31,1.4233,1.1156
2022-01-28,1.4239,1.1138
2022-01-27,1.4161,1.116
2022-01-26,1.4173,1.1277
2022-01-25,1.4247,1.1268
2022-01-24,1.4269,1.1304
2022-01-21,1.4211,1.1348
2022-01-20,1.4158,1.1338
2022-01-19,1.4144,1.1345
2022-01-18,1.4228,1.1367
2022-01-17,1.4287,1.1403
2022-01-14,1.433,1.1447
2022-01-13,1.4304,1.1463
2022-01-12,1.4261,1.137
2022-01-11,1.4329,1.1336
2022-01-10,1.4327,1.1318
2022-01-07,1.4374,1.1298
2022-01-06,1.4451,1.1315
2022-01-05,1.4399,1.1319
2022-01-04,1.4382,1.1279
2022-01-03,1.442,1.1355
2021-12-31,1.4393,1.1326
2021-12-30,1.4481,1.1334
2021-12-29,1.4486,1.1303
2021-12-28,1.4487,1.1331
2021-12-27,1.4529,1.1312
2021-12-24,1.4502,1.1317
2021-12-23,1.451,1.131
2021-12-22,1.4589,1.1301
2021-12-21,1.4599,1.1295
2021-12-20,1.4569,1.1273
2021-12-17,1.4527,1.133
2021-12-16,1.4484,1.1336
2021-12-15,1.4496,1.1262
2021-12-14,1.449,1.1309
2021-12-13,1.4388,1.1278
2021-12-10,1.434,1.1273
2021-12-09,1.4363,1.1311
2021-12-08,1.4281,1.1299
2021-12-07,1.4258,1.1256
2021-12-06,1.4437,1.1287
2021-12-03,1.4471,1.1291
2021-12-02,1.4526,1.1339
2021-12-01,1.4433,1.1314
2021-11-30,1.4518,1.1363
2021-11-29,1.4362,1.1276
2021-11-26,1.4397,1.1291
2021-11-25,1.4223,1.1223
2021-11-24,1.4227,1.1206
2021-11-23,1.4324,1.1259
2021-11-22,1.4257,1.1278
2021-11-19,1.4254,1.1271
2021-11-18,1.4295,1.1345
2021-11-17,1.4206,1.1316
2021-11-16,1.4248,1.1368
2021-11-15,1.4334,1.1444
2021-11-12,1.4416,1.1448
2021-11-11,1.4419,1.146
2021-11-10,1.4371,1.1558
2021-11-09,1.4397,1.1577
2021-11-08,1.4411,1.1579
2021-11-05,1.4341,1.1519
2021-11-04,1.4365,1.1569
2021-11-03,1.4386,1.1578
2021-11-02,1.4389,1.1603
2021-11-01,1.4325,1.1578
2021-10-29,1.4383,1.1645
2021-10-28,1.4325,1.1593
2021-10-27,1.4414,1.1617
2021-10-26,1.4361,1.1618
2021-10-25,1.4347,1.1603
2021-10-22,1.4341,1.163
2021-10-21,1.4359,1.1637
2021-10-20,1.4349,1.1623
2021-10-19,1.4389,1.1655
2021-10-18,1.4384,1.1604
2021-10-15,1.4342,1.1602
2021-10-14,1.4361,1.1602
2021-10-13,1.4386,1.1562
2021-10-12,1.4395,1.1555
2021-10-11,1.4431,1.1574
2021-10-08,1.4499,1.1569
2021-10-07,1.4545,1.1562
2021-10-06,1.4575,1.1542
2021-10-05,1.4612,1.1602
2021-10-04,1.4668,1.1636
2021-10-01,1.4698,1.16
2021-09-30,1.475,1.1579
2021-09-29,1.4793,1.1654
2021-09-28,1.4776,1.1678
2021-09-27,1.4812,1.1698
2021-09-24,1.4895,1.1719
2021-09-23,1.485,1.1715
2021-09-22,1.4997,1.1729
2021-09-21,1.4995,1.1738
2021-09-20,1.5056,1.1711
2021-09-17,1.4913,1.178
2021-09-16,1.4863,1.1763
2021-09-15,1.5004,1.1824
2021-09-14,1.4951,1.1814
2021-09-13,1.4931,1.178
2021-09-10,1.4919,1.1841
2021-09-09,1.5002,1.1838
2021-09-08,1.4982,1.1827
2021-09-07,1.4936,1.186
2021-09-06,1.4883,1.1864
2021-09-03,1.4879,1.1872
2021-09-02,1.4944,1.1846
2021-09-01,1.4879,1.1817
2021-08-31,1.4896,1.1834
2021-08-30,1.4867,1.1801
2021-08-27,1.4914,1.1761
2021-08-26,1.4838,1.1767
2021-08-25,1.4827,1.1736
2021-08-24,1.4822,1.174
2021-08-23,1.4911,1.1718
2021-08-20,1.5069,1.1671
2021-08-19,1.4919,1.1696
2021-08-18,1.4793,1.1723
2021-08-17,1.4838,1.1767
2021-08-16,1.4782,1.1772
2021-08-13,1.4724,1.1765
2021-08-12,1.4694,1.1739
2021-08-11,1.4677,1.1718
2021-08-10,1.4729,1.1722
2021-08-09,1.4747,1.1761
2021-08-06,1.4763,1.1807
2021-08-05,1.4817,1.185
2021-08-04,1.488,1.1861
2021-08-03,1.4874,1.1885
2021-08-02,1.4816,1.1886
2021-07-30,1.4791,1.1891
2021-07-29,1.4808,1.1873
2021-07-28,1.484,1.1807
2021-07-27,1.4839,1.181
2021-07-26,1.4804,1.1787
2021-07-23,1.4788,1.1767
2021-07-22,1.4779,1.1775
2021-07-21,1.4932,1.1772
2021-07-20,1.5023,1.1775
2021-07-19,1.5028,1.1766
2021-07-16,1.4856,1.1802
2021-07-15,1.4808,1.1809
2021-07-14,1.4732,1.1812
2021-07-13,1.4782,1.1844
2021-07-12,1.4813,1.1852
2021-07-09,1.4817,1.1858
2021-07-08,1.4893,1.1838
2021-07-07,1.4708,1.1831
2021-07-06,1.464,1.1838
2021-07-05,1.4669,1.1866
2021-07-02,1.4677,1.1823
2021-07-01,1.4698,1.1884
2021-06-30,1.4722,1.1884
2021-06-29,1.4706,1.1888
2021-06-28,1.4687,1.191
2021-06-25,1.4696,1.195
2021-06-24,1.4678,1.1936
2021-06-23,1.4667,1.1951
2021-06-22,1.4726,1.1894
2021-06-21,1.4758,1.1891
2021-06-18,1.4721,1.1898
2021-06-17,1.4718,1.1937
2021-06-16,1.4764,1.2124
2021-06-15,1.4758,1.2108
2021-06-14,1.4737,1.2112
2021-06-11,1.4687,1.2125
2021-06-10,1.4739,1.2174
2021-06-09,1.4729,1.2195
2021-06-08,1.4706,1.2182
2021-06-07,1.4681,1.2162
2021-06-04,1.468,1.2117
2021-06-03,1.471,1.2187
2021-06-02,1.4705,1.2186
2021-06-01,1.4708,1.2225
2021-05-31,1.4727,1.2201
2021-05-28,1.4711,1.2142
2021-05-27,1.4746,1.2198
2021-05-26,1.4784,1.2229
2021-05-25,1.4758,1.2264
2021-05-24,1.4731,1.2212
2021-05-21,1.468,1.2188
2021-05-20,1.4778,1.2203
2021-05-19,1.4747,1.2212
2021-05-18,1.4693,1.2222
2021-05-17,1.472,1.2143
2021-05-14,1.47,1.2123
2021-05-13,1.4665,1.2081
2021-05-12,1.4643,1.2118
2021-05-11,1.4729,1.217
2021-05-10,1.4743,1.2169
2021-05-07,1.4689,1.2059
2021-05-06,1.4764,1.206
2021-05-05,1.4731,1.2005
2021-05-04,1.4836,1.2021
2021-05-03,1.4807,1.2044
2021-04-30,1.4834,1.2082
2021-04-29,1.4902,1.2129
2021-04-28,1.4955,1.207
2021-04-27,1.4985,1.2088
2021-04-26,1.503,1.2085
2021-04-23,1.5062,1.2066
2021-04-22,1.5067,1.2046
2021-04-21,1.5137,1.2007
2021-04-20,1.5089,1.2051
2021-04-19,1.5038,1.2035
2021-04-16,1.4986,1.1986
2021-04-15,1.4955,1.197
2021-04-14,1.5026,1.1964
2021-04-13,1.5006,1.1896
2021-04-12,1.4931,1.1904
2021-04-09,1.495,1.1888
2021-04-08,1.4947,1.1873
2021-04-07,1.4982,1.1884
2021-04-06,1.484,1.1812
2021-04-01,1.4787,1.1746
2021-03-31,1.4782,1.1725
2021-03-30,1.4814,1.1741
2021-03-29,1.4833,1.1784
2021-03-26,1.4814,1.1782
2021-03-25,1.4849,1.1802
2021-03-24,1.4884,1.1825
2021-03-23,1.4938,1.1883
2021-03-22,1.4903,1.1926
2021-03-19,1.4877,1.1891
2021-03-18,1.4824,1.1912
2021-03-17,1.4852,1.1907
2021-03-16,1.4867,1.1926
2021-03-15,1.4874,1.192
2021-03-12,1.4975,1.1933
2021-03-11,1.5051,1.1969
2021-03-10,1.5041,1.1892
2021-03-09,1.499,1.1894
2021-03-08,1.5035,1.1866
2021-03-05,1.516,1.1938
2021-03-04,1.5213,1.2034
2021-03-03,1.5234,1.2048
2021-03-02,1.5225,1.2028
2021-03-01,1.5274,1.2053
2021-02-26,1.5331,1.2121
2021-02-25,1.5257,1.2225
2021-02-24,1.5266,1.2146
2021-02-23,1.5319,1.2143
2021-02-22,1.5328,1.2133
2021-02-19,1.5307,1.2139
2021-02-18,1.5307,1.2084
2021-02-17,1.5304,1.206
2021-02-16,1.5365,1.2143
2021-02-15,1.5346,1.2129
2021-02-12,1.5418,1.2108
2021-02-11,1.5384,1.2147
2021-02-10,1.5394,1.2127
2021-02-09,1.5414,1.2104
2021-02-08,1.5363,1.2025
2021-02-05,1.5344,1.1983
2021-02-04,1.5358,1.1996
2021-02-03,1.5373,1.2017
2021-02-02,1.5422,1.2044
2021-02-01,1.5474,1.2084
2021-01-29,1.552,1.2136
2021-01-28,1.5564,1.2091
2021-01-27,1.5453,1.2114
2021-01-26,1.5444,1.2143
2021-01-25,1.5459,1.2152
2021-01-22,1.5458,1.2158
2021-01-21,1.5345,1.2158
2021-01-20,1.5379,1.2101
2021-01-19,1.5438,1.2132
2021-01-18,1.5413,1.2064
2021-01-15,1.5413,1.2123
2021-01-14,1.5381,1.2124
2021-01-13,1.5487,1.2166
2021-01-12,1.551,1.2161
2021-01-11,1.5551,1.2163
2021-01-08,1.5543,1.225
2021-01-07,1.5601,1.2276
2021-01-06,1.564,1.2338
2021-01-05,1.5651,1.2271
2021-01-04,1.5621,1.2296
2020-12-31,1.5633,1.2271
2020-12-30,1.5701,1.2281
2020-12-29,1.5713,1.2259
2020-12-28,1.5677,1.2219
2020-12-24,1.5656,1.2193
2020-12-23,1.5671,1.2166
2020-12-22,1.5753,1.2239
2020-12-21,1.5686,1.2173
2020-12-18,1.5638,1.2259
2020-12-17,1.5546,1.2246
2020-12-16,1.5551,1.2189
2020-12-15,1.5473,1.214
2020-12-14,1.5476,1.2162
2020-12-11,1.5487,1.2127
2020-12-10,1.5456,1.2115
2020-12-09,1.5472,1.2109
2020-12-08,1.5508,1.2114
2020-12-07,1.5537,1.2128
2020-12-04,1.5633,1.2159
2020-12-03,1.5692,1.2151
2020-12-02,1.5619,1.2066
2020-12-01,1.5522,1.1968
2020-11-30,1.5516,1.198
2020-11-27,1.5497,1.1922
2020-11-26,1.5472,1.19
2020-11-25,1.5478,1.189
2020-11-24,1.5504,1.1865
2020-11-23,1.553,1.1901
2020-11-20,1.5484,1.1863
2020-11-19,1.5501,1.1832
2020-11-18,1.5514,1.1868
2020-11-17,1.556,1.1882
2020-11-16,1.5476,1.183
2020-11-13,1.5528,1.1815
2020-11-12,1.5443,1.1791
2020-11-11,1.5364,1.1766
2020-11-10,1.5393,1.1808
2020-11-09,1.5388,1.1883
2020-11-06,1.5525,1.187
2020-11-05,1.5478,1.1855
2020-11-04,1.5411,1.1721
2020-11-03,1.5385,1.1702
2020-11-02,1.5466,1.1652
2020-10-30,1.5556,1.1698
2020-10-29,1.5658,1.1704
2020-10-28,1.5578,1.1727
2020-10-27,1.5589,1.1832
2020-10-26,1.558,1.1819
2020-10-23,1.5563,1.1856
2020-10-22,1.5559,1.1821
2020-10-21,1.5557,1.1852
2020-10-20,1.5577,1.181
2020-10-19,1.5523,1.1785
2020-10-16,1.5497,1.1741
2020-10-15,1.5453,1.1698
2020-10-14,1.5432,1.175
2020-10-13,1.545,1.1787
2020-10-12,1.5493,1.1799
2020-10-09,1.5542,1.1795
2020-10-08,1.5583,1.1765
2020-10-07,1.564,1.177
2020-10-06,1.563,1.1795
2020-10-05,1.5614,1.1768
2020-10-02,1.5603,1.173
2020-10-01,1.5616,1.1752
2020-09-30,1.5676,1.1708
2020-09-29,1.5655,1.1702
2020-09-28,1.562,1.167
2020-09-25,1.556,1.1634
2020-09-24,1.56,1.1645
2020-09-23,1.5594,1.1692
2020-09-22,1.5631,1.174
2020-09-21,1.5604,1.1787
2020-09-18,1.5601,1.1833
2020-09-17,1.5567,1.1797
2020-09-16,1.5628,1.1869
2020-09-15,1.5634,1.1892
2020-09-14,1.5641,1.1876
2020-09-11,1.5622,1.1854
2020-09-10,1.5586,1.1849
2020-09-09,1.5563,1.1773
2020-09-08,1.5523,1.1785
2020-09-07,1.5484,1.1824
2020-09-04,1.5508,1.1842
2020-09-03,1.5491,1.1813
2020-09-02,1.5495,1.1861
2020-09-01,1.56,1.1987
2020-08-31,1.5601,1.194
2020-08-28,1.5553,1.1915
2020-08-27,1.5521,1.1806
2020-08-26,1.5543,1.1789
2020-08-25,1.5597,1.1814
2020-08-24,1.5574,1.1847
2020-08-21,1.5563,1.1769
2020-08-20,1.5654,1.185
2020-08-19,1.5688,1.1933
2020-08-18,1.5672,1.1906
2020-08-17,1.5684,1.1853
2020-08-14,1.5649,1.1813
2020-08-13,1.5637,1.1833
2020-08-12,1.5644,1.1771
2020-08-11,1.5656,1.1783
2020-08-10,1.5739,1.1763
2020-08-07,1.577,1.1817
2020-08-06,1.5748,1.1843
2020-08-05,1.5703,1.1854
2020-08-04,1.5773,1.1765
2020-08-03,1.5755,1.1726
2020-07-31,1.5898,1.1848
2020-07-30,1.5771,1.1743
2020-07-29,1.5665,1.1725
2020-07-28,1.5693,1.1717
2020-07-27,1.5729,1.176
2020-07-24,1.5578,1.1608
2020-07-23,1.5486,1.1569
2020-07-22,1.554,1.1578
2020-07-21,1.5399,1.1443
2020-07-20,1.5532,1.1448
2020-07-17,1.551,1.1428
2020-07-16,1.5452,1.1414
2020-07-15,1.5527,1.1444
2020-07-14,1.5488,1.1375
2020-07-13,1.5366,1.1329
2020-07-10,1.5336,1.1276
2020-07-09,1.5314,1.1342
2020-07-08,1.5338,1.1286
2020-07-07,1.5317,1.129
2020-07-06,1.5333,1.1325
2020-07-03,1.5233,1.1224
2020-07-02,1.5343,1.1286
2020-07-01,1.5217,1.12
2020-06-30,1.5324,1.1198
2020-06-29,1.5409,1.1284
2020-06-26,1.5318,1.1213
2020-06-25,1.5282,1.12
2020-06-24,1.5331,1.128
2020-06-23,1.5269,1.1318
2020-06-22,1.521,1.1213
2020-06-19,1.5209,1.121
2020-06-18,1.5218,1.1222
2020-06-17,1.5204,1.1232
2020-06-16,1.532,1.1308
2020-06-15,1.5342,1.1253
2020-06-12,1.5347,1.1304
2020-06-11,1.5321,1.1348
2020-06-10,1.5228,1.1375
2020-06-09,1.5187,1.1294
2020-06-08,1.5126,1.1285
2020-06-05,1.5237,1.133
2020-06-04,1.5203,1.125
2020-06-03,1.5173,1.1194
2020-06-02,1.5106,1.1174
2020-06-01,1.5228,1.1116
2020-05-29,1.528,1.1136
2020-05-28,1.5155,1.1016
2020-05-27,1.5126,1.0991
2020-05-26,1.5184,1.0975
2020-05-25,1.5261,1.091
2020-05-22,1.5273,1.0904
2020-05-21,1.531,1.1
2020-05-20,1.5211,1.0958
2020-05-19,1.5251,1.095
2020-05-18,1.5202,1.0832
2020-05-15,1.5231,1.0798
2020-05-14,1.5224,1.0792
2020-05-13,1.5243,1.0875
2020-05-12,1.5178,1.0858
2020-05-11,1.5136,1.0824
2020-05-08,1.5118,1.0843
2020-05-07,1.5177,1.0783
2020-05-06,1.5225,1.0807
2020-05-05,1.5201,1.0843
2020-05-04,1.539,1.0942
2020-04-30,1.5077,1.0876
2020-04-29,1.5129,1.0842
2020-04-28,1.5179,1.0877
2020-04-27,1.5255,1.0852
2020-04-24,1.5173,1.08
2020-04-23,1.5226,1.0772
2020-04-22,1.5375,1.0867
2020-04-21,1.5393,1.0837
2020-04-20,1.5325,1.086
2020-04-17,1.528,1.086
2020-04-16,1.5359,1.0888
2020-04-15,1.533,1.0903
2020-04-14,1.5257,1.0963
2020-04-09,1.5265,1.0867
2020-04-08,1.5233,1.0871
2020-04-07,1.5259,1.0885
2020-04-06,1.528,1.0791
2020-04-03,1.5299,1.0785
2020-04-02,1.5451,1.0906
2020-04-01,1.5601,1.0936
2020-03-31,1.5617,1.0956
2020-03-30,1.5626,1.1034
2020-03-27,1.5521,1.0977
2020-03-26,1.5466,1.0981
2020-03-25,1.5539,1.0827
2020-03-24,1.5716,1.0843
2020-03-23,1.551,1.0783
2020-03-20,1.5257,1.0707
2020-03-19,1.5623,1.0801
2020-03-18,1.5749,1.0934
2020-03-17,1.5512,1.0982
2020-03-16,1.5539,1.1157
2020-03-13,1.5389,1.1104
2020-03-12,1.5524,1.124
2020-03-11,1.5579,1.1336
2020-03-10,1.5579,1.139
2020-03-09,1.5613,1.1456
2020-03-06,1.5213,1.1336
2020-03-05,1.5021,1.1187
2020-03-04,1.4862,1.1125
2020-03-03,1.4857,1.1117
2020-03-02,1.4857,1.1122
2020-02-28,1.4757,1.0977
2020-02-27,1.4636,1.0964
2020-02-26,1.4469,1.0875
2020-02-25,1.4403,1.084
2020-02-24,1.4372,1.0818
2020-02-21,1.432,1.0801
2020-02-20,1.4304,1.079
2020-02-19,1.4281,1.08
2020-02-18,1.4345,1.0816
2020-02-17,1.4334,1.0835
2020-02-14,1.4363,1.0842
2020-02-13,1.4406,1.0867
2020-02-12,1.4468,1.0914
2020-02-11,1.4495,1.0901
2020-02-10,1.458,1.0951
2020-02-07,1.4604,1.0969
2020-02-06,1.461,1.1003
2020-02-05,1.4644,1.1023
2020-02-04,1.4671,1.1048
2020-02-03,1.4647,1.1066
2020-01-31,1.4627,1.1052
2020-01-30,1.4577,1.1029
2020-01-29,1.4496,1.1001
2020-01-28,1.4516,1.1005
2020-01-27,1.4539,1.1025
2020-01-24,1.4491,1.1035
2020-01-23,1.4599,1.1091
2020-01-22,1.4465,1.1088
2020-01-21,1.4512,1.1115
2020-01-20,1.4487,1.1085
2020-01-17,1.4498,1.1108
2020-01-16,1.4559,1.1169
2020-01-15,1.4565,1.1142
2020-01-14,1.4528,1.1115
2020-01-13,1.4514,1.1126
2020-01-10,1.4498,1.1091
2020-01-09,1.4505,1.111
2020-01-08,1.447,1.1115
2020-01-07,1.452,1.1172
2020-01-06,1.4525,1.1194
2020-01-03,1.4471,1.1147
2020-01-02,1.4549,1.1193
2019-12-31,1.4598,1.1234
2019-12-30,1.4621,1.1189
2019-12-27,1.4592,1.1153
2019-12-24,1.4582,1.108
2019-12-23,1.4577,1.1075
2019-12-20,1.4579,1.1097
2019-12-19,1.4588,1.1117
2019-12-18,1.4624,1.1115
2019-12-17,1.469,1.1162
2019-12-16,1.4621,1.1146
2019-12-13,1.4712,1.1174
2019-12-12,1.4676,1.1137
2019-12-11,1.4661,1.1075
2019-12-10,1.4666,1.1077
2019-12-09,1.4675,1.1075
2019-12-06,1.4618,1.1094
2019-12-05,1.461,1.1094
2019-12-04,1.4707,1.1081
2019-12-03,1.4747,1.1071
2019-12-02,1.4656,1.1023
2019-11-29,1.4614,1.0982
2019-11-28,1.4625,1.1005
2019-11-27,1.4605,1.1009
2019-11-26,1.4663,1.102
2019-11-25,1.4648,1.1008
2019-11-22,1.4679,1.1058
2019-11-21,1.4759,1.1091
2019-11-20,1.4711,1.1059
2019-11-19,1.4633,1.1077
2019-11-18,1.4622,1.1061
2019-11-15,1.4608,1.1034
2019-11-14,1.4588,1.0997
2019-11-13,1.4592,1.1006
2019-11-12,1.4588,1.1015
2019-11-11,1.4607,1.1041
2019-11-08,1.4561,1.1034
2019-11-07,1.4585,1.1077
2019-11-06,1.4599,1.109
2019-11-05,1.4584,1.1109
2019-11-04,1.468,1.1158
2019-11-01,1.4682,1.1139
2019-10-31,1.4673,1.1154
2019-10-30,1.4534,1.1106
2019-10-29,1.4486,1.1095
2019-10-28,1.4487,1.1087
2019-10-25,1.4511,1.1107
2019-10-24,1.4545,1.1128
2019-10-23,1.4558,1.1123
2019-10-22,1.4581,1.113
2019-10-21,1.4643,1.1173
2019-10-18,1.4639,1.1144
2019-10-17,1.4644,1.1113
2019-10-16,1.4563,1.1025
2019-10-15,1.4562,1.1007
2019-10-14,1.4576,1.1031
2019-10-11,1.4679,1.1043
2019-10-10,1.4678,1.103
2019-10-09,1.4607,1.0981
2019-10-08,1.4623,1.0986
2019-10-07,1.4633,1.0993
2019-10-04,1.4612,1.0979
2019-10-03,1.4606,1.0951
2019-10-02,1.4467,1.0925
2019-10-01,1.4466,1.0898
2019-09-30,1.4426,1.0889
2019-09-27,1.4493,1.0935
2019-09-26,1.4482,1.0938
2019-09-25,1.458,1.0982
2019-09-24,1.4586,1.1003
2019-09-23,1.4586,1.0985
2019-09-20,1.4636,1.103
2019-09-19,1.4686,1.1067
2019-09-18,1.4645,1.1053
2019-09-17,1.462,1.1026
2019-09-16,1.4619,1.1031
2019-09-13,1.4663,1.1096
2019-09-12,1.4468,1.0963
2019-09-11,1.4468,1.1003
2019-09-10,1.4536,1.104
2019-09-09,1.4515,1.1033
2019-09-06,1.4583,1.1027
2019-09-05,1.4602,1.1058
2019-09-04,1.4679,1.1018
2019-09-03,1.4627,1.0937
2019-09-02,1.4632,1.0968
2019-08-30,1.4658,1.1036
2019-08-29,1.4699,1.1072
2019-08-28,1.4754,1.1083
2019-08-27,1.4689,1.1104
2019-08-26,1.4788,1.1116
2019-08-23,1.4741,1.1065
2019-08-22,1.4722,1.1083
2019-08-21,1.4761,1.1104
2019-08-20,1.4762,1.1076
2019-08-19,1.4729,1.1103
2019-08-16,1.473,1.1076
2019-08-15,1.4841,1.115
2019-08-14,1.4872,1.1188
2019-08-13,1.4889,1.1222
2019-08-12,1.4807,1.1194
2019-08-09,1.4796,1.1198
2019-08-08,1.4874,1.1193
2019-08-07,1.492,1.1202
2019-08-06,1.4785,1.1187
2019-08-05,1.4775,1.1182
2019-08-02,1.4698,1.1106
2019-08-01,1.4602,1.1037
2019-07-31,1.4662,1.1151
2019-07-30,1.4691,1.1154
2019-07-29,1.4645,1.1119
2019-07-26,1.468,1.1138
2019-07-25,1.4591,1.1115
2019-07-24,1.4627,1.114
2019-07-23,1.4691,1.1173
2019-07-22,1.4665,1.1215
2019-07-19,1.4655,1.1226
2019-07-18,1.465,1.1216
2019-07-17,1.4654,1.1215
2019-07-16,1.4643,1.1223
2019-07-15,1.4684,1.1269
2019-07-12,1.4667,1.1253
2019-07-11,1.4735,1.1285
2019-07-10,1.4713,1.122
2019-07-09,1.4706,1.1205
2019-07-08,1.4642,1.1215
2019-07-05,1.4712,1.126
2019-07-04,1.4749,1.1288
2019-07-03,1.4794,1.1293
2019-07-02,1.4819,1.1301
2019-07-01,1.4866,1.1349
2019-06-28,1.4893,1.138
2019-06-27,1.4928,1.137
2019-06-26,1.4947,1.1362
2019-06-25,1.5001,1.1388
2019-06-24,1.503,1.1394
2019-06-21,1.4928,1.1316
2019-06-20,1.4886,1.1307
2019-06-19,1.499,1.1207
2019-06-18,1.5016,1.1187
2019-06-17,1.5069,1.1234
2019-06-14,1.5018,1.1265
2019-06-13,1.5021,1.1289
2019-06-12,1.5059,1.1323
2019-06-11,1.5002,1.132
2019-06-10,1.5004,1.1301
2019-06-07,1.5061,1.1273
2019-06-06,1.5096,1.1266
2019-06-05,1.507,1.1257
2019-06-04,1.5111,1.1244
2019-06-03,1.5098,1.1185
2019-05-31,1.5115,1.1151
2019-05-30,1.5029,1.1134
2019-05-29,1.5065,1.1156
2019-05-28,1.5071,1.1192
2019-05-27,1.5061,1.1198
2019-05-24,1.5053,1.1187
2019-05-23,1.5,1.1139
2019-05-22,1.4952,1.1171
2019-05-21,1.4966,1.1161
2019-05-20,1.5,1.1167
2019-05-17,1.5074,1.1172
2019-05-16,1.5039,1.1203
2019-05-15,1.5075,1.1183
2019-05-14,1.5117,1.1226
2019-05-13,1.5117,1.1245
2019-05-10,1.5132,1.123
2019-05-09,1.5093,1.1193
2019-05-08,1.5074,1.1202
2019-05-07,1.5065,1.1185
2019-05-06,1.5095,1.1199
2019-05-03,1.5019,1.1155
2019-05-02,1.5064,1.1212
2019-04-30,1.5075,1.1218
2019-04-29,1.5028,1.115
2019-04-26,1.502,1.1133
2019-04-25,1.5023,1.1123
2019-04-24,1.5078,1.1209
2019-04-23,1.5057,1.1245
2019-04-18,1.5065,1.125
2019-04-17,1.507,1.1301
2019-04-16,1.511,1.1305
2019-04-15,1.506,1.1313
2019-04-12,1.5082,1.1321
2019-04-11,1.5067,1.1264
2019-04-10,1.5032,1.1279
2019-04-09,1.4984,1.1277
2019-04-08,1.5042,1.1246
2019-04-05,1.503,1.1233
2019-04-04,1.4987,1.1219
2019-04-03,1.4964,1.1243
2019-04-02,1.4919,1.12
2019-04-01,1.5006,1.1236
2019-03-29,1.5,1.1235
2019-03-28,1.5066,1.1218
2019-03-27,1.5101,1.1261
2019-03-26,1.5132,1.1291
2019-03-25,1.5204,1.1325
2019-03-22,1.5155,1.1302
2019-03-21,1.5189,1.1387
2019-03-20,1.5125,1.1354
2019-03-19,1.506,1.1358
2019-03-18,1.5134,1.1349
2019-03-15,1.5118,1.1308
2019-03-14,1.5074,1.1295
2019-03-13,1.5087,1.1303
2019-03-12,1.5111,1.1275
2019-03-11,1.5093,1.1244
2019-03-08,1.5099,1.1222
2019-03-07,1.5131,1.1271
2019-03-06,1.5128,1.1305
2019-03-05,1.5116,1.1329
2019-03-04,1.5092,1.1337
2019-03-01,1.4971,1.1383
2019-02-28,1.5042,1.1416
2019-02-27,1.4962,1.1386
2019-02-26,1.5024,1.1361
2019-02-25,1.4924,1.1355
2019-02-22,1.4976,1.1325
2019-02-21,1.4951,1.1354
2019-02-20,1.4956,1.1342
2019-02-19,1.4961,1.1294
2019-02-18,1.4992,1.1328
2019-02-15,1.4959,1.126
2019-02-14,1.4949,1.1268
2019-02-13,1.4972,1.1305
2019-02-12,1.4969,1.1296
2019-02-11,1.5005,1.1309
2019-02-08,1.5098,1.1346
2019-02-07,1.505,1.1345
2019-02-06,1.502,1.1394
2019-02-05,1.4996,1.1423
2019-02-04,1.5011,1.1445
2019-02-01,1.5075,1.1471
2019-01-31,1.5109,1.1488
2019-01-30,1.5111,1.1429
2019-01-29,1.5142,1.1422
2019-01-28,1.5115,1.1418
2019-01-25,1.5107,1.1346
2019-01-24,1.516,1.1341
2019-01-23,1.5132,1.1367
2019-01-22,1.5128,1.1354
2019-01-21,1.5117,1.1362
2019-01-18,1.5134,1.1402
2019-01-17,1.5153,1.1396
2019-01-16,1.5101,1.1389
2019-01-15,1.5154,1.1424
2019-01-14,1.5226,1.1467
2019-01-11,1.5247,1.1533
2019-01-10,1.5251,1.1535
2019-01-09,1.5172,1.1455
2019-01-08,1.5208,1.144
2019-01-07,1.5281,1.1445
2019-01-04,1.5328,1.1403
2019-01-03,1.5392,1.1348
2019-01-02,1.5547,1.1397
2018-12-31,1.5605,1.145
2018-12-28,1.5602,1.1454
2018-12-27,1.55,1.1377
2018-12-24,1.5506,1.1408
2018-12-21,1.5459,1.1414
2018-12-20,1.5424,1.1451
2018-12-19,1.5332,1.1405
2018-12-18,1.5249,1.1377
2018-12-17,1.5189,1.1341
2018-12-14,1.5095,1.1285
2018-12-13,1.5193,1.1371
2018-12-12,1.517,1.1346
2018-12-11,1.5239,1.1379
2018-12-10,1.5218,1.1425
2018-12-07,1.523,1.1371
2018-12-06,1.5229,1.1351
2018-12-05,1.5076,1.1354
2018-12-04,1.5031,1.1409
2018-12-03,1.4931,1.1332
2018-11-30,1.5116,1.1359
2018-11-29,1.5117,1.1387
2018-11-28,1.5036,1.1284
2018-11-27,1.5018,1.1328
2018-11-26,1.5011,1.1363
2018-11-23,1.5019,1.1352
2018-11-22,1.5074,1.1403
2018-11-21,1.5144,1.1409
2018-11-20,1.5071,1.1421
2018-11-19,1.5055,1.1427
2018-11-16,1.4955,1.1346
2018-11-15,1.4949,1.1305
2018-11-14,1.4937,1.1296
2018-11-13,1.4888,1.1261
2018-11-12,1.4873,1.1265
2018-11-09,1.4969,1.1346
2018-11-08,1.4972,1.1424
2018-11-07,1.5019,1.1487
2018-11-06,1.4996,1.1428
2018-11-05,1.4887,1.137
2018-11-02,1.4956,1.1417
2018-11-01,1.4904,1.1393
2018-10-31,1.4856,1.1318
2018-10-30,1.4941,1.1372
2018-10-29,1.4917,1.1381
2018-10-26,1.4916,1.1345
2018-10-25,1.4893,1.1416
2018-10-24,1.49,1.1389
2018-10-23,1.5047,1.1478
2018-10-22,1.5044,1.1494
2018-10-19,1.4947,1.147
2018-10-18,1.5009,1.1505
2018-10-17,1.4957,1.153
2018-10-16,1.501,1.1587
2018-10-15,1.5085,1.1581
2018-10-12,1.5054,1.1574
2018-10-11,1.5102,1.1575
2018-10-10,1.4907,1.15
2018-10-09,1.4861,1.1435
2018-10-08,1.4915,1.1478
2018-10-05,1.4862,1.1506
2018-10-04,1.48,1.1502
2018-10-03,1.482,1.1548
2018-10-02,1.4795,1.1543
2018-10-01,1.4867,1.1606
2018-09-28,1.5064,1.1576
2018-09-27,1.5301,1.1707
2018-09-26,1.5214,1.1737
2018-09-25,1.5262,1.1777
2018-09-24,1.5231,1.1773
2018-09-21,1.5197,1.1759
2018-09-20,1.5174,1.1769
2018-09-19,1.5136,1.1667
2018-09-18,1.5237,1.1697
2018-09-17,1.5193,1.1671
2018-09-14,1.5206,1.1689
2018-09-13,1.5112,1.162
2018-09-12,1.5137,1.1585
2018-09-11,1.5231,1.1574
2018-09-10,1.5268,1.1571
2018-09-07,1.5238,1.1615
2018-09-06,1.5338,1.1634
2018-09-05,1.5263,1.1582
2018-09-04,1.5234,1.1562
2018-09-03,1.5175,1.1609
2018-08-31,1.5192,1.1651
2018-08-30,1.5117,1.1692
2018-08-29,1.5093,1.166
2018-08-28,1.5128,1.171
2018-08-27,1.5182,1.1633
2018-08-24,1.5143,1.1588
2018-08-23,1.5089,1.1579
2018-08-22,1.5126,1.1616
2018-08-21,1.4978,1.1502
2018-08-20,1.4927,1.142
2018-08-17,1.4976,1.1391
2018-08-16,1.4942,1.137
2018-08-15,1.4833,1.1321
2018-08-14,1.4909,1.1406
2018-08-13,1.4996,1.1403
2018-08-10,1.5002,1.1456
2018-08-09,1.5111,1.1593
2018-08-08,1.5158,1.1589
2018-08-07,1.5047,1.1602
2018-08-06,1.5032,1.1543
2018-08-03,1.5085,1.1588
2018-08-02,1.5144,1.1617
2018-08-01,1.5231,1.1696
2018-07-31,1.5298,1.1736
2018-07-30,1.5245,1.1684
2018-07-27,1.5193,1.1625
2018-07-26,1.5287,1.1716
2018-07-25,1.5341,1.169
2018-07-24,1.5393,1.1706
2018-07-23,1.5387,1.1716
2018-07-20,1.5443,1.167
2018-07-19,1.5351,1.1588
2018-07-18,1.5389,1.1611
2018-07-17,1.5403,1.1707
2018-07-16,1.5399,1.172
2018-07-13,1.5358,1.1643
2018-07-12,1.5369,1.1658
2018-07-11,1.5421,1.1735
2018-07-10,1.5382,1.1713
2018-07-09,1.5415,1.1789
2018-07-06,1.5397,1.1724
2018-07-05,1.5374,1.1709
2018-07-04,1.5306,1.1642
2018-07-03,1.5344,1.1665
2018-07-02,1.5342,1.1639
2018-06-29,1.5442,1.1658
2018-06-28,1.5398,1.1583
2018-06-27,1.5443,1.1616
2018-06-26,1.5549,1.1672
2018-06-25,1.5542,1.17
2018-06-22,1.5459,1.1648
2018-06-21,1.5381,1.1538
2018-06-20,1.5398,1.1578
2018-06-19,1.5319,1.1534
2018-06-18,1.5307,1.1613
2018-06-15,1.5223,1.1596
2018-06-14,1.5222,1.173
2018-06-13,1.5313,1.1764
2018-06-12,1.5335,1.1788
2018-06-11,1.5348,1.179
2018-06-08,1.5274,1.1754
2018-06-07,1.5313,1.1836
2018-06-06,1.515,1.1765
2018-06-05,1.5158,1.1675
2018-06-04,1.5148,1.1737
2018-06-01,1.5142,1.1669
2018-05-31,1.5038,1.1699
2018-05-30,1.5093,1.1632
2018-05-29,1.5058,1.1558
2018-05-28,1.5114,1.1644
2018-05-25,1.5126,1.1675
2018-05-24,1.5111,1.1728
2018-05-23,1.5109,1.1708
2018-05-22,1.5066,1.1794
2018-05-21,1.5139,1.1759
2018-05-18,1.5074,1.1781
2018-05-17,1.5077,1.1805
2018-05-16,1.5161,1.1784
2018-05-15,1.5253,1.1883
2018-05-14,1.5301,1.1988
2018-05-11,1.5197,1.1934
2018-05-10,1.5172,1.1878
2018-05-09,1.5299,1.1879
2018-05-08,1.5398,1.187
2018-05-07,1.5338,1.1902
2018-05-04,1.541,1.1969
2018-05-03,1.5404,1.1992
2018-05-02,1.5401,1.2007
2018-04-30,1.5542,1.2079
2018-04-27,1.5549,1.207
2018-04-26,1.5618,1.2168
2018-04-25,1.5704,1.2185
2018-04-24,1.5662,1.2213
2018-04-23,1.5649,1.2238
2018-04-20,1.5557,1.2309
2018-04-19,1.5606,1.2382
2018-04-18,1.5572,1.2388
2018-04-17,1.5511,1.2357
2018-04-16,1.5596,1.237
2018-04-13,1.5482,1.2317
2018-04-12,1.5517,1.2323
2018-04-11,1.5625,1.2384
2018-04-10,1.5645,1.2361
2018-04-09,1.5726,1.2304
2018-04-06,1.565,1.2234
2018-04-05,1.5659,1.226
2018-04-04,1.5756,1.2276
2018-04-03,1.5818,1.2308
2018-03-29,1.5895,1.2321
2018-03-28,1.5974,1.2398
2018-03-27,1.5949,1.2376
2018-03-26,1.5997,1.2411
2018-03-23,1.5868,1.2346
2018-03-22,1.5889,1.2316
2018-03-21,1.5947,1.2286
2018-03-20,1.604,1.2276
2018-03-19,1.6105,1.2309
2018-03-16,1.6087,1.2301
2018-03-15,1.6025,1.2341
2018-03-14,1.5993,1.2369
2018-03-13,1.589,1.2378
2018-03-12,1.5782,1.2302
2018-03-09,1.5848,1.2291
2018-03-08,1.6044,1.2421
2018-03-07,1.6056,1.2417
2018-03-06,1.5993,1.2411
2018-03-05,1.5914,1.2307
2018-03-02,1.5858,1.2312
2018-03-01,1.5654,1.2171
2018-02-28,1.5608,1.2214
2018-02-27,1.5647,1.2301
2018-02-26,1.5617,1.232
2018-02-23,1.5614,1.2299
2018-02-22,1.5589,1.2276
2018-02-21,1.5601,1.2312
2018-02-20,1.5553,1.234
2018-02-19,1.5592,1.241
2018-02-16,1.5587,1.2464
2018-02-15,1.5604,1.2493
2018-02-14,1.5528,1.2348
2018-02-13,1.5544,1.2333
2018-02-12,1.5427,1.2263
2018-02-09,1.5475,1.2273
2018-02-08,1.5402,1.2252
2018-02-07,1.5445,1.2338
2018-02-06,1.5488,1.2329
2018-02-05,1.5468,1.244
2018-02-02,1.5387,1.2492
2018-02-01,1.5348,1.2459
2018-01-31,1.529,1.2457
2018-01-30,1.5304,1.2421
2018-01-29,1.5269,1.2379
2018-01-26,1.5325,1.2436
2018-01-25,1.5289,1.2407
2018-01-24,1.5229,1.2352
2018-01-23,1.5289,1.2249
2018-01-22,1.527,1.2239
2018-01-19,1.5246,1.2255
2018-01-18,1.5229,1.2235
2018-01-17,1.5185,1.2203
2018-01-16,1.5194,1.223
2018-01-15,1.5263,1.2277
2018-01-12,1.5194,1.2137
2018-01-11,1.5093,1.2017
2018-01-10,1.4931,1.1992
2018-01-09,1.4826,1.1932
2018-01-08,1.488,1.1973
2018-01-05,1.5068,1.2045
2018-01-04,1.5114,1.2065
2018-01-03,1.5047,1.2023
2018-01-02,1.5128,1.2065
2017-12-29,1.5039,1.1993
2017-12-28,1.5049,1.1934
2017-12-27,1.5028,1.1895
2017-12-22,1.5057,1.1853
2017-12-21,1.5184,1.1859
2017-12-20,1.5221,1.1845
2017-12-19,1.5207,1.1823
2017-12-18,1.5185,1.1795
2017-12-15,1.507,1.1806
2017-12-14,1.5196,1.1845
2017-12-13,1.5092,1.1736
2017-12-12,1.5098,1.1766
2017-12-11,1.5168,1.1796
2017-12-08,1.5072,1.1742
2017-12-07,1.5131,1.1786
2017-12-06,1.4963,1.1817
2017-12-05,1.4966,1.1847
2017-12-04,1.5034,1.1865
2017-12-01,1.5301,1.1885
2017-11-30,1.5267,1.1849
2017-11-29,1.5176,1.1827
2017-11-28,1.5208,1.1888
2017-11-27,1.5156,1.1952
2017-11-24,1.5093,1.1877
2017-11-23,1.5024,1.1848
2017-11-22,1.4969,1.1749
2017-11-21,1.5006,1.1718
2017-11-20,1.5066,1.1781
2017-11-17,1.5053,1.1795
2017-11-16,1.5025,1.1771
2017-11-15,1.5103,1.184
2017-11-14,1.4933,1.1745
2017-11-13,1.4809,1.1656
2017-11-10,1.4766,1.1654
2017-11-09,1.4779,1.163
2017-11-08,1.4753,1.159
2017-11-07,1.4761,1.1562
2017-11-06,1.4787,1.159
2017-11-03,1.483,1.1657
2017-11-02,1.496,1.1645
2017-11-01,1.4986,1.1612
2017-10-31,1.5004,1.1638
2017-10-30,1.4918,1.1612
2017-10-27,1.4961,1.1605
2017-10-26,1.5041,1.1753
2017-10-25,1.4963,1.1785
2017-10-24,1.4875,1.1761
2017-10-23,1.4835,1.174
2017-10-20,1.4765,1.1818
2017-10-19,1.4743,1.1834
2017-10-18,1.472,1.1749
2017-10-17,1.4741,1.1759
2017-10-16,1.48,1.1803
2017-10-13,1.4761,1.181
2017-10-12,1.4785,1.1856
2017-10-11,1.4798,1.183
2017-10-10,1.4745,1.1797
2017-10-09,1.4731,1.1746
2017-10-06,1.4721,1.1707
2017-10-05,1.4655,1.1742
2017-10-04,1.4678,1.1787
2017-10-03,1.4692,1.1753
2017-10-02,1.4693,1.1744
2017-09-29,1.4687,1.1806
2017-09-28,1.4684,1.1778
2017-09-27,1.4554,1.1741
2017-09-26,1.4605,1.1787
2017-09-25,1.463,1.1867
2017-09-22,1.4675,1.1961
2017-09-21,1.4712,1.1905
2017-09-20,1.4701,1.2007
2017-09-19,1.4714,1.1972
2017-09-18,1.4581,1.1948
2017-09-15,1.452,1.1963
2017-09-14,1.4501,1.1885
2017-09-13,1.4542,1.1979
2017-09-12,1.4477,1.1933
2017-09-11,1.4541,1.1997
2017-09-08,1.4577,1.206
2017-09-07,1.4587,1.1971
2017-09-06,1.4787,1.1931
2017-09-05,1.4732,1.189
2017-09-04,1.4774,1.1905
2017-09-01,1.483,1.192
2017-08-31,1.497,1.1825
2017-08-30,1.4961,1.1916
2017-08-29,1.5037,1.2048
2017-08-28,1.4866,1.1925
2017-08-25,1.4769,1.1808
2017-08-24,1.4784,1.1806
2017-08-23,1.4848,1.1799
2017-08-22,1.4806,1.1771
2017-08-21,1.4815,1.1761
2017-08-18,1.4859,1.174
2017-08-17,1.4767,1.1697
2017-08-16,1.4908,1.171
2017-08-15,1.496,1.1744
2017-08-14,1.4975,1.1797
2017-08-11,1.4956,1.1765
2017-08-10,1.4923,1.1732
2017-08-09,1.4875,1.1731
2017-08-08,1.4959,1.1814
2017-08-07,1.4959,1.1797
2017-08-04,1.492,1.1868
2017-08-03,1.4951,1.186
2017-08-02,1.4841,1.1829
2017-08-01,1.4737,1.1812
2017-07-31,1.4625,1.1727
2017-07-28,1.4712,1.1729
2017-07-27,1.4603,1.1694
2017-07-26,1.4576,1.1644
2017-07-25,1.4608,1.1694
2017-07-24,1.4584,1.1648
2017-07-21,1.4664,1.1642
2017-07-20,1.4487,1.1485
2017-07-19,1.454,1.1533
2017-07-18,1.4548,1.1555
2017-07-17,1.4502,1.1462
2017-07-14,1.4524,1.1415
2017-07-13,1.4564,1.1417
2017-07-12,1.4808,1.1449
2017-07-11,1.4718,1.1405
2017-07-10,1.4703,1.1387
2017-07-07,1.4806,1.1412
2017-07-06,1.4728,1.1385
2017-07-05,1.4682,1.1329
2017-07-04,1.473,1.1353
2017-07-03,1.4755,1.1369
2017-06-30,1.4785,1.1412
2017-06-29,1.4867,1.1413
2017-06-28,1.4888,1.1375
2017-06-27,1.4895,1.1278
2017-06-26,1.4812,1.1187
2017-06-23,1.4783,1.1173
2017-06-22,1.4853,1.1169
2017-06-21,1.4803,1.1147
2017-06-20,1.4812,1.1156
2017-06-19,1.4827,1.1199
2017-06-16,1.4766,1.1167
2017-06-15,1.4826,1.1166
2017-06-14,1.4796,1.1203
2017-06-13,1.4892,1.1217
2017-06-12,1.5078,1.1221
2017-06-09,1.5098,1.1176
2017-06-08,1.5175,1.1229
2017-06-07,1.5085,1.1217
2017-06-06,1.517,1.1258
2017-06-05,1.5174,1.1249
2017-06-02,1.5169,1.1217
2017-06-01,1.5155,1.1219
2017-05-31,1.5108,1.1221
2017-05-30,1.5048,1.1173
2017-05-29,1.5053,1.1188
2017-05-26,1.5077,1.1196
2017-05-25,1.5063,1.1214
2017-05-24,1.5109,1.1193
2017-05-23,1.5104,1.1215
2017-05-22,1.5174,1.1243
2017-05-19,1.5169,1.1179
2017-05-18,1.5183,1.1129
2017-05-17,1.5136,1.1117
2017-05-16,1.5058,1.1059
2017-05-15,1.4931,1.0972
2017-05-12,1.4941,1.0876
2017-05-11,1.4906,1.086
2017-05-10,1.4905,1.0882
2017-05-09,1.4921,1.0888
2017-05-08,1.4986,1.0938
2017-05-05,1.5094,1.0961
2017-05-04,1.501,1.0927
2017-05-03,1.499,1.0919
2017-05-02,1.4928,1.0915
2017-04-28,1.4914,1.093
2017-04-27,1.4783,1.0881
2017-04-26,1.4792,1.0893
2017-04-25,1.479,1.0891
2017-04-24,1.457,1.0848
2017-04-21,1.4413,1.0698
2017-04-20,1.4494,1.0745
2017-04-19,1.4415,1.0725
2017-04-18,1.4273,1.0682
2017-04-13,1.4069,1.063
2017-04-12,1.4114,1.0605
2017-04-11,1.4139,1.0616
2017-04-10,1.4155,1.0578
2017-04-07,1.4256,1.063
2017-04-06,1.4322,1.0666
2017-04-05,1.4291,1.0678
2017-04-04,1.432,1.0651
2017-04-03,1.4229,1.0661
2017-03-31,1.4265,1.0691
2017-03-30,1.432,1.0737
2017-03-29,1.438,1.0748
2017-03-28,1.4546,1.0859
2017-03-27,1.4536,1.0889
2017-03-24,1.4448,1.0805
2017-03-23,1.4387,1.0786
2017-03-22,1.4458,1.0807
2017-03-21,1.4349,1.0802
2017-03-20,1.4359,1.0752
2017-03-17,1.4296,1.0737
2017-03-16,1.4277,1.0726
2017-03-15,1.4291,1.0622
2017-03-14,1.4338,1.0631
2017-03-13,1.435,1.0663
2017-03-10,1.4322,1.0606
2017-03-09,1.4272,1.0551
2017-03-08,1.4193,1.0556
2017-03-07,1.4191,1.0576
2017-03-06,1.4183,1.0592
2017-03-03,1.4161,1.0565
2017-03-02,1.4069,1.0514
2017-03-01,1.4044,1.0533
2017-02-28,1.3984,1.0597
2017-02-27,1.3889,1.0587
2017-02-24,1.3907,1.0609
2017-02-23,1.3868,1.0573
2017-02-22,1.3844,1.0513
2017-02-21,1.384,1.0537
2017-02-20,1.3918,1.0616
2017-02-17,1.3929,1.065
2017-02-16,1.3865,1.0652
2017-02-15,1.3809,1.0555
2017-02-14,1.3842,1.0623
2017-02-13,1.3917,1.0629
2017-02-10,1.3965,1.0629
2017-02-09,1.4016,1.0692
2017-02-08,1.402,1.0665
2017-02-07,1.4072,1.0675
2017-02-06,1.3987,1.0712
2017-02-03,1.4023,1.0741
2017-02-02,1.405,1.0808
2017-02-01,1.4097,1.079
2017-01-31,1.4056,1.0755
2017-01-30,1.3983,1.063
2017-01-27,1.4012,1.0681
2017-01-26,1.4048,1.07
2017-01-25,1.407,1.0743
2017-01-24,1.4267,1.0748
2017-01-23,1.4266,1.0715
2017-01-20,1.4217,1.0632
2017-01-19,1.4169,1.0668
2017-01-18,1.3986,1.0664
2017-01-17,1.3953,1.0684
2017-01-16,1.3927,1.0594
2017-01-13,1.401,1.0661
2017-01-12,1.3944,1.0679
2017-01-11,1.3919,1.0503
2017-01-10,1.3992,1.0567
2017-01-09,1.3954,1.0516
2017-01-06,1.4039,1.0589
2017-01-05,1.3966,1.0501
2017-01-04,1.3894,1.0437
2017-01-03,1.3962,1.0385
2017-01-02,1.407,1.0465
2016-12-30,1.4188,1.0541
2016-12-29,1.4154,1.0453
2016-12-28,1.4119,1.0401
2016-12-27,1.4136,1.0445
2016-12-23,1.4117,1.0446
2016-12-22,1.4066,1.0444
2016-12-21,1.3932,1.0421
2016-12-20,1.3896,1.0364
2016-12-19,1.3947,1.0422
2016-12-16,1.396,1.0439
2016-12-15,1.3902,1.0419
2016-12-14,1.3961,1.0644
2016-12-13,1.3921,1.061
2016-12-12,1.3918,1.0596
2016-12-09,1.3914,1.0559
2016-12-08,1.4222,1.0762
2016-12-07,1.4242,1.073
2016-12-06,1.4242,1.0734
2016-12-05,1.424,1.0702
2016-12-02,1.4157,1.0642
2016-12-01,1.424,1.0627
2016-11-30,1.4233,1.0635
2016-11-29,1.4232,1.0576
2016-11-28,1.4242,1.0588
2016-11-25,1.429,1.0592
2016-11-24,1.4232,1.0548
2016-11-23,1.426,1.0602
2016-11-22,1.423,1.0617
2016-11-21,1.4308,1.0631
2016-11-18,1.4365,1.0629
2016-11-17,1.4389,1.0717
2016-11-16,1.4425,1.0702
2016-11-15,1.456,1.0765
2016-11-14,1.459,1.0777
2016-11-11,1.4711,1.0904
2016-11-10,1.4689,1.0895
2016-11-09,1.4798,1.1022
2016-11-08,1.4756,1.1038
2016-11-07,1.4813,1.1062
2016-11-04,1.4901,1.1093
2016-11-03,1.4814,1.1064
2016-11-02,1.484,1.1095
2016-11-01,1.473,1.1025
2016-10-31,1.4665,1.0946
2016-10-28,1.4623,1.0922
2016-10-27,1.4605,1.0927
2016-10-26,1.4602,1.0925
2016-10-25,1.4478,1.0872
2016-10-24,1.4547,1.0891
2016-10-21,1.4401,1.0886
2016-10-20,1.446,1.098
2016-10-19,1.4361,1.0979
2016-10-18,1.4382,1.0993
2016-10-17,1.4433,1.0994
2016-10-14,1.4485,1.1002
2016-10-13,1.462,1.1038
2016-10-12,1.4598,1.102
2016-10-11,1.4653,1.1079
2016-10-10,1.479,1.116
2016-10-07,1.4784,1.114
2016-10-06,1.4769,1.1185
2016-10-05,1.4816,1.1211
2016-10-04,1.4697,1.1161
2016-10-03,1.4702,1.1236
2016-09-30,1.469,1.1161
2016-09-29,1.4683,1.1221
2016-09-28,1.4829,1.1225
2016-09-27,1.4873,1.122
2016-09-26,1.4825,1.1262
2016-09-23,1.4625,1.1214
2016-09-22,1.4623,1.1238
2016-09-21,1.4653,1.115
2016-09-20,1.4792,1.1184
2016-09-19,1.4684,1.1165
2016-09-16,1.4817,1.1226
2016-09-15,1.4831,1.1254
2016-09-14,1.4799,1.1218
2016-09-13,1.4744,1.1247
2016-09-12,1.4722,1.1226
2016-09-09,1.46,1.1268
2016-09-08,1.4546,1.1296
2016-09-07,1.4444,1.1237
2016-09-06,1.4405,1.1159
2016-09-05,1.4436,1.1156
2016-09-02,1.4643,1.1193
2016-09-01,1.4634,1.1146
2016-08-31,1.4583,1.1132
2016-08-30,1.4562,1.1168
2016-08-29,1.4536,1.117
2016-08-26,1.4546,1.129
2016-08-25,1.4597,1.129
2016-08-24,1.4581,1.1268
2016-08-23,1.4625,1.1339
2016-08-22,1.4602,1.1306
2016-08-19,1.4547,1.1326
2016-08-18,1.4524,1.1321
2016-08-17,1.4529,1.1276
2016-08-16,1.4477,1.1295
2016-08-15,1.4446,1.118
2016-08-12,1.4478,1.1158
2016-08-11,1.4559,1.1153
2016-08-10,1.4557,1.1184
2016-08-09,1.4567,1.1078
2016-08-08,1.4573,1.1087
2016-08-05,1.4529,1.1156
2016-08-04,1.4536,1.1136
2016-08-03,1.4672,1.12
2016-08-02,1.4608,1.1193
2016-08-01,1.4587,1.1164
2016-07-29,1.4643,1.1113
2016-07-28,1.4595,1.109
2016-07-27,1.4497,1.0991
2016-07-26,1.4553,1.0997
2016-07-25,1.4465,1.0982
2016-07-22,1.4436,1.1014
2016-07-21,1.4376,1.1015
2016-07-20,1.4382,1.1013
2016-07-19,1.4364,1.1035
2016-07-18,1.4315,1.1053
2016-07-15,1.4317,1.1128
2016-07-14,1.4422,1.1157
2016-07-13,1.4452,1.1072
2016-07-12,1.4452,1.1092
2016-07-11,1.4437,1.1049
2016-07-08,1.4406,1.107
2016-07-07,1.4328,1.108
2016-07-06,1.4419,1.1069
2016-07-05,1.4418,1.1146
2016-07-04,1.4328,1.1138
2016-07-01,1.439,1.1135
2016-06-30,1.4384,1.1102
2016-06-29,1.4407,1.109
2016-06-28,1.4438,1.1073
2016-06-27,1.435,1.0998
2016-06-24,1.4392,1.1066
2016-06-23,1.4517,1.1389
2016-06-22,1.4399,1.1283
2016-06-21,1.4451,1.1314
2016-06-20,1.452,1.1332
2016-06-17,1.4519,1.1254
2016-06-16,1.453,1.1174
2016-06-15,1.4438,1.123
2016-06-14,1.4449,1.1225
2016-06-13,1.439,1.1268
2016-06-10,1.441,1.1304
2016-06-09,1.4459,1.1343
2016-06-08,1.443,1.1378
2016-06-07,1.4505,1.1348
2016-06-06,1.4665,1.1349
2016-06-03,1.4594,1.1154
2016-06-02,1.4662,1.1188
2016-06-01,1.4586,1.1174
2016-05-31,1.453,1.1154
2016-05-30,1.4524,1.1139
2016-05-27,1.456,1.1168
2016-05-26,1.4443,1.1168
2016-05-25,1.4608,1.1146
2016-05-24,1.4684,1.1168
2016-05-23,1.4745,1.1215
2016-05-20,1.4704,1.1219
2016-05-19,1.4679,1.1197
2016-05-18,1.4637,1.1279
2016-05-17,1.4631,1.1318
2016-05-16,1.4634,1.1324
2016-05-13,1.4619,1.1348
2016-05-12,1.4594,1.1389
2016-05-11,1.4686,1.1409
2016-05-10,1.4744,1.1375
2016-05-09,1.4743,1.1395
2016-05-06,1.4717,1.1427
2016-05-05,1.4665,1.1439
2016-05-04,1.467,1.1505
2016-05-03,1.4559,1.1569
2016-05-02,1.4388,1.1493
2016-04-29,1.4286,1.1403
2016-04-28,1.4262,1.1358
2016-04-27,1.4223,1.1303
2016-04-26,1.4276,1.1287
2016-04-25,1.4286,1.1264
2016-04-22,1.4342,1.1263
2016-04-21,1.4346,1.1355
2016-04-20,1.4421,1.1379
2016-04-19,1.4418,1.1343
2016-04-18,1.4612,1.1306
2016-04-15,1.4535,1.1284
2016-04-14,1.4434,1.1252
2016-04-13,1.4466,1.1298
2016-04-12,1.4674,1.1396
2016-04-11,1.4794,1.139
2016-04-08,1.4861,1.1363
2016-04-07,1.4906,1.1364
2016-04-06,1.4912,1.1336
2016-04-05,1.4968,1.1367
2016-04-04,1.4832,1.138
2016-04-01,1.4894,1.1432
2016-03-31,1.4738,1.1385
2016-03-30,1.4755,1.1324
2016-03-29,1.4741,1.1194
2016-03-24,1.4821,1.1154
2016-03-23,1.4676,1.1171
2016-03-22,1.4679,1.1212
2016-03-21,1.4703,1.1271
2016-03-18,1.4627,1.1279
2016-03-17,1.4701,1.1311
2016-03-16,1.4798,1.1064
2016-03-15,1.4832,1.1109
2016-03-14,1.4737,1.1119
2016-03-11,1.4698,1.109
2016-03-10,1.4424,1.0857
2016-03-09,1.4705,1.0973
2016-03-08,1.4695,1.1028
2016-03-07,1.4652,1.0953
2016-03-04,1.4717,1.097
2016-03-03,1.4644,1.0901
2016-03-02,1.4595,1.0856
2016-03-01,1.4699,1.0872
2016-02-29,1.4767,1.0888
2016-02-26,1.4909,1.1006
2016-02-25,1.5025,1.1027
2016-02-24,1.5197,1.0981
2016-02-23,1.5116,1.1002
2016-02-22,1.5128,1.1026
2016-02-19,1.5274,1.1096
2016-02-18,1.5168,1.1084
2016-02-17,1.5387,1.1136
2016-02-16,1.543,1.1166
2016-02-15,1.5454,1.118
2016-02-12,1.5698,1.1275
2016-02-11,1.5842,1.1347
2016-02-10,1.5601,1.1257
2016-02-09,1.5623,1.1236
2016-02-08,1.5487,1.1101
2016-02-05,1.5404,1.1202
2016-02-04,1.5366,1.1206
2016-02-03,1.5234,1.0933
2016-02-02,1.5292,1.0919
2016-02-01,1.5253,1.0884
2016-01-29,1.5363,1.092
2016-01-28,1.5357,1.0903
2016-01-27,1.5331,1.0888
2016-01-26,1.5411,1.0837
2016-01-25,1.5351,1.0815
2016-01-22,1.5316,1.0808
2016-01-21,1.575,1.0893
2016-01-20,1.5965,1.0907
2016-01-19,1.575,1.0868
2016-01-18,1.58,1.0892
2016-01-15,1.5849,1.0914
2016-01-14,1.5647,1.0893
2016-01-13,1.5381,1.0816
2016-01-12,1.537,1.0836
2016-01-11,1.5336,1.0888
2016-01-08,1.5321,1.0861
2016-01-07,1.536,1.0868
2016-01-06,1.5137,1.0742
2016-01-05,1.4976,1.0746
2016-01-04,1.5172,1.0898
2015-12-31,1.5116,1.0887
2015-12-30,1.5171,1.0926
2015-12-29,1.5241,1.0952
2015-12-28,1.5207,1.0962
2015-12-24,1.5183,1.0947
2015-12-23,1.5176,1.0916
2015-12-22,1.5242,1.0952
2015-12-21,1.5169,1.087
2015-12-18,1.5123,1.0836
2015-12-17,1.4995,1.0841
2015-12-16,1.505,1.0933
2015-12-15,1.5069,1.099
2015-12-14,1.5106,1.0983
2015-12-11,1.4962,1.095
2015-12-10,1.4817,1.0943
2015-12-09,1.4847,1.0941
2015-12-08,1.4793,1.0875
2015-12-07,1.455,1.0809
2015-12-04,1.454,1.0902
2015-12-03,1.4213,1.0671
2015-12-02,1.4204,1.0612
2015-12-01,1.4118,1.06
2015-11-30,1.4143,1.0579
2015-11-27,1.4121,1.058
2015-11-26,1.4119,1.0612
2015-11-25,1.4108,1.0586
2015-11-24,1.4229,1.0651
2015-11-23,1.4222,1.0631
2015-11-20,1.4229,1.0688
2015-11-19,1.4203,1.0687
2015-11-18,1.4223,1.0666
2015-11-17,1.42,1.067
2015-11-16,1.4293,1.0723
2015-11-13,1.4322,1.0764
2015-11-12,1.4293,1.0726
2015-11-11,1.4213,1.0716
2015-11-10,1.4204,1.0711
2015-11-09,1.4285,1.0776
2015-11-06,1.4342,1.0864
2015-11-05,1.432,1.0883
2015-11-04,1.4292,1.0935
2015-11-03,1.4406,1.0976
2015-11-02,1.445,1.1032
2015-10-30,1.4515,1.1017
2015-10-29,1.4411,1.093
2015-10-28,1.4643,1.1085
2015-10-27,1.4622,1.1061
2015-10-26,1.4482,1.1011
2015-10-23,1.4483,1.1084
2015-10-22,1.4847,1.1313
2015-10-21,1.4764,1.1354
2015-10-20,1.4788,1.1373
2015-10-19,1.4671,1.1333
2015-10-16,1.4685,1.136
2015-10-15,1.4756,1.1439
2015-10-14,1.4816,1.141
2015-10-13,1.484,1.1374
2015-10-12,1.4702,1.1373
2015-10-09,1.4698,1.1362
2015-10-08,1.4683,1.1254
2015-10-07,1.4649,1.1266
2015-10-06,1.4701,1.1224
2015-10-05,1.4735,1.1236
2015-10-02,1.4775,1.116
2015-10-01,1.4799,1.1153
2015-09-30,1.5034,1.1203
2015-09-29,1.5,1.1204
2015-09-28,1.4921,1.117
2015-09-25,1.4845,1.1151
2015-09-24,1.5039,1.1241
2015-09-23,1.479,1.115
2015-09-22,1.4804,1.1155
2015-09-21,1.4831,1.125
2015-09-18,1.4876,1.1419
2015-09-17,1.4925,1.1312
2015-09-16,1.4877,1.1228
2015-09-15,1.4984,1.132
2015-09-14,1.4983,1.1305
2015-09-11,1.4945,1.1268
2015-09-10,1.4822,1.1185
2015-09-09,1.4757,1.1139
2015-09-08,1.4757,1.1162
2015-09-07,1.4802,1.1146
2015-09-04,1.4736,1.1138
2015-09-03,1.4893,1.1229
2015-09-02,1.4919,1.1255
2015-09-01,1.4856,1.1236
2015-08-31,1.4863,1.1215
2015-08-28,1.4954,1.1268
2015-08-27,1.4924,1.1284
2015-08-26,1.5125,1.1402
2015-08-25,1.5181,1.1506
2015-08-24,1.5236,1.1497
2015-08-21,1.4787,1.1281
2015-08-20,1.4679,1.1183
2015-08-19,1.4431,1.1041
2015-08-18,1.4494,1.106
2015-08-17,1.4581,1.11
2015-08-14,1.4571,1.1171
2015-08-13,1.4455,1.1109
2015-08-12,1.4467,1.1155
2015-08-11,1.4454,1.1055
2015-08-10,1.4392,1.096
2015-08-07,1.4313,1.0941
2015-08-06,1.4333,1.0885
2015-08-05,1.4334,1.0883
2015-08-04,1.4408,1.0973
2015-08-03,1.4404,1.0951
2015-07-31,1.431,1.0967
2015-07-30,1.422,1.0955
2015-07-29,1.4289,1.103
2015-07-28,1.4348,1.1025
2015-07-27,1.4409,1.1058
2015-07-24,1.432,1.0939
2015-07-23,1.4271,1.0999
2015-07-22,1.4167,1.0902
2015-07-21,1.4118,1.0867
2015-07-20,1.4091,1.0852
2015-07-17,1.4132,1.0889
2015-07-16,1.407,1.0867
2015-07-15,1.403,1.1009
2015-07-14,1.4076,1.1031
2015-07-13,1.4055,1.1049
2015-07-10,1.4212,1.1185
2015-07-09,1.4022,1.1054
2015-07-08,1.4048,1.1024
2015-07-07,1.3925,1.0931
2015-07-06,1.3914,1.1008
2015-07-03,1.3961,1.1096
2015-07-02,1.3963,1.1066
2015-07-01,1.3902,1.11
2015-06-30,1.3839,1.1189
2015-06-29,1.3776,1.1133
2015-06-26,1.3851,1.1202
2015-06-25,1.3878,1.1206
2015-06-24,1.3793,1.1213
2015-06-23,1.3825,1.1204
2015-06-22,1.3879,1.1345
2015-06-19,1.3865,1.1299
2015-06-18,1.3867,1.1404
2015-06-17,1.3887,1.1279
2015-06-16,1.3843,1.1215
2015-06-15,1.3845,1.1218
2015-06-12,1.3804,1.122
2015-06-11,1.3839,1.1232
2015-06-10,1.3801,1.1279
2015-06-09,1.3889,1.1249
2015-06-08,1.3879,1.1162
2015-06-05,1.4023,1.1218
2015-06-04,1.4089,1.1317
2015-06-03,1.3856,1.1134
2015-06-02,1.3784,1.1029
2015-06-01,1.3673,1.0944
2015-05-29,1.365,1.097
2015-05-28,1.3594,1.0896
2015-05-27,1.3531,1.0863
2015-05-26,1.352,1.0926
2015-05-25,1.3496,1.0978
2015-05-22,1.362,1.1164
2015-05-21,1.36,1.1133
2015-05-20,1.3578,1.1118
2015-05-19,1.3618,1.118
2015-05-18,1.3733,1.1389
2015-05-15,1.3636,1.1328
2015-05-14,1.3645,1.1419
2015-05-13,1.3436,1.1221
2015-05-12,1.3532,1.1239
2015-05-11,1.3497,1.1142
2015-05-08,1.3581,1.1221
2015-05-07,1.3645,1.1305
2015-05-06,1.3487,1.123
2015-05-05,1.344,1.1117
2015-05-04,1.3512,1.1152
2015-04-30,1.348,1.1215
2015-04-29,1.3262,1.1002
2015-04-28,1.3188,1.0927
2015-04-27,1.3155,1.0822
2015-04-24,1.3118,1.0824
2015-04-23,1.317,1.0772
2015-04-22,1.3152,1.0743
2015-04-21,1.3085,1.07
2015-04-20,1.3138,1.0723
2015-04-17,1.3183,1.0814
2015-04-16,1.318,1.0711
2015-04-15,1.3277,1.0579
2015-04-14,1.3292,1.0564
2015-04-13,1.3324,1.0552
2015-04-10,1.3386,1.057
2015-04-09,1.3493,1.0774
2015-04-08,1.3487,1.0862
2015-04-07,1.3563,1.0847
2015-04-02,1.3693,1.083
2015-04-01,1.3632,1.0755
2015-03-31,1.3738,1.0759
2015-03-30,1.3709,1.0845
2015-03-27,1.358,1.0856
2015-03-26,1.3653,1.0973
2015-03-25,1.3711,1.0985
2015-03-24,1.3649,1.095
2015-03-23,1.3667,1.0912
2015-03-20,1.3655,1.0776
2015-03-19,1.3578,1.0677
2015-03-18,1.3583,1.0592
2015-03-17,1.3585,1.0635
2015-03-16,1.3493,1.0557
2015-03-13,1.3462,1.0572
2015-03-12,1.3432,1.0613
2015-03-11,1.3432,1.0578
2015-03-10,1.3566,1.0738
2015-03-09,1.3674,1.086
2015-03-06,1.3666,1.0963
2015-03-05,1.377,1.1069
2015-03-04,1.3922,1.1124
2015-03-03,1.3981,1.1168
2015-03-02,1.4025,1.1227
2015-02-27,1.3995,1.124
2015-02-26,1.4112,1.1317
2015-02-25,1.4116,1.1346
2015-02-24,1.4322,1.1328
2015-02-23,1.4256,1.1298
2015-02-20,1.4073,1.1298
2015-02-19,1.4257,1.1387
2015-02-18,1.4158,1.1372
2015-02-17,1.4125,1.1415
2015-02-16,1.4206,1.1408
2015-02-13,1.4235,1.1381
2015-02-12,1.4228,1.1328
2015-02-11,1.4268,1.1314
2015-02-10,1.4088,1.1297
2015-02-09,1.4094,1.1275
2015-02-06,1.4246,1.1447
2015-02-05,1.429,1.141
2015-02-04,1.4253,1.1446
2015-02-03,1.4316,1.1376
2015-02-02,1.4332,1.131
2015-01-30,1.4323,1.1305
2015-01-29,1.4179,1.1315
2015-01-28,1.409,1.1344
2015-01-27,1.4085,1.1306
2015-01-26,1.4009,1.1244
2015-01-23,1.3937,1.1198
2015-01-22,1.4353,1.1618
2015-01-21,1.3999,1.1593
2015-01-20,1.391,1.1579
2015-01-19,1.3906,1.1605
2015-01-16,1.3946,1.1588
2015-01-15,1.3855,1.1708
2015-01-14,1.4089,1.1775
2015-01-13,1.4098,1.1782
2015-01-12,1.4043,1.1804
2015-01-09,1.3963,1.1813
2015-01-08,1.3905,1.1768
2015-01-07,1.3996,1.1831
2015-01-06,1.4014,1.1914
2015-01-05,1.4041,1.1915
2015-01-02,1.4069,1.2043
2014-12-31,1.4063,1.2141
2014-12-30,1.4132,1.216
2014-12-29,1.4183,1.2197
2014-12-24,1.4164,1.2219
2014-12-23,1.4213,1.2213
2014-12-22,1.4257,1.2259
2014-12-19,1.4239,1.2279
2014-12-18,1.4248,1.2285
2014-12-17,1.4482,1.2448
2014-12-16,1.4612,1.2537
2014-12-15,1.4407,1.2426
2014-12-12,1.4417,1.245
2014-12-11,1.4281,1.2428
2014-12-10,1.4186,1.2392
2014-12-09,1.4166,1.2369
2014-12-08,1.4027,1.2258
2014-12-05,1.4085,1.2362
2014-12-04,1.3998,1.2311
2014-12-03,1.4034,1.2331
2014-12-02,1.4125,1.2424
2014-12-01,1.4213,1.2469
2014-11-28,1.4227,1.2483
2014-11-27,1.4039,1.248
2014-11-26,1.4057,1.2475
2014-11-25,1.4003,1.2424
2014-11-24,1.3961,1.241
2014-11-21,1.3987,1.2422
2014-11-20,1.42,1.2539
2014-11-19,1.4226,1.2535
2014-11-18,1.413,1.2514
2014-11-17,1.4133,1.2496
2014-11-14,1.4155,1.2436
2014-11-13,1.4111,1.2456
2014-11-12,1.4109,1.2467
2014-11-11,1.415,1.2424
2014-11-10,1.4124,1.2486
2014-11-07,1.4168,1.2393
2014-11-06,1.4281,1.2517
2014-11-05,1.4281,1.248
2014-11-04,1.4286,1.2514
2014-11-03,1.41,1.2493
2014-10-31,1.412,1.2524
2014-10-30,1.4074,1.2598
2014-10-29,1.4192,1.2737
2014-10-28,1.4287,1.2748
2014-10-27,1.4261,1.2679
2014-10-24,1.4191,1.2659
2014-10-23,1.4208,1.2669
2014-10-22,1.4242,1.2693
2014-10-21,1.4356,1.2762
2014-10-20,1.4381,1.2773
2014-10-17,1.4416,1.2823
2014-10-16,1.4446,1.2749
2014-10-15,1.4405,1.2666
2014-10-14,1.4223,1.2646
2014-10-13,1.4216,1.2679
2014-10-10,1.4151,1.2638
2014-10-09,1.418,1.2763
2014-10-08,1.4131,1.2645
2014-10-07,1.4054,1.2607
2014-10-06,1.4078,1.2565
2014-10-03,1.4108,1.2616
2014-10-02,1.4067,1.2631
2014-10-01,1.4139,1.2603
2014-09-30,1.4058,1.2583
2014-09-29,1.4172,1.2701
2014-09-26,1.4148,1.2732
2014-09-25,1.4136,1.2712
2014-09-24,1.4207,1.2826
2014-09-23,1.4185,1.2892
2014-09-22,1.4135,1.2845
2014-09-19,1.4109,1.2852
2014-09-18,1.4159,1.2872
2014-09-17,1.4218,1.2956
2014-09-16,1.4297,1.2949
2014-09-15,1.4313,1.2911
2014-09-12,1.43,1.2931
2014-09-11,1.4236,1.2928
2014-09-10,1.4213,1.2929
2014-09-09,1.4163,1.2902
2014-09-08,1.4119,1.2947
2014-09-05,1.4085,1.2948
2014-09-04,1.416,1.3015
2014-09-03,1.4336,1.3151
2014-09-02,1.4307,1.3115
2014-09-01,1.4266,1.3133
2014-08-29,1.4314,1.3188
2014-08-28,1.429,1.3178
2014-08-27,1.4372,1.3177
2014-08-26,1.4465,1.3192
2014-08-25,1.4457,1.32
2014-08-22,1.4537,1.3267
2014-08-21,1.454,1.3262
2014-08-20,1.4549,1.3284
2014-08-19,1.4568,1.3354
2014-08-18,1.4559,1.3383
2014-08-15,1.4593,1.3388
2014-08-14,1.4565,1.3373
2014-08-13,1.4593,1.336
2014-08-12,1.4614,1.3346
2014-08-11,1.4663,1.3386
2014-08-08,1.4614,1.3388
2014-08-07,1.4615,1.3368
2014-08-06,1.4643,1.3345
2014-08-05,1.4655,1.3382
2014-08-04,1.466,1.3422
2014-08-01,1.4635,1.3395
2014-07-31,1.461,1.3379
2014-07-30,1.4572,1.3401
2014-07-29,1.4529,1.3429
2014-07-28,1.452,1.3433
2014-07-25,1.4472,1.344
2014-07-24,1.4449,1.3472
2014-07-23,1.4436,1.3465
2014-07-22,1.4502,1.3481
2014-07-21,1.4524,1.3518
2014-07-18,1.4533,1.3525
2014-07-17,1.4537,1.3525
2014-07-16,1.4564,1.3532
2014-07-15,1.4611,1.3613
2014-07-14,1.4619,1.3627
2014-07-11,1.4466,1.3595
2014-07-10,1.4515,1.3604
2014-07-09,1.4506,1.3603
2014-07-08,1.4508,1.3589
2014-07-07,1.4466,1.3592
2014-07-04,1.4451,1.3588
2014-07-03,1.453,1.3646
2014-07-02,1.4535,1.3656
2014-07-01,1.4587,1.3688
2014-06-30,1.4589,1.3658
2014-06-27,1.4556,1.362
2014-06-26,1.4577,1.3606
2014-06-25,1.462,1.3615
2014-06-24,1.4615,1.3618
2014-06-23,1.4594,1.3596
2014-06-20,1.4694,1.3588
2014-06-19,1.4749,1.362
2014-06-18,1.4742,1.3563
2014-06-17,1.4742,1.3568
2014-06-16,1.4724,1.3532
2014-06-13,1.4683,1.3534
2014-06-12,1.469,1.3528
2014-06-11,1.4749,1.3547
2014-06-10,1.4784,1.3547
2014-06-09,1.4861,1.3608
2014-06-06,1.4902,1.3642
2014-06-05,1.4842,1.3567
2014-06-04,1.4893,1.3627
2014-06-03,1.4888,1.3645
2014-06-02,1.4786,1.3611
2014-05-30,1.4745,1.3607
2014-05-29,1.4774,1.3612
2014-05-28,1.4781,1.3608
2014-05-27,1.4796,1.3638
2014-05-26,1.4812,1.3635
2014-05-23,1.4858,1.363
2014-05-22,1.4915,1.3668
2014-05-21,1.4908,1.3676
2014-05-20,1.4921,1.3702
2014-05-19,1.4904,1.3715
2014-05-16,1.4897,1.3696
2014-05-15,1.4845,1.3659
2014-05-14,1.4958,1.3719
2014-05-13,1.4935,1.3703
2014-05-12,1.4976,1.3765
2014-05-09,1.4925,1.3781
2014-05-08,1.5175,1.3953
2014-05-07,1.5164,1.3927
2014-05-06,1.5232,1.3945
2014-05-05,1.5242,1.3874
2014-05-02,1.52,1.3862
2014-04-30,1.5191,1.385
2014-04-29,1.5167,1.3826
2014-04-28,1.528,1.3861
2014-04-25,1.5239,1.3831
2014-04-24,1.5237,1.382
2014-04-23,1.5249,1.3834
2014-04-22,1.5218,1.3817
2014-04-17,1.5253,1.3855
2014-04-16,1.52,1.384
2014-04-15,1.5171,1.3803
2014-04-14,1.5163,1.3827
2014-04-11,1.5216,1.3872
2014-04-10,1.5118,1.3867
2014-04-09,1.5082,1.3794
2014-04-08,1.5055,1.3774
2014-04-07,1.5084,1.3723
2014-04-04,1.51,1.37
2014-04-03,1.5172,1.3771
2014-04-02,1.5191,1.3795
2014-04-01,1.5241,1.379
2014-03-31,1.5225,1.3788
2014-03-28,1.5187,1.3759
2014-03-27,1.5262,1.3758
2014-03-26,1.5398,1.3791
2014-03-25,1.5413,1.3789
2014-03-24,1.5448,1.3774
2014-03-21,1.5435,1.378
2014-03-20,1.5507,1.3762
2014-03-19,1.5545,1.3913
2014-03-18,1.5355,1.3902
2014-03-17,1.5393,1.3906
2014-03-14,1.5393,1.3884
2014-03-13,1.5428,1.3942
2014-03-12,1.5465,1.3887
2014-03-11,1.539,1.385
2014-03-10,1.5419,1.3881
2014-03-07,1.5261,1.3894
2014-03-06,1.5162,1.3745
2014-03-05,1.519,1.3732
2014-03-04,1.5244,1.3768
2014-03-03,1.5278,1.3768
2014-02-28,1.5357,1.3813
2014-02-27,1.52,1.3656
2014-02-26,1.523,1.3726
2014-02-25,1.5233,1.3754
2014-02-24,1.5243,1.3735
2014-02-21,1.5304,1.3707
2014-02-20,1.5189,1.3706
2014-02-19,1.5051,1.3745
2014-02-18,1.5059,1.3731
2014-02-17,1.5015,1.3699
2014-02-14,1.5017,1.3707
2014-02-13,1.5047,1.3675
2014-02-12,1.493,1.3573
2014-02-11,1.5093,1.3676
2014-02-10,1.5063,1.3638
2014-02-07,1.5025,1.3574
2014-02-06,1.4925,1.3495
2014-02-05,1.4976,1.3543
2014-02-04,1.497,1.3519
2014-02-03,1.495,1.3498
2014-01-31,1.5131,1.3516
2014-01-30,1.5176,1.3574
2014-01-29,1.5173,1.3608
2014-01-28,1.521,1.3649
2014-01-27,1.508,1.3658
2014-01-24,1.5141,1.3687
2014-01-23,1.5199,1.3639
2014-01-22,1.4876,1.3566
2014-01-21,1.4877,1.3526
2014-01-20,1.4838,1.3566
2014-01-17,1.49,1.3584
2014-01-16,1.4851,1.3597
2014-01-15,1.4905,1.3606
2014-01-14,1.4883,1.3667
2014-01-13,1.4897,1.3654
2014-01-10,1.4777,1.3587
2014-01-09,1.478,1.3612
2014-01-08,1.4692,1.3594
2014-01-07,1.4585,1.3641
2014-01-06,1.4496,1.3602
2014-01-03,1.4468,1.3634
2014-01-02,1.452,1.3658
2013-12-31,1.4671,1.3791
2013-12-30,1.4764,1.3783
2013-12-27,1.4731,1.3814
2013-12-24,1.4519,1.3684
2013-12-23,1.4524,1.3702
2013-12-20,1.46,1.3655
2013-12-19,1.465,1.3667
2013-12-18,1.4621,1.3749
2013-12-17,1.4557,1.3749
2013-12-16,1.4579,1.3776
2013-12-13,1.4626,1.3727
2013-12-12,1.4571,1.3775
2013-12-11,1.4581,1.3767
2013-12-10,1.4604,1.375
2013-12-09,1.4633,1.3722
2013-12-06,1.4548,1.3661
2013-12-05,1.4487,1.3594
2013-12-04,1.4484,1.3592
2013-12-03,1.4465,1.3578
2013-12-02,1.4387,1.3536
2013-11-29,1.4394,1.3611
2013-11-28,1.4376,1.3592
2013-11-27,1.4382,1.3596
2013-11-26,1.4258,1.3547
2013-11-25,1.4272,1.3514
2013-11-22,1.4249,1.3518
2013-11-21,1.4109,1.3472
2013-11-20,1.4145,1.3527
2013-11-19,1.4092,1.3502
2013-11-18,1.4081,1.3517
2013-11-15,1.4085,1.346
2013-11-14,1.4106,1.3436
2013-11-13,1.4071,1.3415
2013-11-12,1.4097,1.3432
2013-11-11,1.4026,1.3394
2013-11-08,1.4042,1.3431
2013-11-07,1.394,1.3365
2013-11-06,1.4112,1.3517
2013-11-05,1.4073,1.3494
2013-11-04,1.4048,1.3506
2013-11-01,1.4082,1.3505
2013-10-31,1.4251,1.3641
2013-10-30,1.4364,1.3755
2013-10-29,1.4379,1.3768
2013-10-28,1.4396,1.3784
2013-10-25,1.438,1.3777
2013-10-24,1.4358,1.3805
2013-10-23,1.4189,1.3752
2013-10-22,1.4084,1.3674
2013-10-21,1.4069,1.3667
2013-10-18,1.4089,1.3684
2013-10-17,1.4069,1.3662
2013-10-16,1.4067,1.3561
2013-10-15,1.3975,1.3493
2013-10-14,1.4041,1.3564
2013-10-11,1.4094,1.3566
2013-10-10,1.4053,1.3532
2013-10-09,1.4029,1.3515
2013-10-08,1.3994,1.3576
2013-10-07,1.401,1.3572
2013-10-04,1.4042,1.3593
2013-10-03,1.4053,1.3594
2013-10-02,1.3988,1.3515
2013-10-01,1.3962,1.3554
2013-09-30,1.3912,1.3505
2013-09-27,1.3967,1.3537
2013-09-26,1.3909,1.3499
2013-09-25,1.3924,1.3504
2013-09-24,1.3857,1.3473
2013-09-23,1.3909,1.3508
2013-09-20,1.3898,1.3514
2013-09-19,1.3829,1.3545
2013-09-18,1.3762,1.3352
2013-09-17,1.3774,1.3356
2013-09-16,1.3759,1.3357
2013-09-13,1.3739,1.3295
2013-09-12,1.3715,1.329
2013-09-11,1.3716,1.3268
2013-09-10,1.3684,1.324
2013-09-09,1.3699,1.3194
2013-09-06,1.3682,1.3117
2013-09-05,1.3837,1.3202
2013-09-04,1.3814,1.3171
2013-09-03,1.3864,1.3172
2013-09-02,1.3907,1.3207
2013-08-30,1.3936,1.3235
2013-08-29,1.3923,1.3266
2013-08-28,1.4001,1.3347
2013-08-27,1.404,1.3338
2013-08-26,1.4064,1.3361
2013-08-23,1.4114,1.3355
2013-08-22,1.3984,1.3323
2013-08-21,1.3966,1.3384
2013-08-20,1.3897,1.3392
2013-08-19,1.3786,1.3344
2013-08-16,1.3771,1.334
2013-08-15,1.3732,1.3297
2013-08-14,1.3689,1.3243
2013-08-13,1.3715,1.329
2013-08-12,1.3693,1.328
2013-08-09,1.3762,1.3373
2013-08-08,1.3909,1.336
2013-08-07,1.3868,1.3305
2013-08-06,1.3778,1.328
2013-08-05,1.3782,1.3257
2013-08-02,1.3734,1.3203
2013-08-01,1.363,1.3236
2013-07-31,1.3669,1.3275
2013-07-30,1.3629,1.3284
2013-07-29,1.3636,1.327
2013-07-26,1.3638,1.326
2013-07-25,1.3593,1.3202
2013-07-24,1.3604,1.3246
2013-07-23,1.362,1.318
2013-07-22,1.3618,1.3166
2013-07-19,1.3618,1.3123
2013-07-18,1.364,1.3093
2013-07-17,1.3656,1.3136
2013-07-16,1.3657,1.3118
2013-07-15,1.3568,1.3012
2013-07-12,1.3537,1.3034
2013-07-11,1.3572,1.3044
2013-07-10,1.3475,1.2813
2013-07-09,1.3558,1.2857
2013-07-08,1.3567,1.285
2013-07-05,1.3554,1.2883
2013-07-04,1.369,1.2984
2013-07-03,1.3664,1.2959
2013-07-02,1.3756,1.3017
2013-07-01,1.3714,1.3037
2013-06-28,1.3714,1.308
2013-06-27,1.3599,1.3032
2013-06-26,1.3649,1.3024
2013-06-25,1.377,1.3134
2013-06-24,1.3797,1.3086
2013-06-21,1.3705,1.318
2013-06-20,1.3651,1.32
2013-06-19,1.3673,1.3406
2013-06-18,1.3635,1.3374
2013-06-17,1.3548,1.3337
2013-06-14,1.3524,1.3303
2013-06-13,1.3541,1.3315
2013-06-12,1.3489,1.3277
2013-06-11,1.3594,1.3273
2013-06-10,1.3455,1.3209
2013-06-07,1.3568,1.326
2013-06-06,1.3529,1.3118
2013-06-05,1.3509,1.3067
2013-06-04,1.351,1.3092
2013-06-03,1.3455,1.3008
2013-05-31,1.3434,1.3006
2013-05-30,1.3433,1.2944
2013-05-29,1.3434,1.2952
2013-05-28,1.3383,1.2938
2013-05-27,1.3357,1.2939
2013-05-24,1.3369,1.2939
2013-05-23,1.3339,1.2888
2013-05-22,1.3315,1.2923
2013-05-21,1.3212,1.2866
2013-05-20,1.3212,1.2853
2013-05-17,1.322,1.2869
2013-05-16,1.314,1.289
2013-05-15,1.3133,1.2864
2013-05-14,1.3157,1.2977
2013-05-13,1.3092,1.2973
2013-05-10,1.3113,1.2988
2013-05-09,1.3189,1.3142
2013-05-08,1.319,1.3135
2013-05-07,1.3175,1.3107
2013-05-06,1.3217,1.3107
2013-05-03,1.3263,1.3114
2013-05-02,1.3285,1.3191
2013-04-30,1.3213,1.3072
2013-04-29,1.3293,1.3113
2013-04-26,1.3256,1.2999
2013-04-25,1.3374,1.308
2013-04-24,1.3345,1.3006
2013-04-23,1.335,1.299
2013-04-22,1.3375,1.3037
2013-04-19,1.3443,1.3115
2013-04-18,1.3362,1.3045
2013-04-17,1.3469,1.3129
2013-04-16,1.3411,1.3129
2013-04-15,1.335,1.3081
2013-04-12,1.3207,1.3052
2013-04-11,1.3242,1.3119
2013-04-10,1.329,1.3086
2013-04-09,1.3234,1.304
2013-04-08,1.3244,1.3023
2013-04-05,1.3134,1.2944
2013-04-04,1.3012,1.2818
2013-04-03,1.301,1.2828
2013-04-02,1.3006,1.284
2013-03-28,1.3021,1.2805
2013-03-27,1.2984,1.2768
2013-03-26,1.3103,1.2861
2013-03-25,1.3199,1.2935
2013-03-22,1.3259,1.2948
2013-03-21,1.3211,1.291
2013-03-20,1.3271,1.2945
2013-03-19,1.3265,1.2944
2013-03-18,1.3211,1.2929
2013-03-15,1.3352,1.3086
2013-03-14,1.3279,1.2937
2013-03-13,1.3304,1.2981
2013-03-12,1.3392,1.3053
2013-03-11,1.3357,1.2994
2013-03-08,1.347,1.309
2013-03-07,1.3422,1.301
2013-03-06,1.3408,1.3035
2013-03-05,1.3379,1.3034
2013-03-04,1.338,1.3007
2013-03-01,1.3437,1.3
2013-02-28,1.3461,1.3129
2013-02-27,1.3434,1.3097
2013-02-26,1.3418,1.3077
2013-02-25,1.3602,1.3304
2013-02-22,1.3458,1.3186
2013-02-21,1.3437,1.3186
2013-02-20,1.3567,1.337
2013-02-19,1.3504,1.3349
2013-02-18,1.3439,1.3352
2013-02-15,1.336,1.3325
2013-02-14,1.3343,1.3327
2013-02-13,1.3518,1.348
2013-02-12,1.3512,1.3438
2013-02-11,1.3494,1.3391
2013-02-08,1.3361,1.3374
2013-02-07,1.3488,1.3546
2013-02-06,1.3493,1.3517
2013-02-05,1.3511,1.3537
2013-02-04,1.3509,1.3552
2013-02-01,1.3637,1.3644
2013-01-31,1.3577,1.355
2013-01-30,1.3573,1.3541
2013-01-29,1.351,1.3433
2013-01-28,1.3562,1.3444
2013-01-25,1.3553,1.3469
2013-01-24,1.3374,1.3349
2013-01-23,1.3222,1.333
2013-01-22,1.3242,1.3317
2013-01-21,1.323,1.3323
2013-01-18,1.3192,1.3324
2013-01-17,1.3193,1.3368
2013-01-16,1.3102,1.3277
2013-01-15,1.3142,1.3327
2013-01-14,1.3158,1.3341
2013-01-11,1.306,1.3274
2013-01-10,1.2928,1.3113
2013-01-09,1.2893,1.3056
2013-01-08,1.2899,1.3086
2013-01-07,1.2871,1.3039
2013-01-04,1.2897,1.3012
2013-01-03,1.2923,1.3102
2013-01-02,1.306,1.3262
2012-12-31,1.3137,1.3194
2012-12-28,1.3122,1.3183
2012-12-27,1.3156,1.3266
2012-12-24,1.3124,1.3218
2012-12-21,1.309,1.3209
2012-12-20,1.3106,1.3246
2012-12-19,1.3126,1.3302
2012-12-18,1.2972,1.3178
2012-12-17,1.299,1.316
2012-12-14,1.2878,1.3081
2012-12-13,1.2852,1.3077
2012-12-12,1.285,1.304
2012-12-11,1.282,1.2993
2012-12-10,1.2761,1.293
2012-12-07,1.2806,1.2905
2012-12-06,1.2961,1.3072
2012-12-05,1.296,1.3065
2012-12-04,1.3013,1.3092
2012-12-03,1.2964,1.3057
2012-11-30,1.2904,1.2986
2012-11-29,1.2886,1.2994
2012-11-28,1.2823,1.2891
2012-11-27,1.2846,1.2961
2012-11-26,1.2884,1.2964
2012-11-23,1.2865,1.2909
2012-11-22,1.2841,1.2893
2012-11-21,1.2774,1.2805
2012-11-20,1.2755,1.2809
2012-11-19,1.2744,1.2762
2012-11-16,1.2753,1.2745
2012-11-15,1.2782,1.2756
2012-11-14,1.2741,1.2726
2012-11-13,1.2709,1.2696
2012-11-12,1.2725,1.2735
2012-11-09,1.273,1.2694
2012-11-08,1.269,1.2736
2012-11-07,1.2662,1.2746
2012-11-06,1.2722,1.28
2012-11-05,1.2732,1.2777
2012-11-02,1.2783,1.285
2012-11-01,1.2969,1.2975
2012-10-31,1.3005,1.2993
2012-10-30,1.2961,1.2962
2012-10-29,1.2895,1.2898
2012-10-26,1.2865,1.2908
2012-10-25,1.2884,1.2993
2012-10-24,1.2807,1.2942
2012-10-23,1.2961,1.3005
2012-10-22,1.2987,1.3063
2012-10-19,1.2885,1.3035
2012-10-18,1.2843,1.3118
2012-10-17,1.2915,1.312
2012-10-16,1.287,1.3046
2012-10-15,1.2682,1.2971
2012-10-12,1.2678,1.297
2012-10-11,1.2645,1.2918
2012-10-10,1.2594,1.2889
2012-10-09,1.2632,1.2953
2012-10-08,1.2683,1.2958
2012-10-05,1.275,1.3002
2012-10-04,1.2783,1.2951
2012-10-03,1.2727,1.2904
2012-10-02,1.2693,1.293
2012-10-01,1.2667,1.2877
2012-09-28,1.2684,1.293
2012-09-27,1.2658,1.2874
2012-09-26,1.2633,1.2845
2012-09-25,1.2677,1.2932
2012-09-24,1.2668,1.2916
2012-09-21,1.2654,1.2988
2012-09-20,1.2678,1.2954
2012-09-19,1.2672,1.3002
2012-09-18,1.2732,1.3054
2012-09-17,1.2733,1.3086
2012-09-14,1.2628,1.3095
2012-09-13,1.2599,1.291
2012-09-12,1.2566,1.2896
2012-09-11,1.2429,1.2787
2012-09-10,1.2486,1.2776
2012-09-07,1.2472,1.2706
2012-09-06,1.247,1.2638
2012-09-05,1.2422,1.2578
2012-09-04,1.239,1.2579
2012-09-03,1.24,1.2568
2012-08-31,1.2487,1.2611
2012-08-30,1.2434,1.2544
2012-08-29,1.2402,1.2545
2012-08-28,1.2389,1.2548
2012-08-27,1.2403,1.253
2012-08-24,1.2424,1.2507
2012-08-23,1.2438,1.2552
2012-08-22,1.2355,1.2448
2012-08-21,1.225,1.2428
2012-08-20,1.2167,1.23
2012-08-17,1.2195,1.2337
2012-08-16,1.2139,1.2279
2012-08-15,1.2175,1.2276
2012-08-14,1.2251,1.2352
2012-08-13,1.2235,1.2339
2012-08-10,1.2192,1.2262
2012-08-09,1.223,1.2301
2012-08-08,1.2309,1.2336
2012-08-07,1.2409,1.2436
2012-08-06,1.2385,1.2379
2012-08-03,1.2282,1.2245
2012-08-02,1.2373,1.2346
2012-08-01,1.232,1.2298
2012-07-31,1.2312,1.2284
2012-07-30,1.2297,1.2246
2012-07-27,1.2407,1.2317
2012-07-26,1.2356,1.226
2012-07-25,1.236,1.2134
2012-07-24,1.2307,1.2089
2012-07-23,1.2314,1.2105
2012-07-20,1.2323,1.22
2012-07-19,1.2375,1.2287
2012-07-18,1.2399,1.2234
2012-07-17,1.2463,1.2281
2012-07-16,1.2367,1.2177
2012-07-13,1.2391,1.2185
2012-07-12,1.2461,1.2178
2012-07-11,1.2493,1.226
2012-07-10,1.251,1.2285
2012-07-09,1.2554,1.2293
2012-07-06,1.2559,1.2377
2012-07-05,1.258,1.2426
2012-07-04,1.2726,1.256
2012-07-03,1.2781,1.2575
2012-07-02,1.2808,1.2593
2012-06-29,1.2871,1.259
2012-06-28,1.2764,1.2418
2012-06-27,1.2796,1.2478
2012-06-26,1.2824,1.2475
2012-06-25,1.2861,1.2488
2012-06-22,1.2893,1.2539
2012-06-21,1.2907,1.267
2012-06-20,1.2919,1.2704
2012-06-19,1.2889,1.2619
2012-06-18,1.2944,1.2618
2012-06-15,1.2901,1.2596
2012-06-14,1.2885,1.2551
2012-06-13,1.286,1.2534
2012-06-12,1.2852,1.2492
2012-06-11,1.2855,1.2544
2012-06-08,1.2894,1.2468
2012-06-07,1.2892,1.2595
2012-06-06,1.2909,1.2485
2012-06-05,1.293,1.2429
2012-06-04,1.2923,1.2437
2012-06-01,1.2794,1.2322
2012-05-31,1.2761,1.2403
2012-05-30,1.2784,1.2438
2012-05-29,1.2835,1.2523
2012-05-28,1.2871,1.2566
2012-05-25,1.289,1.2546
2012-05-24,1.2877,1.2557
2012-05-23,1.294,1.2659
2012-05-22,1.2977,1.2768
2012-05-21,1.3047,1.275
2012-05-18,1.2939,1.2721
2012-05-17,1.2858,1.2682
2012-05-16,1.2832,1.2738
2012-05-15,1.2855,1.2843
2012-05-14,1.2911,1.2863
2012-05-11,1.2997,1.2944
2012-05-10,1.2945,1.2961
2012-05-09,1.3007,1.295
2012-05-08,1.2968,1.3025
2012-05-07,1.2983,1.3033
2012-05-04,1.2986,1.3132
2012-05-03,1.2917,1.3123
2012-05-02,1.2977,1.3131
2012-04-30,1.2985,1.3214
2012-04-27,1.2996,1.3229
2012-04-26,1.2968,1.3215
2012-04-25,1.3016,1.3206
2012-04-24,1.302,1.3161
2012-04-23,1.3094,1.3131
2012-04-20,1.3075,1.3192
2012-04-19,1.2971,1.3086
2012-04-18,1.2966,1.3093
2012-04-17,1.3082,1.3132
2012-04-16,1.3029,1.3024
2012-04-13,1.3068,1.3148
2012-04-12,1.3132,1.3153
2012-04-11,1.3166,1.3131
2012-04-10,1.3092,1.3114
2012-04-05,1.3042,1.3068
2012-04-04,1.3079,1.3142
2012-04-03,1.3206,1.3315
2012-04-02,1.33,1.3319
2012-03-30,1.3311,1.3356
2012-03-29,1.3271,1.3272
2012-03-28,1.3289,1.3337
2012-03-27,1.3233,1.3333
2012-03-26,1.3223,1.3276
2012-03-23,1.3263,1.3242
2012-03-22,1.3151,1.3167
2012-03-21,1.3093,1.3225
2012-03-20,1.3098,1.3198
2012-03-19,1.3037,1.315
2012-03-16,1.299,1.3116
2012-03-15,1.296,1.3057
2012-03-14,1.2927,1.3062
2012-03-13,1.2953,1.3057
2012-03-12,1.3026,1.3119
2012-03-09,1.3091,1.3191
2012-03-08,1.3178,1.3242
2012-03-07,1.314,1.312
2012-03-06,1.3137,1.3153
2012-03-05,1.3129,1.322
2012-03-02,1.3044,1.3217
2012-03-01,1.312,1.3312
2012-02-29,1.3282,1.3443
2012-02-28,1.3396,1.3454
2012-02-27,1.3432,1.3388
2012-02-24,1.3393,1.3412
2012-02-23,1.3259,1.33
2012-02-22,1.321,1.323
2012-02-21,1.3172,1.3222
2012-02-20,1.3159,1.3266
2012-02-17,1.3093,1.3159
2012-02-16,1.3026,1.2982
2012-02-15,1.3053,1.3092
2012-02-14,1.3162,1.3169
2012-02-13,1.3222,1.3254
2012-02-10,1.3225,1.3189
2012-02-09,1.3219,1.3288
2012-02-08,1.3199,1.3274
2012-02-07,1.3088,1.3113
2012-02-06,1.3019,1.3042
2012-02-03,1.3189,1.316
2012-02-02,1.3097,1.3094
2012-02-01,1.3161,1.3175
2012-01-31,1.3134,1.3176
2012-01-30,1.3185,1.311
2012-01-27,1.3129,1.3145
2012-01-26,1.3166,1.3145
2012-01-25,1.3114,1.2942
2012-01-24,1.3164,1.3003
2012-01-23,1.3129,1.3017
2012-01-20,1.3076,1.2902
2012-01-19,1.3012,1.2911
2012-01-18,1.3002,1.2831
2012-01-17,1.2949,1.279
2012-01-16,1.2929,1.2669
2012-01-13,1.3019,1.2771
2012-01-12,1.2946,1.2736
2012-01-11,1.2928,1.2718
2012-01-10,1.3021,1.2808
2012-01-09,1.3086,1.2728
2012-01-06,1.3051,1.2776
2012-01-05,1.3039,1.2832
2012-01-04,1.3153,1.2948
2012-01-03,1.317,1.3014
2012-01-02,1.3195,1.2935
2011-12-30,1.3215,1.2939
2011-12-29,1.3189,1.2889
2011-12-28,1.3269,1.3074
2011-12-27,1.3322,1.3069
2011-12-23,1.3309,1.3057
2011-12-22,1.3369,1.3047
2011-12-21,1.3422,1.3054
2011-12-20,1.3508,1.3074
2011-12-19,1.3505,1.3039
2011-12-16,1.3497,1.3064
2011-12-15,1.348,1.3019
2011-12-14,1.3475,1.2993
2011-12-13,1.3528,1.3181
2011-12-12,1.3576,1.3251
2011-12-09,1.3674,1.3384
2011-12-08,1.3523,1.341
2011-12-07,1.3517,1.3377
2011-12-06,1.364,1.3394
2011-12-05,1.3644,1.3442
2011-12-02,1.3695,1.3511
2011-12-01,1.3736,1.3492
2011-11-30,1.3678,1.3418
2011-11-29,1.3717,1.3336
2011-11-28,1.3802,1.3348
2011-11-25,1.3912,1.3229
2011-11-24,1.3964,1.3373
2011-11-23,1.3964,1.3387
2011-11-22,1.4059,1.3535
2011-11-21,1.3937,1.3458
2011-11-18,1.3879,1.3576
2011-11-17,1.3821,1.348
2011-11-16,1.3831,1.3484
2011-11-15,1.3866,1.3532
2011-11-14,1.3886,1.3659
2011-11-11,1.3906,1.365
2011-11-10,1.3892,1.3616
2011-11-09,1.3908,1.3633
2011-11-08,1.3974,1.3788
2011-11-07,1.3981,1.3742
2011-11-04,1.404,1.3773
2011-11-03,1.3874,1.3773
2011-11-02,1.3977,1.3809
2011-11-01,1.3855,1.3627
2011-10-31,1.393,1.4001
2011-10-28,1.4072,1.416
2011-10-27,1.3964,1.4038
2011-10-26,1.4114,1.3927
2011-10-25,1.3926,1.3918
2011-10-24,1.3938,1.3856
2011-10-21,1.3957,1.3798
2011-10-20,1.4015,1.3807
2011-10-19,1.3981,1.3828
2011-10-18,1.4018,1.3676
2011-10-17,1.3955,1.3776
2011-10-14,1.401,1.3807
2011-10-13,1.403,1.3727
2011-10-12,1.3996,1.3766
2011-10-11,1.3988,1.3607
2011-10-10,1.3986,1.3593
2011-10-07,1.3911,1.3434
2011-10-06,1.389,1.3269
2011-10-05,1.4025,1.3337
2011-10-04,1.3923,1.3181
2011-10-03,1.3967,1.3327
2011-09-30,1.4105,1.3503
2011-09-29,1.4049,1.3615
2011-09-28,1.3972,1.3631
2011-09-27,1.3842,1.3579
2011-09-26,1.3889,1.35
2011-09-23,1.3856,1.343
2011-09-22,1.3894,1.3448
2011-09-21,1.3594,1.3636
2011-09-20,1.358,1.371
2011-09-19,1.3423,1.3641
2011-09-16,1.3562,1.376
2011-09-15,1.3635,1.3795
2011-09-14,1.3583,1.3729
2011-09-13,1.3545,1.3645
2011-09-12,1.3668,1.3656
2011-09-09,1.3718,1.3817
2011-09-08,1.3825,1.4044
2011-09-07,1.3877,1.4036
2011-09-06,1.3992,1.4099
2011-09-05,1.3968,1.4126
2011-09-02,1.3944,1.4255
2011-09-01,1.3954,1.4285
2011-08-31,1.4141,1.445
2011-08-30,1.4101,1.4402
2011-08-29,1.4157,1.4487
2011-08-26,1.4241,1.4402
2011-08-25,1.4219,1.4424
2011-08-24,1.4266,1.4433
2011-08-23,1.426,1.4462
2011-08-22,1.4194,1.4413
2011-08-19,1.4189,1.4385
2011-08-18,1.4175,1.4369
2011-08-17,1.4167,1.4477
2011-08-16,1.4165,1.436
2011-08-15,1.4112,1.4309
2011-08-12,1.4063,1.425
2011-08-11,1.4091,1.4143
2011-08-10,1.4133,1.4367
2011-08-09,1.4143,1.4267
2011-08-08,1.4029,1.4225
2011-08-05,1.3899,1.4155
2011-08-04,1.3829,1.4229
2011-08-03,1.3724,1.43
2011-08-02,1.362,1.417
2011-08-01,1.3713,1.4415
2011-07-29,1.3556,1.426
2011-07-28,1.3521,1.426
2011-07-27,1.3625,1.4446
2011-07-26,1.3623,1.4471
2011-07-25,1.3599,1.438
2011-07-22,1.3658,1.4391
2011-07-21,1.3447,1.4222
2011-07-20,1.3451,1.4207
2011-07-19,1.3534,1.416
2011-07-18,1.3472,1.4045
2011-07-15,1.3549,1.4146
2011-07-14,1.36,1.4202
2011-07-13,1.3527,1.4073
2011-07-12,1.3584,1.3975
2011-07-11,1.3627,1.4056
2011-07-08,1.3645,1.4242
2011-07-07,1.3738,1.4247
2011-07-06,1.3833,1.4318
2011-07-05,1.3929,1.4461
2011-07-04,1.3919,1.45
2011-07-01,1.3964,1.4488
2011-06-30,1.3951,1.4453
2011-06-29,1.4037,1.4425
2011-06-28,1.407,1.4261
2011-06-27,1.4056,1.4205
2011-06-24,1.3961,1.422
2011-06-23,1.3845,1.4212
2011-06-22,1.4007,1.4397
2011-06-21,1.4023,1.4373
2011-06-20,1.4004,1.4235
2011-06-17,1.3967,1.427
2011-06-16,1.3929,1.4088
2011-06-15,1.3862,1.4292
2011-06-14,1.4074,1.4448
2011-06-13,1.4031,1.4354
2011-06-10,1.4075,1.4486
2011-06-09,1.4298,1.4614
2011-06-08,1.4332,1.4608
2011-06-07,1.4297,1.4652
2011-06-06,1.4317,1.4596
2011-06-03,1.4177,1.4488
2011-06-02,1.4135,1.446
2011-06-01,1.3948,1.4408
2011-05-31,1.3985,1.4385
2011-05-30,1.3927,1.4272
2011-05-27,1.3925,1.4265
2011-05-26,1.3855,1.4168
2011-05-25,1.3768,1.4069
2011-05-24,1.378,1.4089
2011-05-23,1.3725,1.402
2011-05-20,1.3799,1.4237
2011-05-19,1.3804,1.4265
2011-05-18,1.386,1.4227
2011-05-17,1.3818,1.4171
2011-05-16,1.3781,1.4143
2011-05-13,1.3753,1.428
2011-05-12,1.3677,1.4153
2011-05-11,1.3701,1.4357
2011-05-10,1.3777,1.4358
2011-05-09,1.3884,1.4397
2011-05-06,1.3978,1.4501
2011-05-05,1.4303,1.4814
2011-05-04,1.4175,1.4882
2011-05-03,1.4096,1.478
2011-05-02,1.4088,1.4837
2011-04-29,1.4102,1.486
2011-04-28,1.4065,1.4794
2011-04-27,1.3968,1.4668
2011-04-26,1.3929,1.4617
2011-04-21,1.3826,1.4584
2011-04-20,1.3808,1.4515
2011-04-19,1.3694,1.4302
2011-04-18,1.3771,1.4275
2011-04-15,1.3934,1.445
2011-04-14,1.3906,1.4401
2011-04-13,1.3938,1.4493
2011-04-12,1.3864,1.447
2011-04-11,1.3812,1.4434
2011-04-08,1.3741,1.4401
2011-04-07,1.3695,1.4283
2011-04-06,1.3714,1.43
2011-04-05,1.3676,1.4166
2011-04-04,1.3719,1.424
2011-04-01,1.3686,1.4141
2011-03-31,1.3785,1.4207
2011-03-30,1.3674,1.409
2011-03-29,1.3737,1.4066
2011-03-28,1.3733,1.4032
2011-03-25,1.3778,1.4115
2011-03-24,1.3816,1.4128
2011-03-23,1.389,1.4136
2011-03-22,1.3911,1.4211
2011-03-21,1.386,1.4194
2011-03-18,1.3894,1.413
2011-03-17,1.3808,1.4004
2011-03-16,1.374,1.3951
2011-03-15,1.3779,1.3884
2011-03-14,1.3597,1.3948
2011-03-11,1.3488,1.3773
2011-03-10,1.3416,1.3817
2011-03-09,1.3481,1.3928
2011-03-08,1.3539,1.3898
2011-03-07,1.3616,1.4028
2011-03-04,1.3575,1.3957
2011-03-03,1.3469,1.385
2011-03-02,1.3454,1.3809
2011-03-01,1.3408,1.3825
2011-02-28,1.3535,1.3834
2011-02-25,1.3487,1.3762
2011-02-24,1.355,1.3773
2011-02-23,1.3629,1.3731
2011-02-22,1.3491,1.3667
2011-02-21,1.3444,1.3668
2011-02-18,1.3398,1.3627
2011-02-17,1.3327,1.356
2011-02-16,1.3328,1.351
2011-02-15,1.3317,1.351
2011-02-14,1.328,1.344
2011-02-11,1.3464,1.3524
2011-02-10,1.3572,1.3604
2011-02-09,1.3573,1.3647
2011-02-08,1.3502,1.3635
2011-02-07,1.338,1.3553
2011-02-04,1.3448,1.3631
2011-02-03,1.3596,1.3745
2011-02-02,1.3649,1.3803
2011-02-01,1.3717,1.3755
2011-01-31,1.3679,1.3692
2011-01-28,1.3644,1.371
2011-01-27,1.3651,1.3716
2011-01-26,1.363,1.3681
2011-01-25,1.3595,1.3596
2011-01-24,1.3498,1.3571
2011-01-21,1.3475,1.3521
2011-01-20,1.3463,1.3472
2011-01-19,1.3388,1.3506
2011-01-18,1.3182,1.3371
2011-01-17,1.3139,1.3311
2011-01-14,1.33,1.3349
2011-01-13,1.3052,1.3199
2011-01-12,1.2784,1.2973
2011-01-11,1.2839,1.2948
2011-01-10,1.285,1.2903
2011-01-07,1.2867,1.2961
2011-01-06,1.3011,1.3091
2011-01-05,1.3218,1.3213
2011-01-04,1.333,1.3421
2011-01-03,1.3232,1.3348
2010-12-31,1.3322,1.3362
2010-12-30,1.3275,1.328
2010-12-29,1.3155,1.3136
2010-12-28,1.3221,1.3195
2010-12-27,1.324,1.3136
2010-12-24,1.3236,1.3099
2010-12-23,1.3273,1.3064
2010-12-22,1.3322,1.3112
2010-12-21,1.341,1.3155
2010-12-20,1.3316,1.3147
2010-12-17,1.3358,1.326
2010-12-16,1.3297,1.3238
2010-12-15,1.344,1.336
2010-12-14,1.3531,1.3435
2010-12-13,1.3359,1.3267
2010-12-10,1.3371,1.3244
2010-12-09,1.3354,1.3214
2010-12-08,1.3361,1.32
2010-12-07,1.3386,1.3363
2010-12-06,1.3366,1.328
2010-12-03,1.3269,1.3246
2010-12-02,1.3291,1.3155
2010-12-01,1.336,1.3115
2010-11-30,1.3306,1.2998
2010-11-29,1.3429,1.3146
2010-11-26,1.3523,1.3225
2010-11-25,1.3454,1.3321
2010-11-24,1.3556,1.3339
2010-11-23,1.3799,1.3496
2010-11-22,1.3865,1.3647
2010-11-19,1.3957,1.3674
2010-11-18,1.3895,1.3647
2010-11-17,1.3778,1.3481
2010-11-16,1.3817,1.3612
2010-11-15,1.3749,1.3626
2010-11-12,1.3851,1.3711
2010-11-11,1.3742,1.37
2010-11-10,1.3832,1.377
2010-11-09,1.3931,1.3945
2010-11-08,1.396,1.3917
2010-11-05,1.41,1.4084
2010-11-04,1.4269,1.4244
2010-11-03,1.4136,1.4014
2010-11-02,1.4168,1.4018
2010-11-01,1.416,1.3926
2010-10-29,1.415,1.3857
2010-10-28,1.4195,1.3857
2010-10-27,1.421,1.3803
2010-10-26,1.4245,1.3912
2010-10-25,1.4291,1.4031
2010-10-22,1.4299,1.3934
2010-10-21,1.43,1.4016
2010-10-20,1.426,1.3861
2010-10-19,1.4217,1.3859
2010-10-18,1.4192,1.3896
2010-10-15,1.4165,1.4089
2010-10-14,1.4088,1.4101
2010-10-13,1.3999,1.3958
2010-10-12,1.4023,1.3833
2010-10-11,1.41,1.3936
2010-10-08,1.4168,1.3874
2010-10-07,1.412,1.397
2010-10-06,1.4018,1.3856
2010-10-05,1.407,1.378
2010-10-04,1.3998,1.3705
2010-10-01,1.4085,1.3726
2010-09-30,1.4073,1.3648
2010-09-29,1.3978,1.3611
2010-09-28,1.3897,1.346
2010-09-27,1.3795,1.3477
2010-09-24,1.3801,1.3412
2010-09-23,1.3795,1.3323
2010-09-22,1.3678,1.3364
2010-09-21,1.3536,1.312
2010-09-20,1.3487,1.3074
2010-09-17,1.341,1.306
2010-09-16,1.3423,1.3078
2010-09-15,1.3335,1.2989
2010-09-14,1.3199,1.285
2010-09-13,1.3185,1.2801
2010-09-10,1.3118,1.2725
2010-09-09,1.3131,1.2715
2010-09-08,1.331,1.2697
2010-09-07,1.3286,1.2744
2010-09-06,1.332,1.2874
2010-09-03,1.3561,1.2834
2010-09-02,1.3451,1.2818
2010-09-01,1.356,1.28
2010-08-31,1.3489,1.268
2010-08-30,1.3333,1.27
2010-08-27,1.3487,1.2713
2010-08-26,1.3425,1.2693
2010-08-25,1.3449,1.2613
2010-08-24,1.3409,1.2611
2010-08-23,1.3292,1.2704
2010-08-20,1.3326,1.2711
2010-08-19,1.318,1.2836
2010-08-18,1.3236,1.288
2010-08-17,1.3341,1.286
2010-08-16,1.3366,1.282
2010-08-13,1.3329,1.2799
2010-08-12,1.3398,1.279
2010-08-11,1.3504,1.3016
2010-08-10,1.3595,1.3133
2010-08-09,1.3633,1.3253
2010-08-06,1.3467,1.3176
2010-08-05,1.3358,1.3184
2010-08-04,1.3508,1.3206
2010-08-03,1.3543,1.3221
2010-08-02,1.3372,1.3073
2010-07-30,1.3454,1.3028
2010-07-29,1.3504,1.3069
2010-07-28,1.3391,1.2992
2010-07-27,1.3382,1.3033
2010-07-26,1.3395,1.2931
2010-07-23,1.3386,1.2897
2010-07-22,1.3388,1.285
2010-07-21,1.3284,1.2817
2010-07-20,1.3583,1.2844
2010-07-19,1.3667,1.2957
2010-07-16,1.3586,1.3
2010-07-15,1.3201,1.2828
2010-07-14,1.3157,1.2703
2010-07-13,1.2978,1.2569
2010-07-12,1.2986,1.2572
2010-07-09,1.3072,1.2637
2010-07-08,1.3213,1.266
2010-07-07,1.3311,1.2567
2010-07-06,1.3339,1.2579
2010-07-05,1.3343,1.2531
2010-07-02,1.334,1.2548
2010-07-01,1.3124,1.2328
2010-06-30,1.289,1.2271
2010-06-29,1.2812,1.2198
2010-06-28,1.2757,1.2339
2010-06-25,1.2799,1.2294
2010-06-24,1.281,1.2262
2010-06-23,1.268,1.2271
2010-06-22,1.2533,1.2258
2010-06-21,1.2601,1.2391
2010-06-18,1.2723,1.2372
2010-06-17,1.2668,1.2363
2010-06-16,1.2631,1.2277
2010-06-15,1.2629,1.2258
2010-06-14,1.2583,1.2249
2010-06-11,1.2501,1.2127
2010-06-10,1.2486,1.2045
2010-06-09,1.2529,1.201
2010-06-08,1.2576,1.1942
2010-06-07,1.2672,1.1959
2010-06-04,1.2595,1.206
2010-06-03,1.2734,1.2268
2010-06-02,1.2848,1.2218
2010-06-01,1.2766,1.2155
2010-05-31,1.2894,1.2307
2010-05-28,1.2954,1.2384
2010-05-27,1.2919,1.2255
2010-05-26,1.309,1.2309
2010-05-25,1.3204,1.2223
2010-05-24,1.3095,1.236
2010-05-21,1.3407,1.2497
2010-05-20,1.312,1.2334
2010-05-19,1.2837,1.227
2010-05-18,1.276,1.2428
2010-05-17,1.2792,1.2349
2010-05-14,1.2832,1.2492
2010-05-13,1.278,1.2587
2010-05-12,1.289,1.2686
2010-05-11,1.3031,1.2698
2010-05-10,1.3249,1.2969
2010-05-07,1.3229,1.2746
2010-05-06,1.3142,1.2727
2010-05-05,1.328,1.2924
2010-05-04,1.3329,1.3089
2010-05-03,1.3422,1.3238
2010-04-30,1.3379,1.3315
2010-04-29,1.3292,1.3256
2010-04-28,1.3402,1.3245
2010-04-27,1.334,1.329
2010-04-26,1.331,1.3321
2010-04-23,1.3337,1.3311
2010-04-22,1.3341,1.3339
2010-04-21,1.3335,1.3373
2010-04-20,1.3665,1.3486
2010-04-19,1.368,1.3432
2010-04-16,1.3567,1.3535
2010-04-15,1.3536,1.3544
2010-04-14,1.3571,1.3615
2010-04-13,1.363,1.3583
2010-04-12,1.3688,1.3585
2010-04-09,1.3466,1.3384
2010-04-08,1.3407,1.3296
2010-04-07,1.3363,1.334
2010-04-06,1.3408,1.3396
2010-04-01,1.3622,1.3468
2010-03-31,1.3687,1.3479
2010-03-30,1.3731,1.3482
2010-03-29,1.375,1.3471
2010-03-26,1.3721,1.3353
2010-03-25,1.359,1.3356
2010-03-24,1.3651,1.3338
2010-03-23,1.3777,1.3519
2010-03-22,1.3788,1.3471
2010-03-19,1.3666,1.3548
2010-03-18,1.3801,1.366
2010-03-17,1.3902,1.3756
2010-03-16,1.3944,1.3723
2010-03-15,1.3972,1.3705
2010-03-12,1.4013,1.3765
2010-03-11,1.4027,1.3657
2010-03-10,1.3969,1.361
2010-03-09,1.3962,1.3557
2010-03-08,1.4023,1.3662
2010-03-05,1.4011,1.3582
2010-03-04,1.4071,1.3668
2010-03-03,1.4097,1.3641
2010-03-02,1.4029,1.3548
2010-03-01,1.4266,1.3525
2010-02-26,1.4354,1.357
2010-02-25,1.4278,1.3489
2010-02-24,1.4306,1.3547
2010-02-23,1.4172,1.3577
2010-02-22,1.4133,1.3626
2010-02-19,1.4215,1.3519
2010-02-18,1.4177,1.3567
2010-02-17,1.4306,1.3726
2010-02-16,1.4264,1.3649
2010-02-15,1.4253,1.3607
2010-02-12,1.4269,1.3572
2010-02-11,1.4502,1.3718
2010-02-10,1.4667,1.374
2010-02-09,1.468,1.376
2010-02-08,1.464,1.3675
2010-02-05,1.4698,1.3691
2010-02-04,1.4701,1.3847
2010-02-03,1.4832,1.3984
2010-02-02,1.4768,1.3937
2010-02-01,1.4868,1.3913
2010-01-29,1.4924,1.3966
2010-01-28,1.4824,1.3999
2010-01-27,1.4973,1.4072
2010-01-26,1.4965,1.4085
2010-01-25,1.4996,1.4151
2010-01-22,1.4891,1.4135
2010-01-21,1.474,1.4064
2010-01-20,1.4771,1.4132
2010-01-19,1.4723,1.4279
2010-01-18,1.4741,1.4369
2010-01-15,1.4752,1.4374
2010-01-14,1.4942,1.4486
2010-01-13,1.5065,1.4563
2010-01-12,1.4959,1.4481
2010-01-11,1.4928,1.4528
2010-01-08,1.4781,1.4273
2010-01-07,1.4789,1.4304
2010-01-06,1.492,1.435
2010-01-05,1.4952,1.4442
2010-01-04,1.4953,1.4389
2009-12-31,1.5128,1.4406
2009-12-30,1.5039,1.4338
2009-12-29,1.4999,1.4433
2009-12-28,1.5069,1.4405
2009-12-24,1.5052,1.4398
2009-12-23,1.4983,1.4276
2009-12-22,1.5109,1.4279
2009-12-21,1.5165,1.4368
2009-12-18,1.5295,1.4337
2009-12-17,1.5389,1.4343
2009-12-16,1.5432,1.456
2009-12-15,1.5459,1.4541
2009-12-14,1.5584,1.4647
2009-12-11,1.5481,1.4757
2009-12-10,1.5472,1.473
2009-12-09,1.5643,1.4768
2009-12-08,1.5595,1.4774
2009-12-07,1.5664,1.4787
2009-12-04,1.5778,1.5068
2009-12-03,1.5873,1.512
2009-12-02,1.5766,1.509
2009-12-01,1.5761,1.5074
2009-11-30,1.5882,1.5023
2009-11-27,1.5992,1.4918
2009-11-26,1.5882,1.5071
2009-11-25,1.5787,1.5083
2009-11-24,1.5815,1.4969
2009-11-23,1.5846,1.4968
2009-11-20,1.5876,1.4815
2009-11-19,1.5776,1.4863
2009-11-18,1.5657,1.4957
2009-11-17,1.5735,1.4875
2009-11-16,1.5635,1.4965
2009-11-13,1.5655,1.4868
2009-11-12,1.5702,1.4922
2009-11-11,1.5693,1.5037
2009-11-10,1.5852,1.4966
2009-11-09,1.5923,1.4984
2009-11-06,1.5923,1.4862
2009-11-05,1.5804,1.4867
2009-11-04,1.5682,1.4761
2009-11-03,1.5834,1.4658
2009-11-02,1.5958,1.4772
2009-10-30,1.5952,1.48
2009-10-29,1.5865,1.4788
2009-10-28,1.5855,1.4785
2009-10-27,1.5839,1.4874
2009-10-26,1.5872,1.5019
2009-10-23,1.5807,1.502
2009-10-22,1.574,1.5
2009-10-21,1.5754,1.4921
2009-10-20,1.5443,1.4971
2009-10-19,1.5445,1.4918
2009-10-16,1.5458,1.4869
2009-10-15,1.536,1.4864
2009-10-14,1.5311,1.4881
2009-10-13,1.5308,1.4864
2009-10-12,1.5248,1.4765
2009-10-09,1.5398,1.475
2009-10-08,1.5619,1.4763
2009-10-07,1.5546,1.4694
2009-10-06,1.5648,1.4722
2009-10-05,1.5693,1.4616
2009-10-02,1.5856,1.4537
2009-10-01,1.5601,1.4539
2009-09-30,1.5709,1.4643
2009-09-29,1.5861,1.4549
2009-09-28,1.6027,1.465
2009-09-25,1.6035,1.467
2009-09-24,1.5843,1.4768
2009-09-23,1.5794,1.4783
2009-09-22,1.5787,1.478
2009-09-21,1.578,1.4658
2009-09-18,1.5752,1.4705
2009-09-17,1.5672,1.4712
2009-09-16,1.5696,1.4671
2009-09-15,1.5869,1.4611
2009-09-14,1.5879,1.4561
2009-09-11,1.5728,1.4594
2009-09-10,1.5791,1.4545
2009-09-09,1.569,1.4522
2009-09-08,1.5483,1.4473
2009-09-07,1.5429,1.433
2009-09-04,1.5581,1.4262
2009-09-03,1.5742,1.4335
2009-09-02,1.572,1.422
2009-09-01,1.5672,1.4314
2009-08-31,1.5793,1.4272
2009-08-28,1.5522,1.4364
2009-08-27,1.5598,1.4268
2009-08-26,1.557,1.427
2009-08-25,1.5411,1.4324
2009-08-24,1.5444,1.4323
2009-08-21,1.5541,1.433
2009-08-20,1.56,1.4243
2009-08-19,1.5657,1.4112
2009-08-18,1.5606,1.4101
2009-08-17,1.5621,1.4072
2009-08-14,1.5509,1.4294
2009-08-13,1.5451,1.4293
2009-08-12,1.5633,1.417
2009-08-11,1.5537,1.4166
2009-08-10,1.5361,1.4202
2009-08-07,1.554,1.4357
2009-08-06,1.5416,1.437
2009-08-05,1.5507,1.441
2009-08-04,1.5369,1.4384
2009-08-03,1.5274,1.4303
2009-07-31,1.5234,1.4138
2009-07-30,1.524,1.4053
2009-07-29,1.5335,1.4104
2009-07-28,1.5378,1.4229
2009-07-27,1.5433,1.4269
2009-07-24,1.5407,1.4227
2009-07-23,1.5606,1.4229
2009-07-22,1.5704,1.4191
2009-07-21,1.5689,1.4223
2009-07-20,1.5702,1.4217
2009-07-17,1.5734,1.409
2009-07-16,1.5787,1.413
2009-07-15,1.5813,1.4089
2009-07-14,1.6018,1.3991
2009-07-13,1.6239,1.3975
2009-07-10,1.6212,1.3901
2009-07-09,1.6182,1.399
2009-07-08,1.6206,1.3901
2009-07-07,1.6223,1.4019
2009-07-06,1.6193,1.3897
2009-07-03,1.6203,1.4009
2009-07-02,1.6201,1.4049
2009-07-01,1.6224,1.4096
2009-06-30,1.6275,1.4134
2009-06-29,1.6236,1.4058
2009-06-26,1.6168,1.4096
2009-06-25,1.62,1.394
2009-06-24,1.6105,1.4029
2009-06-23,1.6101,1.3978
2009-06-22,1.5871,1.3858
2009-06-19,1.5708,1.3932
2009-06-18,1.5758,1.392
2009-06-17,1.5794,1.384
2009-06-16,1.5612,1.389
2009-06-15,1.569,1.385
2009-06-12,1.5708,1.4004
2009-06-11,1.5428,1.3969
2009-06-10,1.55,1.4102
2009-06-09,1.5402,1.3959
2009-06-08,1.5548,1.3866
2009-06-05,1.5657,1.4177
2009-06-04,1.5694,1.4095
2009-06-03,1.5459,1.4207
2009-06-02,1.5433,1.4238
2009-06-01,1.5397,1.422
2009-05-29,1.5501,1.4098
2009-05-28,1.5544,1.3856
2009-05-27,1.5536,1.3901
2009-05-26,1.5698,1.3908
2009-05-25,1.5777,1.401
2009-05-22,1.5744,1.3972
2009-05-21,1.5754,1.3771
2009-05-20,1.5724,1.369
2009-05-19,1.5754,1.3612
2009-05-18,1.5779,1.3494
2009-05-15,1.5894,1.3518
2009-05-14,1.5971,1.3563
2009-05-13,1.5832,1.3623
2009-05-12,1.5865,1.3683
2009-05-11,1.5676,1.3574
2009-05-08,1.5582,1.3425
2009-05-07,1.5569,1.3363
2009-05-06,1.5689,1.3322
2009-05-05,1.5669,1.3403
2009-05-04,1.5681,1.3223
2009-04-30,1.5786,1.3275
2009-04-29,1.5942,1.3266
2009-04-28,1.5918,1.2992
2009-04-27,1.5953,1.3125
2009-04-24,1.6121,1.3232
2009-04-23,1.6108,1.305
2009-04-22,1.6106,1.2947
2009-04-21,1.6051,1.2932
2009-04-20,1.5985,1.2966
2009-04-17,1.5815,1.3058
2009-04-16,1.5874,1.3196
2009-04-15,1.6004,1.3173
2009-04-14,1.6117,1.3276
2009-04-09,1.6328,1.3273
2009-04-08,1.634,1.3231
2009-04-07,1.6501,1.3255
2009-04-06,1.6656,1.3496
2009-04-03,1.6664,1.3425
2009-04-02,1.6725,1.3392
2009-04-01,1.6764,1.3246
2009-03-31,1.6685,1.3308
2009-03-30,1.6533,1.3193
2009-03-27,1.6446,1.3295
2009-03-26,1.6707,1.3607
2009-03-25,1.6598,1.3494
2009-03-24,1.656,1.3507
2009-03-23,1.6753,1.3558
2009-03-20,1.677,1.3549
2009-03-19,1.6732,1.3671
2009-03-18,1.6563,1.313
2009-03-17,1.6495,1.2942
2009-03-16,1.6534,1.3042
2009-03-13,1.6413,1.2905
2009-03-12,1.646,1.2782
2009-03-11,1.6325,1.2786
2009-03-10,1.6349,1.2783
2009-03-09,1.6405,1.2565
2009-03-06,1.6258,1.2658
2009-03-05,1.6139,1.2555
2009-03-04,1.6156,1.2555
2009-03-03,1.6219,1.2615
2009-03-02,1.6229,1.2596
2009-02-27,1.5985,1.2644
2009-02-26,1.5885,1.2782
2009-02-25,1.5947,1.2795
2009-02-24,1.5996,1.2763
2009-02-23,1.6001,1.2798
2009-02-20,1.5911,1.2591
2009-02-19,1.5868,1.2705
2009-02-18,1.5882,1.2596
2009-02-17,1.5959,1.2634
2009-02-16,1.5912,1.2765
2009-02-13,1.5833,1.2823
2009-02-12,1.5994,1.2833
2009-02-11,1.6138,1.2938
2009-02-10,1.5866,1.2967
2009-02-09,1.5969,1.3008
2009-02-06,1.6001,1.2796
2009-02-05,1.5807,1.2829
2009-02-04,1.5928,1.2818
2009-02-03,1.6058,1.2849
2009-02-02,1.585,1.276
2009-01-30,1.5895,1.2816
2009-01-29,1.5963,1.3111
2009-01-28,1.6161,1.326
2009-01-27,1.619,1.3174
2009-01-26,1.5864,1.299
2009-01-23,1.6087,1.2795
2009-01-22,1.6392,1.2984
2009-01-21,1.6345,1.291
2009-01-20,1.6364,1.293
2009-01-19,1.6492,1.3182
2009-01-16,1.6434,1.327
2009-01-15,1.6373,1.3085
2009-01-14,1.6144,1.3173
2009-01-13,1.632,1.3262
2009-01-12,1.6021,1.3394
2009-01-09,1.6186,1.3684
2009-01-08,1.6344,1.3617
2009-01-07,1.6061,1.3595
2009-01-06,1.585,1.3332
2009-01-05,1.6475,1.3582
2009-01-02,1.6942,1.3866
2008-12-31,1.6998,1.3917
2008-12-30,1.7331,1.4098
2008-12-29,1.7408,1.427
2008-12-24,1.6984,1.4005
2008-12-23,1.7041,1.3978
2008-12-22,1.6763,1.397
2008-12-19,1.71,1.394
2008-12-18,1.7433,1.4616
2008-12-17,1.7004,1.4059
2008-12-16,1.6832,1.369
2008-12-15,1.6555,1.351
2008-12-12,1.6598,1.334
2008-12-11,1.6383,1.3215
2008-12-10,1.6295,1.2925
2008-12-09,1.6171,1.2838
2008-12-08,1.6067,1.2854
2008-12-05,1.6354,1.2665
2008-12-04,1.5948,1.262
2008-12-03,1.5853,1.2623
2008-12-02,1.5756,1.2697
2008-12-01,1.5725,1.2608
2008-11-28,1.5775,1.2727
2008-11-27,1.5937,1.29
2008-11-26,1.5985,1.2935
2008-11-25,1.5912,1.2811
2008-11-24,1.6134,1.2773
2008-11-21,1.6151,1.2602
2008-11-20,1.5814,1.2542
2008-11-19,1.5634,1.2634
2008-11-18,1.5554,1.2653
2008-11-17,1.5502,1.266
2008-11-14,1.5504,1.2675
2008-11-13,1.5465,1.2525
2008-11-12,1.5193,1.253
2008-11-11,1.5168,1.2747
2008-11-10,1.511,1.2891
2008-11-07,1.5224,1.2756
2008-11-06,1.4972,1.277
2008-11-05,1.4858,1.287
2008-11-04,1.4949,1.282
2008-11-03,1.534,1.2822
2008-10-31,1.5681,1.2757
2008-10-30,1.5697,1.3035
2008-10-29,1.6075,1.277
2008-10-28,1.6133,1.2526
2008-10-27,1.5969,1.246
2008-10-24,1.5994,1.2596
2008-10-23,1.6285,1.281
2008-10-22,1.6088,1.2843
2008-10-21,1.5928,1.3184
2008-10-20,1.59,1.3424
2008-10-17,1.5936,1.3404
2008-10-16,1.6056,1.3507
2008-10-15,1.5833,1.3625
2008-10-14,1.565,1.3752
2008-10-13,1.5903,1.3639
2008-10-10,1.5839,1.3579
2008-10-09,1.5398,1.3682
2008-10-08,1.5105,1.3731
2008-10-07,1.4991,1.3632
2008-10-06,1.4787,1.3634
2008-10-03,1.4899,1.3834
2008-10-02,1.4804,1.3903
2008-10-01,1.4912,1.4081
2008-09-30,1.4961,1.4303
2008-09-29,1.4929,1.4349
2008-09-26,1.5148,1.464
2008-09-25,1.5205,1.47
2008-09-24,1.5205,1.469
2008-09-23,1.5233,1.4731
2008-09-22,1.5305,1.4571
2008-09-19,1.5154,1.4236
2008-09-18,1.539,1.4502
2008-09-17,1.5176,1.4224
2008-09-16,1.5283,1.4267
2008-09-15,1.514,1.4151
2008-09-12,1.5036,1.4066
2008-09-11,1.495,1.3934
2008-09-10,1.509,1.4094
2008-09-09,1.503,1.4144
2008-09-08,1.5091,1.4214
2008-09-05,1.5194,1.4247
2008-09-04,1.5344,1.4488
2008-09-03,1.55,1.4441
2008-09-02,1.5483,1.4516
2008-09-01,1.5585,1.4621
2008-08-29,1.551,1.4735
2008-08-28,1.5456,1.4771
2008-08-27,1.5417,1.4767
2008-08-26,1.5379,1.4598
2008-08-25,1.5424,1.4767
2008-08-22,1.5502,1.4808
2008-08-21,1.5598,1.4814
2008-08-20,1.564,1.4734
2008-08-19,1.5637,1.4677
2008-08-18,1.5558,1.4704
2008-08-15,1.5685,1.4729
2008-08-14,1.5775,1.4907
2008-08-13,1.5916,1.4903
2008-08-12,1.5936,1.4907
2008-08-11,1.6013,1.5012
2008-08-08,1.6075,1.5074
2008-08-07,1.6201,1.5471
2008-08-06,1.6159,1.5478
2008-08-05,1.6168,1.5487
2008-08-04,1.6035,1.5566
2008-08-01,1.598,1.5574
2008-07-31,1.597,1.5611
2008-07-30,1.5945,1.5589
2008-07-29,1.6087,1.5705
2008-07-28,1.6087,1.5746
2008-07-25,1.5968,1.5734
2008-07-24,1.5832,1.5677
2008-07-23,1.5869,1.5741
2008-07-22,1.5943,1.5919
2008-07-21,1.5921,1.5858
2008-07-18,1.5901,1.5816
2008-07-17,1.586,1.5849
2008-07-16,1.592,1.5888
2008-07-15,1.5979,1.599
2008-07-14,1.5995,1.5847
2008-07-11,1.609,1.5835
2008-07-10,1.5878,1.5708
2008-07-09,1.5953,1.5715
2008-07-08,1.5973,1.5687
2008-07-07,1.5988,1.5651
2008-07-04,1.593,1.5671
2008-07-03,1.6117,1.5885
2008-07-02,1.6142,1.5806
2008-07-01,1.6063,1.5775
2008-06-30,1.5942,1.5764
2008-06-27,1.585,1.5748
2008-06-26,1.5899,1.5731
2008-06-25,1.5786,1.5599
2008-06-24,1.5823,1.5568
2008-06-23,1.5768,1.5521
2008-06-20,1.5805,1.561
2008-06-19,1.5712,1.5481
2008-06-18,1.5797,1.5493
2008-06-17,1.5816,1.5477
2008-06-16,1.5888,1.5459
2008-06-13,1.5747,1.5336
2008-06-12,1.5806,1.5417
2008-06-11,1.5777,1.5515
2008-06-10,1.5979,1.5526
2008-06-09,1.6136,1.5784
2008-06-06,1.5906,1.5597
2008-06-05,1.5727,1.5402
2008-06-04,1.561,1.5466
2008-06-03,1.562,1.5593
2008-06-02,1.546,1.5521
2008-05-30,1.5382,1.5508
2008-05-29,1.5302,1.5551
2008-05-28,1.5578,1.5656
2008-05-27,1.5571,1.576
2008-05-26,1.5588,1.5761
2008-05-23,1.5533,1.5742
2008-05-22,1.5494,1.5755
2008-05-21,1.5509,1.5753
2008-05-20,1.5502,1.5639
2008-05-19,1.5487,1.5577
2008-05-16,1.5466,1.5498
2008-05-15,1.5496,1.5474
2008-05-14,1.5407,1.5439
2008-05-13,1.5562,1.5473
2008-05-12,1.5509,1.543
2008-05-09,1.5592,1.5458
2008-05-08,1.5548,1.5347
2008-05-07,1.5462,1.543
2008-05-06,1.5719,1.5528
2008-05-05,1.5717,1.546
2008-05-02,1.5715,1.5458
2008-04-30,1.5689,1.554
2008-04-29,1.5782,1.5571
2008-04-28,1.5853,1.5628
2008-04-25,1.5861,1.5596
2008-04-24,1.6042,1.5769
2008-04-23,1.6154,1.594
2008-04-22,1.6039,1.5931
2008-04-21,1.5935,1.5898
2008-04-18,1.5957,1.578
2008-04-17,1.5896,1.5872
2008-04-16,1.6073,1.5928
2008-04-15,1.6168,1.5828
2008-04-14,1.6223,1.5869
2008-04-11,1.6139,1.5833
2008-04-10,1.6166,1.5875
2008-04-09,1.6022,1.5726
2008-04-08,1.591,1.5694
2008-04-07,1.5804,1.5693
2008-04-04,1.5822,1.5722
2008-04-03,1.5722,1.5526
2008-04-02,1.5896,1.5632
2008-04-01,1.6069,1.566
2008-03-31,1.6226,1.5812
2008-03-28,1.608,1.5796
2008-03-27,1.6085,1.5786
2008-03-26,1.5949,1.571
2008-03-25,1.587,1.5569
2008-03-20,1.5817,1.5423
2008-03-19,1.5635,1.5692
2008-03-18,1.5674,1.5771
2008-03-17,1.5689,1.577
2008-03-14,1.5479,1.5561
2008-03-13,1.5362,1.5577
2008-03-12,1.5302,1.5477
2008-03-11,1.5261,1.5379
2008-03-10,1.5194,1.534
2008-03-07,1.5069,1.5417
2008-03-06,1.5097,1.5319
2008-03-05,1.5084,1.5196
2008-03-04,1.5035,1.5206
2008-03-03,1.4948,1.5203
2008-02-29,1.4895,1.5167
2008-02-28,1.4779,1.5121
2008-02-27,1.4742,1.5044
2008-02-26,1.4722,1.4874
2008-02-25,1.4885,1.4817
2008-02-22,1.4995,1.4848
2008-02-21,1.4925,1.4736
2008-02-20,1.4899,1.4656
2008-02-19,1.4836,1.4742
2008-02-18,1.4732,1.4636
2008-02-15,1.4635,1.4674
2008-02-14,1.456,1.4626
2008-02-13,1.4562,1.4586
2008-02-12,1.4525,1.4538
2008-02-11,1.4536,1.4542
2008-02-08,1.4537,1.4513
2008-02-07,1.4732,1.4569
2008-02-06,1.4705,1.4621
2008-02-05,1.467,1.4688
2008-02-04,1.4824,1.4829
2008-02-01,1.4847,1.4889
2008-01-31,1.4846,1.487
2008-01-30,1.4724,1.481
2008-01-29,1.4759,1.4773
2008-01-28,1.4843,1.4755
2008-01-25,1.4819,1.4705
2008-01-24,1.4893,1.4663
2008-01-23,1.4987,1.4574
2008-01-22,1.4953,1.4494
2008-01-21,1.493,1.4482
2008-01-18,1.5024,1.4674
2008-01-17,1.5007,1.4691
2008-01-16,1.5122,1.4792
2008-01-15,1.5096,1.4886
2008-01-14,1.5172,1.4895
2008-01-11,1.5082,1.4792
2008-01-10,1.4787,1.4662
2008-01-09,1.4739,1.468
2008-01-08,1.4724,1.4705
2008-01-07,1.4714,1.4723
2008-01-04,1.4553,1.4727
2008-01-03,1.4666,1.4753
2008-01-02,1.4515,1.4688
2007-12-31,1.4449,1.4721
2007-12-28,1.4389,1.4692
2007-12-27,1.4265,1.4516
2007-12-24,1.4217,1.4398
2007-12-21,1.4356,1.438
2007-12-20,1.4338,1.4349
2007-12-19,1.4461,1.4385
2007-12-18,1.4503,1.4416
2007-12-17,1.4561,1.4393
2007-12-14,1.485,1.4509
2007-12-13,1.4915,1.4683
2007-12-12,1.486,1.4675
2007-12-11,1.482,1.4672
2007-12-10,1.48,1.4718
2007-12-07,1.4708,1.4649
2007-12-06,1.4817,1.4554
2007-12-05,1.4975,1.472
2007-12-04,1.4815,1.4741
2007-12-03,1.4682,1.4666
2007-11-30,1.4695,1.4761
2007-11-29,1.4605,1.4738
2007-11-28,1.4676,1.4747
2007-11-27,1.4767,1.4874
2007-11-26,1.4633,1.4845
2007-11-23,1.4616,1.4809
2007-11-22,1.4628,1.4829
2007-11-21,1.4639,1.4814
2007-11-20,1.4525,1.4785
2007-11-19,1.4318,1.4654
2007-11-16,1.4302,1.4651
2007-11-15,1.4273,1.4639
2007-11-14,1.4041,1.47
2007-11-13,1.3945,1.4607
2007-11-12,1.3956,1.4579
2007-11-09,1.379,1.4683
2007-11-08,1.3629,1.4666
2007-11-07,1.3354,1.4722
2007-11-06,1.3482,1.4547
2007-11-05,1.3527,1.4488
2007-11-02,1.3531,1.4479
2007-11-01,1.3664,1.4423
2007-10-31,1.3768,1.4447
2007-10-30,1.3763,1.4407
2007-10-29,1.3822,1.4391
2007-10-26,1.383,1.4384
2007-10-25,1.3785,1.4309
2007-10-24,1.3797,1.423
2007-10-23,1.3734,1.4254
2007-10-22,1.3866,1.4166
2007-10-19,1.3809,1.4288
2007-10-18,1.395,1.4299
2007-10-17,1.387,1.42
2007-10-16,1.3878,1.415
2007-10-15,1.3835,1.4226
2007-10-12,1.3865,1.4173
2007-10-11,1.3874,1.4199
2007-10-10,1.388,1.4146
2007-10-09,1.3869,1.4037
2007-10-08,1.3863,1.4089
2007-10-05,1.3947,1.4136
2007-10-04,1.4082,1.4109
2007-10-03,1.4131,1.4195
2007-10-02,1.4122,1.4165
2007-10-01,1.4142,1.4232
2007-09-28,1.4122,1.4179
2007-09-27,1.4163,1.418
2007-09-26,1.4208,1.4127
2007-09-25,1.4137,1.4106
2007-09-24,1.4113,1.4113
2007-09-21,1.4071,1.4049
2007-09-20,1.4037,1.403
2007-09-19,1.4155,1.3975
2007-09-18,1.4226,1.3867
2007-09-17,1.4252,1.3877
2007-09-14,1.4286,1.386
2007-09-13,1.436,1.3897
2007-09-12,1.4461,1.3885
2007-09-11,1.4467,1.3824
2007-09-10,1.4569,1.3795
2007-09-07,1.4398,1.3696
2007-09-06,1.4433,1.3669
2007-09-05,1.4329,1.3588
2007-09-04,1.4305,1.358
2007-09-03,1.4362,1.3632
2007-08-31,1.4446,1.3705
2007-08-30,1.4454,1.361
2007-08-29,1.4464,1.3631
2007-08-28,1.4421,1.3664
2007-08-27,1.4327,1.3658
2007-08-24,1.4328,1.3615
2007-08-23,1.425,1.3574
2007-08-22,1.4299,1.3493
2007-08-21,1.4297,1.3508
2007-08-20,1.4298,1.3476
2007-08-17,1.4416,1.3454
2007-08-16,1.4469,1.3405
2007-08-15,1.4508,1.3476
2007-08-14,1.4352,1.3591
2007-08-13,1.4372,1.3651
2007-08-10,1.4399,1.365
2007-08-09,1.4479,1.3729
2007-08-08,1.4496,1.3794
2007-08-07,1.4569,1.3794
2007-08-06,1.455,1.3818
2007-08-03,1.4473,1.3694
2007-08-02,1.4444,1.3664
2007-08-01,1.4557,1.3663
2007-07-31,1.454,1.3707
2007-07-30,1.46,1.3659
2007-07-27,1.4456,1.3651
2007-07-26,1.4396,1.3722
2007-07-25,1.4276,1.3743
2007-07-24,1.4456,1.3833
2007-07-23,1.4436,1.3821
2007-07-20,1.4405,1.3803
2007-07-19,1.442,1.382
2007-07-18,1.4417,1.3779
2007-07-17,1.438,1.3771
2007-07-16,1.4419,1.3781
2007-07-13,1.4414,1.3782
2007-07-12,1.4484,1.3788
2007-07-11,1.4569,1.3753
2007-07-10,1.4329,1.3666
2007-07-09,1.4264,1.3621
2007-07-06,1.4303,1.3596
2007-07-05,1.4426,1.364
2007-07-04,1.4415,1.3618
2007-07-03,1.438,1.3601
2007-07-02,1.4395,1.3588
2007-06-29,1.4245,1.3505
2007-06-28,1.4293,1.3467
2007-06-27,1.4384,1.3438
2007-06-26,1.4402,1.346
2007-06-25,1.4424,1.3461
2007-06-22,1.4411,1.3441
2007-06-21,1.4303,1.3397
2007-06-20,1.431,1.3427
2007-06-19,1.4302,1.3403
2007-06-18,1.4373,1.3404
2007-06-15,1.4159,1.3314
2007-06-14,1.4202,1.3304
2007-06-13,1.423,1.3287
2007-06-12,1.4175,1.3345
2007-06-11,1.4186,1.3355
2007-06-08,1.4261,1.3349
2007-06-07,1.4267,1.347
2007-06-06,1.4341,1.3513
2007-06-05,1.4305,1.3532
2007-06-04,1.4252,1.3482
2007-06-01,1.4335,1.3436
2007-05-31,1.4388,1.3453
2007-05-30,1.4398,1.342
2007-05-29,1.4614,1.3509
2007-05-28,1.4541,1.3453
2007-05-25,1.457,1.3441
2007-05-24,1.4552,1.3448
2007-05-23,1.461,1.349
2007-05-22,1.4579,1.3454
2007-05-21,1.4611,1.3444
2007-05-18,1.4767,1.3477
2007-05-17,1.4862,1.3516
2007-05-16,1.4931,1.3574
2007-05-15,1.4931,1.3538
2007-05-14,1.5012,1.3549
2007-05-11,1.5036,1.3486
2007-05-10,1.4983,1.3527
2007-05-09,1.4984,1.3535
2007-05-08,1.4946,1.3558
2007-05-07,1.5028,1.3615
2007-05-04,1.4985,1.3561
2007-05-03,1.5086,1.3613
2007-05-02,1.5096,1.3588
2007-04-30,1.5187,1.3605
2007-04-27,1.5235,1.3643
2007-04-26,1.5236,1.3596
2007-04-25,1.5298,1.3649
2007-04-24,1.5223,1.3582
2007-04-23,1.5225,1.3557
2007-04-20,1.5334,1.3606
2007-04-19,1.5312,1.3601
2007-04-18,1.5386,1.3577
2007-04-17,1.5333,1.3549
2007-04-16,1.5352,1.355
2007-04-13,1.5351,1.3532
2007-04-12,1.5328,1.3467
2007-04-11,1.5348,1.3418
2007-04-10,1.5424,1.3426
2007-04-05,1.541,1.3373
2007-04-04,1.5441,1.3352
2007-04-03,1.5467,1.3358
2007-04-02,1.5459,1.3366
2007-03-30,1.5366,1.3318
2007-03-29,1.5487,1.3352
2007-03-28,1.5477,1.3348
2007-03-27,1.5429,1.3347
2007-03-26,1.5416,1.3265
2007-03-23,1.5432,1.3327
2007-03-22,1.545,1.3351
2007-03-21,1.5409,1.3293
2007-03-20,1.5522,1.3296
2007-03-19,1.5626,1.3303
2007-03-16,1.5637,1.3325
2007-03-15,1.5548,1.3226
2007-03-14,1.5495,1.3183
2007-03-13,1.5453,1.3218
2007-03-12,1.5387,1.3156
2007-03-09,1.5469,1.3155
2007-03-08,1.5494,1.3152
2007-03-07,1.5451,1.3135
2007-03-06,1.5434,1.31
2007-03-05,1.545,1.3083
2007-03-02,1.5456,1.3163
2007-03-01,1.5497,1.3225
2007-02-28,1.5419,1.3211
2007-02-27,1.5359,1.323
2007-02-26,1.5256,1.316
2007-02-23,1.522,1.3134
2007-02-22,1.5214,1.3106
2007-02-21,1.5349,1.3145
2007-02-20,1.5323,1.3145
2007-02-19,1.5308,1.3132
2007-02-16,1.5259,1.3119
2007-02-15,1.5326,1.3137
2007-02-14,1.5265,1.3082
2007-02-13,1.5253,1.3022
2007-02-12,1.5177,1.2956
2007-02-09,1.5296,1.3007
2007-02-08,1.5413,1.2991
2007-02-07,1.537,1.2987
2007-02-06,1.5322,1.2955
2007-02-05,1.5312,1.2925
2007-02-02,1.541,1.302
2007-02-01,1.5331,1.302
2007-01-31,1.5325,1.2954
2007-01-30,1.5342,1.2972
2007-01-29,1.5306,1.2921
2007-01-26,1.5255,1.2901
2007-01-25,1.5287,1.2978
2007-01-24,1.5336,1.3005
2007-01-23,1.5399,1.304
2007-01-22,1.5203,1.2936
2007-01-19,1.5189,1.2958
2007-01-18,1.5207,1.2922
2007-01-17,1.5166,1.2909
2007-01-16,1.5127,1.2953
2007-01-15,1.5108,1.2941
2007-01-12,1.5136,1.2893
2007-01-11,1.5296,1.2984
2007-01-10,1.5301,1.2988
2007-01-09,1.5327,1.3018
2007-01-08,1.5282,1.3006
2007-01-05,1.5374,1.3084
2007-01-04,1.539,1.3106
2007-01-03,1.5457,1.3231
2007-01-02,1.5452,1.327
2006-12-29,1.5281,1.317
2006-12-28,1.5268,1.3173
2006-12-27,1.5297,1.3159
2006-12-22,1.524,1.3192
2006-12-21,1.5155,1.3178
2006-12-20,1.5137,1.3203
2006-12-19,1.5217,1.3158
2006-12-18,1.5114,1.3095
2006-12-15,1.5151,1.3106
2006-12-14,1.5242,1.3192
2006-12-13,1.5273,1.3265
2006-12-12,1.5246,1.3244
2006-12-11,1.5135,1.3177
2006-12-08,1.5269,1.3276
2006-12-07,1.5275,1.3297
2006-12-06,1.5177,1.3274
2006-12-05,1.5204,1.3331
2006-12-04,1.5208,1.3309
2006-12-01,1.5139,1.3244
2006-11-30,1.5053,1.32
2006-11-29,1.4953,1.3157
2006-11-28,1.4863,1.3147
2006-11-27,1.4866,1.3114
2006-11-24,1.4817,1.3078
2006-11-23,1.4769,1.2953
2006-11-22,1.4686,1.2886
2006-11-21,1.4676,1.2814
2006-11-20,1.4676,1.2841
2006-11-17,1.4651,1.2774
2006-11-16,1.4572,1.2804
2006-11-15,1.4572,1.2792
2006-11-14,1.4602,1.2824
2006-11-13,1.4572,1.283
2006-11-10,1.4531,1.2864
2006-11-09,1.4489,1.2796
2006-11-08,1.4448,1.2776
2006-11-07,1.4385,1.2755
2006-11-06,1.4418,1.2702
2006-11-03,1.4402,1.276
2006-11-02,1.4489,1.2767
2006-11-01,1.4471,1.2757
2006-10-31,1.4331,1.2696
2006-10-30,1.4255,1.2717
2006-10-27,1.4262,1.2683
2006-10-26,1.4259,1.2653
2006-10-25,1.4191,1.258
2006-10-24,1.418,1.2541
2006-10-23,1.4158,1.2556
2006-10-20,1.4156,1.2618
2006-10-19,1.4266,1.2561
2006-10-18,1.4286,1.2543
2006-10-17,1.4232,1.2524
2006-10-16,1.4231,1.2515
2006-10-13,1.4246,1.255
2006-10-12,1.4251,1.2531
2006-10-11,1.4239,1.2543
2006-10-10,1.4154,1.2538
2006-10-09,1.4154,1.2603
2006-10-06,1.4234,1.2664
2006-10-05,1.4321,1.2721
2006-10-04,1.4299,1.2684
2006-10-03,1.4246,1.2737
2006-10-02,1.4226,1.2685
2006-09-29,1.4136,1.266
2006-09-28,1.4132,1.2713
2006-09-27,1.4143,1.2684
2006-09-26,1.4149,1.2695
2006-09-25,1.4259,1.2768
2006-09-22,1.4264,1.2817
2006-09-21,1.4302,1.2731
2006-09-20,1.4299,1.2676
2006-09-19,1.4201,1.2654
2006-09-18,1.42,1.2665
2006-09-15,1.4203,1.2675
2006-09-14,1.4207,1.2723
2006-09-13,1.4228,1.2677
2006-09-12,1.4227,1.2709
2006-09-11,1.4245,1.2713
2006-09-08,1.4155,1.2713
2006-09-07,1.4066,1.2731
2006-09-06,1.4228,1.2793
2006-09-05,1.4242,1.281
2006-09-04,1.4219,1.2852
2006-09-01,1.4163,1.2817
2006-08-31,1.423,1.2851
2006-08-30,1.419,1.2818
2006-08-29,1.4206,1.2808
2006-08-28,1.4184,1.28
2006-08-25,1.4122,1.2762
2006-08-24,1.4235,1.2831
2006-08-23,1.4243,1.2812
2006-08-22,1.4317,1.2812
2006-08-21,1.444,1.2919
2006-08-18,1.4372,1.2802
2006-08-17,1.4384,1.2879
2006-08-16,1.4342,1.2793
2006-08-15,1.4393,1.2725
2006-08-14,1.4338,1.2718
2006-08-11,1.4353,1.2775
2006-08-10,1.4391,1.2857
2006-08-09,1.442,1.2879
2006-08-08,1.4369,1.2839
2006-08-07,1.447,1.285
2006-08-04,1.4492,1.2792
2006-08-03,1.438,1.2781
2006-08-02,1.4441,1.2798
2006-08-01,1.4457,1.2759
2006-07-31,1.4346,1.2767
2006-07-28,1.4387,1.2664
2006-07-27,1.442,1.2737
2006-07-26,1.4323,1.2587
2006-07-25,1.4406,1.2636
2006-07-24,1.4405,1.2633
2006-07-21,1.4347,1.268
2006-07-20,1.4334,1.2643
2006-07-19,1.4214,1.2482
2006-07-18,1.4213,1.2531
2006-07-17,1.4186,1.2541
2006-07-14,1.4289,1.2666
2006-07-13,1.4378,1.2692
2006-07-12,1.4452,1.2722
2006-07-11,1.4357,1.2736
2006-07-10,1.4335,1.2752
2006-07-07,1.4228,1.2778
2006-07-06,1.4182,1.2735
2006-07-05,1.4152,1.2794
2006-07-04,1.4205,1.2791
2006-07-03,1.4212,1.279
2006-06-30,1.4132,1.2713
2006-06-29,1.4025,1.2529
2006-06-28,1.4138,1.257
2006-06-27,1.4112,1.2567
2006-06-26,1.4056,1.2561
2006-06-23,1.4041,1.2502
2006-06-22,1.4023,1.2582
2006-06-21,1.4051,1.2632
2006-06-20,1.4026,1.2546
2006-06-19,1.413,1.2591
2006-06-16,1.4101,1.2651
2006-06-15,1.4045,1.261
2006-06-14,1.3993,1.2563
2006-06-13,1.3905,1.2571
2006-06-12,1.3871,1.2572
2006-06-09,1.4067,1.2659
2006-06-08,1.424,1.2735
2006-06-07,1.4264,1.2789
2006-06-06,1.4257,1.2847
2006-06-05,1.4235,1.2958
2006-06-02,1.4148,1.2815
2006-06-01,1.4099,1.2736
2006-05-31,1.4107,1.2868
2006-05-30,1.4138,1.2839
2006-05-29,1.4088,1.2758
2006-05-26,1.4182,1.2797
2006-05-25,1.4235,1.2755
2006-05-24,1.4418,1.2851
2006-05-23,1.4327,1.2841
2006-05-22,1.4352,1.2753
2006-05-19,1.4321,1.2767
2006-05-18,1.4235,1.277
2006-05-17,1.422,1.2882
2006-05-16,1.4263,1.2817
2006-05-15,1.4305,1.2826
2006-05-12,1.4214,1.2914
2006-05-11,1.4044,1.2716
2006-05-10,1.4047,1.2779
2006-05-09,1.4114,1.2697
2006-05-08,1.4137,1.2756
2006-05-05,1.4063,1.2688
2006-05-04,1.4003,1.2592
2006-05-03,1.3979,1.2622
2006-05-02,1.4005,1.2643
2006-04-28,1.4097,1.2537
2006-04-27,1.4043,1.2414
2006-04-26,1.4058,1.2425
2006-04-25,1.413,1.2425
2006-04-24,1.4064,1.2365
2006-04-21,1.4008,1.2315
2006-04-20,1.4039,1.2346
2006-04-19,1.4063,1.2346
2006-04-18,1.4029,1.2252
2006-04-13,1.3885,1.2094
2006-04-12,1.3883,1.2125
2006-04-11,1.3864,1.2105
2006-04-10,1.3878,1.2099
2006-04-07,1.3975,1.2179
2006-04-06,1.4225,1.2312
2006-04-05,1.424,1.2262
2006-04-04,1.4281,1.2217
2006-04-03,1.4172,1.2063
2006-03-31,1.4084,1.2104
2006-03-30,1.4108,1.2096
2006-03-29,1.4098,1.2012
2006-03-28,1.408,1.2084
2006-03-27,1.41,1.2025
2006-03-24,1.3995,1.1969
2006-03-23,1.4049,1.2055
2006-03-22,1.4139,1.2069
2006-03-21,1.4143,1.2144
2006-03-20,1.4213,1.2174
2006-03-17,1.4072,1.2185
2006-03-16,1.399,1.2069
2006-03-15,1.3885,1.2026
2006-03-14,1.3864,1.1948
2006-03-13,1.3841,1.1922
2006-03-10,1.3867,1.1919
2006-03-09,1.3793,1.192
2006-03-08,1.3733,1.1914
2006-03-07,1.3636,1.1913
2006-03-06,1.3686,1.2017
2006-03-03,1.3627,1.202
2006-03-02,1.3524,1.1921
2006-03-01,1.3607,1.1954
2006-02-28,1.3532,1.1875
2006-02-27,1.359,1.1852
2006-02-24,1.3715,1.1896
2006-02-23,1.3718,1.1957
2006-02-22,1.364,1.1875
2006-02-21,1.3668,1.1906
2006-02-20,1.3715,1.1932
2006-02-17,1.3725,1.1863
2006-02-16,1.3742,1.1858
2006-02-15,1.3734,1.1904
2006-02-14,1.3788,1.1898
2006-02-13,1.3741,1.1888
2006-02-10,1.3755,1.197
2006-02-09,1.3761,1.1972
2006-02-08,1.3808,1.1948
2006-02-07,1.3734,1.1973
2006-02-06,1.3706,1.1981
2006-02-03,1.3821,1.2061
2006-02-02,1.3786,1.2066
2006-02-01,1.3782,1.2092
2006-01-31,1.387,1.2118
2006-01-30,1.3826,1.2082
2006-01-27,1.396,1.2172
2006-01-26,1.4149,1.2254
2006-01-25,1.415,1.2294
2006-01-24,1.4123,1.2272
2006-01-23,1.4133,1.2277
2006-01-20,1.403,1.2068
2006-01-19,1.4223,1.2073
2006-01-18,1.4122,1.2125
2006-01-17,1.3996,1.2075
2006-01-16,1.4055,1.2112
2006-01-13,1.3972,1.2039
2006-01-12,1.4049,1.2113
2006-01-11,1.4073,1.2088
2006-01-10,1.4092,1.2064
2006-01-09,1.4142,1.2078
2006-01-06,1.4158,1.2093
2006-01-05,1.3941,1.2088
2006-01-04,1.3934,1.2083
2006-01-03,1.3809,1.1875
2006-01-02,1.3737,1.1826
2005-12-30,1.3725,1.1797
2005-12-29,1.3796,1.1825
2005-12-28,1.3948,1.1916
2005-12-27,1.3832,1.1852
2005-12-23,1.3842,1.1859
2005-12-22,1.3799,1.1822
2005-12-21,1.3918,1.1872
2005-12-20,1.402,1.1955
2005-12-19,1.3932,1.1977
2005-12-16,1.386,1.1983
2005-12-15,1.3888,1.1999
2005-12-14,1.3776,1.202
2005-12-13,1.3739,1.1925
2005-12-12,1.3747,1.1925
2005-12-09,1.3665,1.1785
2005-12-08,1.3677,1.1764
2005-12-07,1.3626,1.171
2005-12-06,1.3607,1.1783
2005-12-05,1.3599,1.1767
2005-12-02,1.3612,1.1697
2005-12-01,1.3723,1.1745
2005-11-30,1.3741,1.1769
2005-11-29,1.3787,1.1793
2005-11-28,1.3716,1.1726
2005-11-25,1.3762,1.1763
2005-11-24,1.3796,1.1783
2005-11-23,1.3817,1.1776
2005-11-22,1.385,1.1701
2005-11-21,1.4062,1.1811
2005-11-18,1.3892,1.1679
2005-11-17,1.3892,1.1692
2005-11-16,1.3961,1.1677
2005-11-15,1.3961,1.1667
2005-11-14,1.4003,1.1713
2005-11-11,1.3939,1.1697
2005-11-10,1.3966,1.1762
2005-11-09,1.3951,1.1738
2005-11-08,1.4036,1.1741
2005-11-07,1.4021,1.1824
2005-11-04,1.409,1.1933
2005-11-03,1.4164,1.2041
2005-11-02,1.4153,1.1992
2005-11-01,1.4201,1.2008
2005-10-31,1.4161,1.2023
2005-10-28,1.4211,1.2138
2005-10-27,1.4168,1.213
2005-10-26,1.4189,1.2059
2005-10-25,1.4261,1.2017
2005-10-24,1.4226,1.1944
2005-10-21,1.4162,1.2012
2005-10-20,1.4062,1.1953
2005-10-19,1.4068,1.195
2005-10-18,1.4167,1.1937
2005-10-17,1.4235,1.2022
2005-10-14,1.4209,1.1999
2005-10-13,1.4062,1.198
2005-10-12,1.4079,1.2008
2005-10-11,1.4203,1.2022
2005-10-10,1.4208,1.2088
2005-10-07,1.4325,1.2144
2005-10-06,1.4261,1.2061
2005-10-05,1.4027,1.1947
2005-10-04,1.3935,1.1938
2005-10-03,1.3903,1.1933
2005-09-30,1.4063,1.2042
2005-09-29,1.4155,1.2063
2005-09-28,1.4171,1.2037
2005-09-27,1.4095,1.2005
2005-09-26,1.4167,1.2031
2005-09-23,1.4209,1.2118
2005-09-22,1.4244,1.2224
2005-09-21,1.4264,1.2225
2005-09-20,1.4178,1.2154
2005-09-19,1.4316,1.2139
2005-09-16,1.4487,1.2243
2005-09-15,1.4483,1.2223
2005-09-14,1.4523,1.2314
2005-09-13,1.4552,1.2276
2005-09-12,1.4587,1.2313
2005-09-09,1.4602,1.2415
2005-09-08,1.4686,1.2418
2005-09-07,1.4826,1.2451
2005-09-06,1.4865,1.2483
2005-09-05,1.4868,1.2538
2005-09-02,1.4885,1.2541
2005-09-01,1.4708,1.2388
2005-08-31,1.4552,1.2198
2005-08-30,1.4628,1.2181
2005-08-29,1.4634,1.2289
2005-08-26,1.4709,1.2307
2005-08-25,1.4621,1.2272
2005-08-24,1.4613,1.2211
2005-08-23,1.4675,1.2233
2005-08-22,1.4765,1.2231
2005-08-19,1.4831,1.2183
2005-08-18,1.4846,1.2213
2005-08-17,1.4773,1.2296
2005-08-16,1.4812,1.2313
2005-08-15,1.4801,1.2374
2005-08-12,1.4935,1.2457
2005-08-11,1.4976,1.2405
2005-08-10,1.5,1.2377
2005-08-09,1.5015,1.2367
2005-08-08,1.4996,1.237
2005-08-05,1.51,1.2386
2005-08-04,1.4984,1.2319
2005-08-03,1.4902,1.2308
2005-08-02,1.4803,1.2217
2005-08-01,1.4874,1.2219
2005-07-29,1.4856,1.2093
2005-07-28,1.494,1.21
2005-07-27,1.4846,1.199
2005-07-26,1.469,1.1987
2005-07-25,1.4711,1.2065
2005-07-22,1.4779,1.2143
2005-07-21,1.4782,1.2187
2005-07-20,1.4668,1.2063
2005-07-19,1.4617,1.1965
2005-07-18,1.469,1.2054
2005-07-15,1.4651,1.2073
2005-07-14,1.4538,1.2067
2005-07-13,1.4668,1.2184
2005-07-12,1.4742,1.2166
2005-07-11,1.4584,1.2006
2005-07-08,1.4607,1.1904
2005-07-07,1.476,1.1957
2005-07-06,1.4803,1.1913
2005-07-05,1.4747,1.1883
2005-07-04,1.4784,1.1894
2005-07-01,1.4867,1.2087
2005-06-30,1.49,1.2092
2005-06-29,1.4864,1.2054
2005-06-28,1.4919,1.2095
2005-06-27,1.5024,1.2164
2005-06-24,1.484,1.2082
2005-06-23,1.4916,1.2066
2005-06-22,1.4931,1.2111
2005-06-21,1.4971,1.2092
2005-06-20,1.5031,1.221
2005-06-17,1.5077,1.2177
2005-06-16,1.4984,1.2115
2005-06-15,1.5057,1.2069
2005-06-14,1.5218,1.211
2005-06-13,1.5165,1.2062
2005-06-10,1.5324,1.2229
2005-06-09,1.5347,1.2239
2005-06-08,1.5351,1.2324
2005-06-07,1.5286,1.2285
2005-06-06,1.5284,1.2272
2005-06-03,1.5311,1.2289
2005-06-02,1.53,1.2263
2005-06-01,1.5341,1.2228
2005-05-31,1.5531,1.2331
2005-05-30,1.5679,1.2472
2005-05-27,1.5845,1.2551
2005-05-26,1.5886,1.2523
2005-05-25,1.5831,1.2564
2005-05-24,1.5893,1.2617
2005-05-23,1.5848,1.2548
2005-05-20,1.589,1.2607
2005-05-19,1.5952,1.2642
2005-05-18,1.5976,1.2621
2005-05-17,1.6049,1.2636
2005-05-16,1.6016,1.2616
2005-05-13,1.584,1.2635
2005-05-12,1.5955,1.2771
2005-05-11,1.6001,1.2882
2005-05-10,1.5918,1.2854
2005-05-09,1.5876,1.2824
2005-05-06,1.6058,1.2947
2005-05-05,1.6158,1.2954
2005-05-04,1.6176,1.2953
2005-05-03,1.6153,1.2856
2005-05-02,1.6189,1.2863
2005-04-29,1.6191,1.2957
2005-04-28,1.6172,1.2905
2005-04-27,1.6121,1.292
2005-04-26,1.6112,1.2981
2005-04-25,1.6082,1.2966
2005-04-22,1.6148,1.3077
2005-04-21,1.6226,1.3058
2005-04-20,1.6162,1.3049
2005-04-19,1.6209,1.2996
2005-04-18,1.6193,1.2967
2005-04-15,1.6,1.2868
2005-04-14,1.5956,1.282
2005-04-13,1.5979,1.2922
2005-04-12,1.6022,1.2985
2005-04-11,1.5927,1.2971
2005-04-08,1.5749,1.2819
2005-04-07,1.5746,1.2923
2005-04-06,1.5708,1.286
2005-04-05,1.5683,1.281
2005-04-04,1.5691,1.2883
2005-04-01,1.5736,1.2959
2005-03-31,1.5737,1.2964
2005-03-30,1.5685,1.2943
2005-03-29,1.5683,1.2926
2005-03-24,1.5809,1.2982
2005-03-23,1.5834,1.305
2005-03-22,1.5872,1.3175
2005-03-21,1.6001,1.3199
2005-03-18,1.6027,1.3279
2005-03-17,1.614,1.3378
2005-03-16,1.6094,1.3373
2005-03-15,1.6113,1.3383
2005-03-14,1.6157,1.3372
2005-03-11,1.6176,1.3416
2005-03-10,1.6112,1.3409
2005-03-09,1.6145,1.3346
2005-03-08,1.6242,1.3246
2005-03-07,1.6267,1.3197
2005-03-04,1.6317,1.3115
2005-03-03,1.6341,1.3144
2005-03-02,1.6286,1.3101
2005-03-01,1.6306,1.3216
2005-02-28,1.634,1.3257
2005-02-25,1.6358,1.3165
2005-02-24,1.6511,1.326
2005-02-23,1.6271,1.3203
2005-02-22,1.6205,1.3193
2005-02-21,1.6073,1.3055
2005-02-18,1.6051,1.3039
2005-02-17,1.6101,1.3041
2005-02-16,1.6078,1.304
2005-02-15,1.6052,1.3016
2005-02-14,1.596,1.2967
2005-02-11,1.5986,1.2855
2005-02-10,1.6016,1.2777
2005-02-09,1.5949,1.2762
2005-02-08,1.6011,1.2764
2005-02-07,1.6086,1.2844
2005-02-04,1.6101,1.2958
2005-02-03,1.6123,1.3001
2005-02-02,1.6126,1.3061
2005-02-01,1.6153,1.3027
2005-01-31,1.6167,1.3035
2005-01-28,1.6167,1.3035
2005-01-27,1.6136,1.3026
2005-01-26,1.61,1.3005
2005-01-25,1.5994,1.3025
2005-01-24,1.5939,1.3065
2005-01-21,1.5938,1.2963
2005-01-20,1.5934,1.2936
2005-01-19,1.597,1.3083
2005-01-18,1.5969,1.306
2005-01-17,1.5883,1.3085
2005-01-14,1.5859,1.3091
2005-01-13,1.5917,1.3232
2005-01-12,1.5997,1.3139
2005-01-11,1.5992,1.3143
2005-01-10,1.6041,1.3103
2005-01-07,1.6226,1.32
2005-01-06,1.6224,1.3183
2005-01-05,1.6269,1.3224
2005-01-04,1.6254,1.3365
2005-01-03,1.6278,1.3507
2004-12-31,1.6416,1.3621
2004-12-30,1.6483,1.3604
2004-12-29,1.6579,1.3608
2004-12-28,1.6562,1.3633
2004-12-27,1.6625,1.3527
2004-12-24,1.6631,1.3542
2004-12-23,1.6656,1.3456
2004-12-22,1.6478,1.3384
2004-12-21,1.6424,1.3394
2004-12-20,1.6428,1.3378
2004-12-17,1.6351,1.3264
2004-12-16,1.6436,1.3401
2004-12-15,1.6479,1.3383
2004-12-14,1.6372,1.3317
2004-12-13,1.6271,1.3268
2004-12-10,1.6225,1.3191
2004-12-09,1.6275,1.3305
2004-12-08,1.6306,1.33
2004-12-07,1.6074,1.3456
2004-12-06,1.6072,1.3435
2004-12-03,1.5928,1.33
2004-12-02,1.5739,1.3314
2004-12-01,1.5845,1.3294
2004-11-30,1.5785,1.3295
2004-11-29,1.5675,1.3247
2004-11-26,1.5631,1.3238
2004-11-25,1.5572,1.3213
2004-11-24,1.5537,1.3146
2004-11-23,1.5508,1.3089
2004-11-22,1.5517,1.3033
2004-11-19,1.566,1.302
2004-11-18,1.5651,1.3024
2004-11-17,1.5506,1.3026
2004-11-16,1.5504,1.2971
2004-11-15,1.549,1.2955
2004-11-12,1.5394,1.2921
2004-11-11,1.5405,1.289
2004-11-10,1.5489,1.2977
2004-11-09,1.5397,1.2911
2004-11-08,1.544,1.2917
2004-11-05,1.5507,1.2856
2004-11-04,1.5506,1.2874
2004-11-03,1.5571,1.2754
2004-11-02,1.5559,1.2705
2004-11-01,1.5566,1.2748
2004-10-29,1.5546,1.2737
2004-10-28,1.5606,1.2711
2004-10-27,1.5628,1.2792
2004-10-26,1.5639,1.2784
2004-10-25,1.5629,1.2792
2004-10-22,1.5684,1.2606
2004-10-21,1.5716,1.2606
2004-10-20,1.5721,1.259
2004-10-19,1.5751,1.2509
2004-10-18,1.5658,1.2474
2004-10-15,1.5639,1.2414
2004-10-14,1.5534,1.2377
2004-10-13,1.5537,1.2267
2004-10-12,1.5477,1.2312
2004-10-11,1.5539,1.2392
2004-10-08,1.5475,1.2315
2004-10-07,1.5448,1.2301
2004-10-06,1.5511,1.2282
2004-10-05,1.5603,1.2304
2004-10-04,1.5608,1.2305
2004-10-01,1.5661,1.2413
2004-09-30,1.574,1.2409
2004-09-29,1.5661,1.2323
2004-09-28,1.5677,1.2335
2004-09-27,1.5648,1.2254
2004-09-24,1.5748,1.2309
2004-09-23,1.5793,1.2315
2004-09-22,1.5754,1.2245
2004-09-21,1.5855,1.2276
2004-09-20,1.5763,1.2132
2004-09-17,1.5855,1.2211
2004-09-16,1.5724,1.2158
2004-09-15,1.5889,1.2238
2004-09-14,1.5926,1.2237
2004-09-13,1.5816,1.2236
2004-09-10,1.5789,1.2219
2004-09-09,1.5705,1.2191
2004-09-08,1.5562,1.2039
2004-09-07,1.5648,1.2079
2004-09-06,1.5673,1.2071
2004-09-03,1.5802,1.2175
2004-09-02,1.5884,1.2172
2004-09-01,1.5966,1.2168
2004-08-31,1.5958,1.2111
2004-08-30,1.5845,1.2047
2004-08-27,1.5792,1.2085
2004-08-26,1.5828,1.21
2004-08-25,1.5823,1.2081
2004-08-24,1.5831,1.2139
2004-08-23,1.5923,1.225
2004-08-20,1.5975,1.2293
2004-08-19,1.6111,1.2359
2004-08-18,1.6111,1.2331
2004-08-17,1.6109,1.2338
2004-08-16,1.6176,1.2337
2004-08-13,1.6267,1.2219
2004-08-12,1.6239,1.2256
2004-08-11,1.6179,1.2233
2004-08-10,1.6178,1.2279
2004-08-09,1.6118,1.2247
2004-08-06,1.5922,1.2064
2004-08-05,1.5866,1.2042
2004-08-04,1.5844,1.1983
2004-08-03,1.6042,1.2022
2004-08-02,1.6011,1.2055
2004-07-30,1.5921,1.2039
2004-07-29,1.6028,1.2026
2004-07-28,1.6076,1.2034
2004-07-27,1.6159,1.2168
2004-07-26,1.6039,1.2163
2004-07-23,1.6085,1.2191
2004-07-22,1.6199,1.2268
2004-07-21,1.6222,1.2296
2004-07-20,1.6235,1.2385
2004-07-19,1.6271,1.2412
2004-07-16,1.6333,1.2353
2004-07-15,1.6381,1.2374
2004-07-14,1.6348,1.2381
2004-07-13,1.6345,1.2372
2004-07-12,1.6328,1.2397
2004-07-09,1.6303,1.2372
2004-07-08,1.6345,1.2348
2004-07-07,1.6318,1.2357
2004-07-06,1.6255,1.2309
2004-07-05,1.6272,1.2288
2004-07-02,1.6198,1.2148
2004-07-01,1.6172,1.2168
2004-06-30,1.6343,1.2155
2004-06-29,1.6358,1.2169
2004-06-28,1.6442,1.2208
2004-06-25,1.6348,1.2138
2004-06-24,1.633,1.2122
2004-06-23,1.6424,1.2087
2004-06-22,1.6462,1.2091
2004-06-21,1.6538,1.2112
2004-06-18,1.6511,1.2042
2004-06-17,1.654,1.2045
2004-06-16,1.6561,1.2058
2004-06-15,1.6603,1.2051
2004-06-14,1.6377,1.2001
2004-06-11,1.6428,1.2006
2004-06-10,1.6381,1.2052
2004-06-09,1.6391,1.2157
2004-06-08,1.652,1.2294
2004-06-07,1.6592,1.2319
2004-06-04,1.6604,1.2203
2004-06-03,1.6611,1.2226
2004-06-02,1.6749,1.2276
2004-06-01,1.6703,1.2231
2004-05-31,1.6611,1.2198
2004-05-28,1.6685,1.2246
2004-05-27,1.6636,1.2165
2004-05-26,1.6513,1.2106
2004-05-25,1.6495,1.2063
2004-05-24,1.6391,1.1968
2004-05-21,1.6472,1.2031
2004-05-20,1.6431,1.1922
2004-05-19,1.658,1.1989
2004-05-18,1.6733,1.1983
2004-05-17,1.6632,1.2023
2004-05-14,1.6476,1.1802
2004-05-13,1.6447,1.1823
2004-05-12,1.6471,1.1857
2004-05-11,1.6419,1.1804
2004-05-10,1.6482,1.1843
2004-05-07,1.6609,1.2073
2004-05-06,1.6682,1.2116
2004-05-05,1.671,1.2126
2004-05-04,1.6492,1.2061
2004-05-03,1.6402,1.1953
2004-04-30,1.6383,1.1947
2004-04-29,1.6239,1.1826
2004-04-28,1.6154,1.1907
2004-04-27,1.6066,1.1887
2004-04-26,1.6043,1.1851
2004-04-23,1.6105,1.1885
2004-04-22,1.6139,1.1873
2004-04-21,1.6108,1.1836
2004-04-20,1.6131,1.1926
2004-04-19,1.6213,1.2044
2004-04-16,1.608,1.1932
2004-04-15,1.6009,1.1912
2004-04-14,1.5966,1.1924
2004-04-13,1.6013,1.1975
2004-04-08,1.6009,1.2096
2004-04-07,1.5821,1.2101
2004-04-06,1.5791,1.209
2004-04-05,1.5842,1.2058
2004-04-02,1.6103,1.2318
2004-04-01,1.615,1.232
2004-03-31,1.5979,1.2224
2004-03-30,1.5922,1.2187
2004-03-29,1.5985,1.2118
2004-03-26,1.6106,1.2173
2004-03-25,1.6283,1.2132
2004-03-24,1.6307,1.2196
2004-03-23,1.6364,1.2276
2004-03-22,1.6407,1.2353
2004-03-19,1.6428,1.2344
2004-03-18,1.6414,1.2261
2004-03-17,1.6367,1.2251
2004-03-16,1.643,1.235
2004-03-15,1.6353,1.2278
2004-03-12,1.6306,1.2235
2004-03-11,1.6215,1.2256
2004-03-10,1.6262,1.2299
2004-03-09,1.6398,1.2361
2004-03-08,1.636,1.2356
2004-03-05,1.6276,1.2192
2004-03-04,1.629,1.2147
2004-03-03,1.6443,1.2143
2004-03-02,1.6618,1.2402
2004-03-01,1.6707,1.2484
2004-02-27,1.6758,1.2418
2004-02-26,1.6668,1.2444
2004-02-25,1.6809,1.2629
2004-02-24,1.682,1.2595
2004-02-23,1.6845,1.2576
2004-02-20,1.6895,1.2663
2004-02-19,1.6856,1.2724
2004-02-18,1.6862,1.2824
2004-02-17,1.6861,1.2858
2004-02-16,1.6802,1.2741
2004-02-13,1.6901,1.2816
2004-02-12,1.6911,1.2802
2004-02-11,1.689,1.268
2004-02-10,1.6898,1.2764
2004-02-09,1.6866,1.2713
2004-02-06,1.6765,1.2529
2004-02-05,1.6784,1.2583
2004-02-04,1.6811,1.2524
2004-02-03,1.674,1.2585
2004-02-02,1.6604,1.2461
2004-01-30,1.6523,1.2384
2004-01-29,1.6546,1.2468
2004-01-28,1.6525,1.2563
2004-01-27,1.6416,1.2517
2004-01-26,1.65,1.2575
2004-01-23,1.6668,1.2692
2004-01-22,1.6487,1.271
2004-01-21,1.6313,1.2607
2004-01-20,1.6206,1.2536
2004-01-19,1.6108,1.2373
2004-01-16,1.6188,1.2493
2004-01-15,1.6313,1.2635
2004-01-14,1.6159,1.2692
2004-01-13,1.6259,1.2749
2004-01-12,1.6323,1.2828
2004-01-09,1.6282,1.2737
2004-01-08,1.628,1.2634
2004-01-07,1.6311,1.2679
2004-01-06,1.6336,1.2756
2004-01-05,1.6249,1.2657
2004-01-02,1.628,1.2592
2003-12-31,1.6234,1.263
2003-12-30,1.638,1.2496
2003-12-29,1.6315,1.2499
2003-12-24,1.6349,1.2407
2003-12-23,1.6445,1.2392
2003-12-22,1.6584,1.2434
2003-12-19,1.6585,1.2418
2003-12-18,1.6496,1.2403
2003-12-17,1.6418,1.2337
2003-12-16,1.6278,1.2339
2003-12-15,1.6138,1.223
2003-12-12,1.6059,1.2254
2003-12-11,1.6094,1.2187
2003-12-10,1.6043,1.2239
2003-12-09,1.5918,1.2258
2003-12-08,1.59,1.2218
2003-12-05,1.5772,1.2087
2003-12-04,1.5785,1.2074
2003-12-03,1.5699,1.2102
2003-12-02,1.5636,1.1975
2003-12-01,1.5623,1.2019
2003-11-28,1.5552,1.1994
2003-11-27,1.5567,1.1902
2003-11-26,1.5464,1.1828
2003-11-25,1.548,1.1766
2003-11-24,1.5461,1.1823
2003-11-21,1.5549,1.1899
2003-11-20,1.5518,1.1909
2003-11-19,1.5502,1.191
2003-11-18,1.5424,1.1778
2003-11-17,1.5383,1.1802
2003-11-14,1.5292,1.1765
2003-11-13,1.5195,1.168
2003-11-12,1.516,1.16
2003-11-11,1.5104,1.1497
2003-11-10,1.5109,1.1483
2003-11-07,1.5203,1.1424
2003-11-06,1.5251,1.1449
2003-11-05,1.5279,1.1473
2003-11-04,1.5329,1.1468
2003-11-03,1.5391,1.1589
2003-10-31,1.5306,1.1622
2003-10-30,1.5337,1.1736
2003-10-29,1.531,1.1684
2003-10-28,1.5356,1.1673
2003-10-27,1.5371,1.1748
2003-10-24,1.541,1.1781
2003-10-23,1.5399,1.1786
2003-10-22,1.5388,1.1694
2003-10-21,1.5375,1.1623
2003-10-20,1.5335,1.1629
2003-10-17,1.5287,1.1579
2003-10-16,1.538,1.1615
2003-10-15,1.5496,1.1669
2003-10-14,1.5474,1.1634
2003-10-13,1.5458,1.1688
2003-10-10,1.5676,1.1788
2003-10-09,1.5709,1.1788
2003-10-08,1.5675,1.1781
2003-10-07,1.5723,1.1768
2003-10-06,1.5589,1.1579
2003-10-03,1.5663,1.1686
2003-10-02,1.5793,1.1692
2003-10-01,1.5731,1.1671
2003-09-30,1.5717,1.1652
2003-09-29,1.554,1.1413
2003-09-26,1.5557,1.1487
2003-09-25,1.5516,1.1493
2003-09-24,1.555,1.1466
2003-09-23,1.5495,1.1464
2003-09-22,1.5385,1.1468
2003-09-19,1.5341,1.1312
2003-09-18,1.5415,1.129
2003-09-17,1.5338,1.1212
2003-09-16,1.5362,1.1235
2003-09-15,1.5434,1.1281
2003-09-12,1.5327,1.1172
2003-09-11,1.5345,1.1217
2003-09-10,1.528,1.1172
2003-09-09,1.5253,1.1135
2003-09-08,1.5195,1.1071
2003-09-05,1.5002,1.0923
2003-09-04,1.4965,1.0818
2003-09-03,1.5051,1.0783
2003-09-02,1.5072,1.0849
2003-09-01,1.5118,1.0965
2003-08-29,1.5263,1.0927
2003-08-28,1.5225,1.0828
2003-08-27,1.5269,1.0907
2003-08-26,1.5163,1.0816
2003-08-25,1.5271,1.0888
2003-08-22,1.5375,1.0894
2003-08-21,1.5476,1.1009
2003-08-20,1.551,1.1109
2003-08-19,1.5477,1.1065
2003-08-18,1.5543,1.1188
2003-08-15,1.5659,1.1247
2003-08-14,1.5575,1.127
2003-08-13,1.5615,1.1277
2003-08-12,1.5656,1.1312
2003-08-11,1.5722,1.1295
2003-08-08,1.5813,1.1326
2003-08-07,1.592,1.1353
2003-08-06,1.5942,1.1392
2003-08-05,1.5958,1.1333
2003-08-04,1.582,1.1307
2003-08-01,1.5709,1.1169
2003-07-31,1.5867,1.1318
2003-07-30,1.5922,1.142
2003-07-29,1.5876,1.1462
2003-07-28,1.5901,1.1489
2003-07-25,1.5994,1.1477
2003-07-24,1.6011,1.1467
2003-07-23,1.6125,1.1401
2003-07-22,1.5951,1.1343
2003-07-21,1.5886,1.1284
2003-07-18,1.5754,1.1205
2003-07-17,1.5637,1.1231
2003-07-16,1.5542,1.1138
2003-07-15,1.5584,1.1319
2003-07-14,1.5577,1.1299
2003-07-11,1.5575,1.1315
2003-07-10,1.5724,1.1342
2003-07-09,1.5488,1.1355
2003-07-08,1.5368,1.1326
2003-07-07,1.5306,1.136
2003-07-04,1.5341,1.1466
2003-07-03,1.5394,1.1457
2003-07-02,1.5594,1.1535
2003-07-01,1.5541,1.1543
2003-06-30,1.5506,1.1427
2003-06-27,1.5448,1.1413
2003-06-26,1.5474,1.1432
2003-06-25,1.5628,1.1551
2003-06-24,1.5676,1.1565
2003-06-23,1.5755,1.1539
2003-06-20,1.5661,1.1655
2003-06-19,1.5762,1.1655
2003-06-18,1.5727,1.1699
2003-06-17,1.5868,1.1797
2003-06-16,1.5825,1.1854
2003-06-13,1.5826,1.1751
2003-06-12,1.5883,1.1734
2003-06-11,1.5937,1.1748
2003-06-10,1.59,1.1699
2003-06-09,1.6014,1.1726
2003-06-06,1.5979,1.1813
2003-06-05,1.5932,1.1775
2003-06-04,1.586,1.1691
2003-06-03,1.6034,1.1723
2003-06-02,1.6058,1.1672
2003-05-30,1.6214,1.1822
2003-05-29,1.6294,1.1756
2003-05-28,1.6243,1.1738
2003-05-27,1.6366,1.1901
2003-05-26,1.6279,1.1813
2003-05-23,1.6273,1.179
2003-05-22,1.5902,1.172
2003-05-21,1.5783,1.1689
2003-05-20,1.5777,1.1644
2003-05-19,1.5846,1.1652
2003-05-16,1.5769,1.1492
2003-05-15,1.5759,1.1458
2003-05-14,1.5977,1.1499
2003-05-13,1.6015,1.1518
2003-05-12,1.6107,1.1597
2003-05-09,1.6049,1.1466
2003-05-08,1.5984,1.1435
2003-05-07,1.5889,1.1427
2003-05-06,1.5956,1.1344
2003-05-05,1.5926,1.1218
2003-05-02,1.5925,1.1239
2003-04-30,1.6038,1.1131
2003-04-29,1.5927,1.0956
2003-04-28,1.5951,1.1025
2003-04-25,1.599,1.0973
2003-04-24,1.6112,1.1008
2003-04-23,1.5845,1.0944
2003-04-22,1.5904,1.0971
2003-04-17,1.5881,1.092
2003-04-16,1.5681,1.0836
2003-04-15,1.5696,1.0784
2003-04-14,1.5657,1.0737
2003-04-11,1.5619,1.0735
2003-04-10,1.5813,1.0805
2003-04-09,1.5773,1.0742
2003-04-08,1.576,1.066
2003-04-07,1.5758,1.0582
2003-04-04,1.5824,1.072
2003-04-03,1.5773,1.0702
2003-04-02,1.6019,1.083
2003-04-01,1.5995,1.0891
2003-03-31,1.6037,1.0895
2003-03-28,1.5736,1.073
2003-03-27,1.5711,1.0723
2003-03-26,1.5669,1.0667
2003-03-25,1.5769,1.0691
2003-03-24,1.5808,1.0634
2003-03-21,1.5654,1.0572
2003-03-20,1.5696,1.0592
2003-03-19,1.5675,1.057
2003-03-18,1.5708,1.0586
2003-03-17,1.5878,1.0801
2003-03-14,1.6034,1.0775
2003-03-13,1.6117,1.0864
2003-03-12,1.624,1.1028
2003-03-11,1.6209,1.108
2003-03-10,1.6161,1.1042
2003-03-07,1.617,1.1039
2003-03-06,1.6137,1.0963
2003-03-05,1.6157,1.0966
2003-03-04,1.6209,1.0919
2003-03-03,1.6028,1.08
2003-02-28,1.6088,1.0782
2003-02-27,1.612,1.0822
2003-02-26,1.6081,1.0753
2003-02-25,1.6059,1.0774
2003-02-24,1.6054,1.0721
2003-02-21,1.6316,1.0838
2003-02-20,1.6212,1.0763
2003-02-19,1.6229,1.0717
2003-02-18,1.6325,1.0714
2003-02-17,1.6315,1.0716
2003-02-14,1.6393,1.0793
2003-02-13,1.6411,1.0758
2003-02-12,1.6403,1.0731
2003-02-11,1.6366,1.0706
2003-02-10,1.6458,1.0808
2003-02-07,1.6434,1.0789
2003-02-06,1.648,1.0813
2003-02-05,1.6523,1.091
2003-02-04,1.6415,1.0822
2003-02-03,1.6303,1.0729
2003-01-31,1.6562,1.0816
2003-01-30,1.641,1.0748
2003-01-29,1.6543,1.0868
2003-01-28,1.6501,1.0808
2003-01-27,1.6504,1.087
2003-01-24,1.6448,1.0784
2003-01-23,1.6409,1.0757
2003-01-22,1.6408,1.0718
2003-01-21,1.6362,1.0653
2003-01-20,1.6367,1.0653
2003-01-17,1.6304,1.0652
2003-01-16,1.62,1.0564
2003-01-15,1.6234,1.0526
2003-01-14,1.6301,1.0577
2003-01-13,1.6248,1.0549
2003-01-10,1.6285,1.0503
2003-01-09,1.6371,1.0507
2003-01-08,1.6231,1.0377
2003-01-07,1.6257,1.0425
2003-01-06,1.6383,1.0488
2003-01-03,1.6264,1.0392
2003-01-02,1.6422,1.0446
2002-12-31,1.655,1.0487
2002-12-30,1.6381,1.0422
2002-12-27,1.6274,1.0376
2002-12-24,1.5976,1.0296
2002-12-23,1.5962,1.0282
2002-12-20,1.5899,1.0255
2002-12-19,1.5965,1.0273
2002-12-18,1.5882,1.024
2002-12-17,1.6047,1.0307
2002-12-16,1.5959,1.0212
2002-12-13,1.5892,1.0221
2002-12-12,1.5775,1.0156
2002-12-11,1.5693,1.0067
2002-12-10,1.5768,1.0111
2002-12-09,1.5752,1.0093
2002-12-06,1.5591,1.0006
2002-12-05,1.5578,0.9991
2002-12-04,1.5607,1.0018
2002-12-03,1.5516,0.9967
2002-12-02,1.5364,0.9871
2002-11-29,1.5586,0.9927
2002-11-28,1.5634,0.9934
2002-11-27,1.5628,0.9927
2002-11-26,1.5573,0.991
2002-11-25,1.5597,0.9905
2002-11-22,1.5837,1.0024
2002-11-21,1.5851,1.0034
2002-11-20,1.5866,1.0019
2002-11-19,1.6101,1.0125
2002-11-18,1.5934,1.0065
2002-11-15,1.5869,1.0029
2002-11-14,1.5911,1.0095
2002-11-13,1.5899,1.0068
2002-11-12,1.5844,1.0081
2002-11-11,1.5905,1.0126
2002-11-08,1.5752,1.0107
2002-11-07,1.5536,1.0013
2002-11-06,1.5507,0.9955
2002-11-05,1.5601,1.0024
2002-11-04,1.5483,0.9944
2002-11-01,1.5531,0.9974
2002-10-31,1.5449,0.9864
2002-10-30,1.5365,0.9825
2002-10-29,1.5329,0.982
2002-10-28,1.5237,0.9745
2002-10-25,1.5277,0.9763
2002-10-24,1.5221,0.9738
2002-10-23,1.5331,0.9775
2002-10-22,1.527,0.9768
2002-10-21,1.53,0.9748
2002-10-18,1.5304,0.9735
2002-10-17,1.539,0.9763
2002-10-16,1.559,0.9823
2002-10-15,1.5531,0.981
2002-10-14,1.5648,0.9873
2002-10-11,1.5648,0.9857
2002-10-10,1.5719,0.9875
2002-10-09,1.5668,0.9814
2002-10-08,1.559,0.98
2002-10-07,1.5608,0.9808
2002-10-04,1.5665,0.9865
2002-10-03,1.5733,0.989
2002-10-02,1.5556,0.9835
2002-10-01,1.5639,0.9861
2002-09-30,1.5566,0.986
2002-09-27,1.5409,0.9779
2002-09-26,1.5461,0.9796
2002-09-25,1.5495,0.9771
2002-09-24,1.5617,0.9828
2002-09-23,1.547,0.9831
2002-09-20,1.5403,0.979
2002-09-19,1.5416,0.9814
2002-09-18,1.543,0.9725
2002-09-17,1.5217,0.9649
2002-09-16,1.5318,0.9683
2002-09-13,1.5521,0.981
2002-09-12,1.5425,0.9757
2002-09-11,1.5386,0.9749
2002-09-10,1.5315,0.976
2002-09-09,1.529,0.9794
2002-09-06,1.5558,0.9918
2002-09-05,1.5691,0.9975
2002-09-04,1.5444,0.9947
2002-09-03,1.539,0.991
2002-09-02,1.5301,0.9821
2002-08-30,1.5315,0.9833
2002-08-29,1.534,0.9843
2002-08-28,1.5283,0.9826
2002-08-27,1.5154,0.9774
2002-08-26,1.5097,0.9701
2002-08-23,1.5105,0.9697
2002-08-22,1.5224,0.977
2002-08-21,1.5308,0.9762
2002-08-20,1.5387,0.9792
2002-08-19,1.5249,0.9799
2002-08-16,1.5315,0.9825
2002-08-15,1.5252,0.9777
2002-08-14,1.5426,0.9857
2002-08-13,1.5435,0.9799
2002-08-12,1.5368,0.978
2002-08-09,1.529,0.9729
2002-08-08,1.5228,0.9687
2002-08-07,1.5313,0.9698
2002-08-06,1.5486,0.9689
2002-08-05,1.5606,0.9836
2002-08-02,1.5688,0.9873
2002-08-01,1.5461,0.976
2002-07-31,1.5425,0.9783
2002-07-30,1.5456,0.9835
2002-07-29,1.5527,0.9821
2002-07-26,1.5722,1.0008
2002-07-25,1.5713,1.0014
2002-07-24,1.5742,0.9915
2002-07-23,1.5625,0.991
2002-07-22,1.5596,1.0086
2002-07-19,1.5563,1.0146
2002-07-18,1.5502,1.0058
2002-07-17,1.5512,1.0064
2002-07-16,1.5574,1.0127
2002-07-15,1.5371,1.0024
2002-07-12,1.5063,0.9873
2002-07-11,1.5001,0.9836
2002-07-10,1.5034,0.9898
2002-07-09,1.511,0.993
2002-07-08,1.497,0.9828
2002-07-05,1.4875,0.9725
2002-07-04,1.4995,0.979
2002-07-03,1.4943,0.978
2002-07-02,1.5032,0.9838
2002-07-01,1.504,0.9913
2002-06-28,1.5005,0.9975
2002-06-27,1.4844,0.9824
2002-06-26,1.4995,0.9917
2002-06-25,1.4777,0.9712
2002-06-24,1.4836,0.9781
2002-06-21,1.4728,0.9636
2002-06-20,1.4737,0.9592
2002-06-19,1.4747,0.9561
2002-06-18,1.4635,0.9484
2002-06-17,1.4594,0.9426
2002-06-14,1.4648,0.9478
2002-06-13,1.4491,0.9417
2002-06-12,1.4541,0.9452
2002-06-11,1.4516,0.9417
2002-06-10,1.4527,0.9459
2002-06-07,1.4475,0.9452
2002-06-06,1.4366,0.9386
2002-06-05,1.4375,0.9371
2002-06-04,1.4417,0.9435
2002-06-03,1.4287,0.9313
2002-05-31,1.4382,0.9387
2002-05-30,1.4383,0.9375
2002-05-29,1.4244,0.932
2002-05-28,1.4184,0.9255
2002-05-27,1.4114,0.919
2002-05-24,1.4157,0.9188
2002-05-23,1.4162,0.9213
2002-05-22,1.4251,0.926
2002-05-21,1.4169,0.9213
2002-05-20,1.4182,0.9202
2002-05-17,1.4189,0.9152
2002-05-16,1.4184,0.9124
2002-05-15,1.4081,0.903
2002-05-14,1.4127,0.9062
2002-05-13,1.4199,0.9118
2002-05-10,1.4234,0.9118
2002-05-09,1.4222,0.9061
2002-05-08,1.4238,0.9088
2002-05-07,1.4322,0.9125
2002-05-06,1.431,0.9144
2002-05-03,1.4165,0.9083
2002-05-02,1.4123,0.9032
2002-04-30,1.4126,0.9008
2002-04-29,1.413,0.9038
2002-04-26,1.4034,0.8971
2002-04-25,1.4032,0.8969
2002-04-24,1.3959,0.8892
2002-04-23,1.3953,0.8872
2002-04-22,1.3974,0.8882
2002-04-19,1.3992,0.8886
2002-04-18,1.3986,0.8895
2002-04-17,1.4014,0.888
2002-04-16,1.3974,0.8803
2002-04-15,1.3964,0.8802
2002-04-12,1.3989,0.8803
2002-04-11,1.3978,0.8794
2002-04-10,1.4023,0.8798
2002-04-09,1.3985,0.8763
2002-04-08,1.3957,0.8778
2002-04-05,1.3997,0.8786
2002-04-04,1.4029,0.8818
2002-04-03,1.401,0.8803
2002-04-02,1.4059,0.8786
2002-03-28,1.3923,0.8724
2002-03-27,1.3897,0.8746
2002-03-26,1.3927,0.8737
2002-03-25,1.3871,0.8759
2002-03-22,1.3859,0.8795
2002-03-21,1.3956,0.8817
2002-03-20,1.3908,0.8814
2002-03-19,1.3969,0.8829
2002-03-18,1.3951,0.8792
2002-03-15,1.4098,0.8853
2002-03-14,1.4055,0.8803
2002-03-13,1.385,0.8734
2002-03-12,1.3831,0.8733
2002-03-11,1.3872,0.8741
2002-03-08,1.3946,0.8797
2002-03-07,1.3855,0.8764
2002-03-06,1.3836,0.8712
2002-03-05,1.3798,0.8682
2002-03-04,1.3762,0.8649
2002-03-01,1.3886,0.8679
2002-02-28,1.3886,0.8651
2002-02-27,1.3896,0.8649
2002-02-26,1.3939,0.8682
2002-02-25,1.3938,0.8724
2002-02-22,1.3914,0.8747
2002-02-21,1.3823,0.8701
2002-02-20,1.3908,0.8743
2002-02-19,1.3814,0.8692
2002-02-18,1.3862,0.8715
2002-02-15,1.3852,0.8705
2002-02-14,1.3819,0.8693
2002-02-13,1.3926,0.8731
2002-02-12,1.393,0.8753
2002-02-11,1.4015,0.8794
2002-02-08,1.3956,0.874
2002-02-07,1.3902,0.8664
2002-02-06,1.3879,0.8664
2002-02-05,1.3881,0.8683
2002-02-04,1.3747,0.8644
2002-02-01,1.3709,0.8632
2002-01-31,1.3672,0.8637
2002-01-30,1.3712,0.8642
2002-01-29,1.3697,0.8624
2002-01-28,1.383,0.8578
2002-01-25,1.3934,0.8663
2002-01-24,1.403,0.8767
2002-01-23,1.4233,0.8856
2002-01-22,1.4202,0.883
2002-01-21,1.4297,0.884
2002-01-18,1.4219,0.881
2002-01-17,1.423,0.8819
2002-01-16,1.4027,0.8817
2002-01-15,1.4209,0.8922
2002-01-14,1.4252,0.8927
2002-01-11,1.4292,0.8919
2002-01-10,1.4254,0.8909
2002-01-09,1.4231,0.8921
2002-01-08,1.4267,0.8909
2002-01-07,1.4212,0.8905
2002-01-04,1.4305,0.8954
2002-01-03,1.4422,0.9036
2002-01-02,1.4436,0.9038
2001-12-28,1.4077,0.8813
2001-12-27,1.4134,0.8823
2001-12-24,1.4044,0.8798
2001-12-21,1.4145,0.8943
2001-12-20,1.4155,0.8973
2001-12-19,1.4169,0.8983
2001-12-18,1.4141,0.9012
2001-12-17,1.4129,0.9049
2001-12-14,1.414,0.9016
2001-12-13,1.4066,0.8975
2001-12-12,1.4005,0.8938
2001-12-11,1.4063,0.8908
2001-12-10,1.3966,0.885
2001-12-07,1.405,0.8911
2001-12-06,1.3973,0.8889
2001-12-05,1.4035,0.8919
2001-12-04,1.4007,0.8902
2001-12-03,1.4054,0.8925
2001-11-30,1.4057,0.8898
2001-11-29,1.4061,0.8887
2001-11-28,1.4031,0.8831
2001-11-27,1.4,0.8788
2001-11-26,1.41,0.8818
2001-11-23,1.4055,0.8795
2001-11-22,1.4048,0.8778
2001-11-21,1.4052,0.8791
2001-11-20,1.4044,0.8824
2001-11-19,1.3928,0.8793
2001-11-16,1.4075,0.8845
2001-11-15,1.4049,0.8825
2001-11-14,1.4,0.8803
2001-11-13,1.4113,0.8842
2001-11-12,1.429,0.8919
2001-11-09,1.4278,0.893
2001-11-08,1.4324,0.8972
2001-11-07,1.4354,0.9014
2001-11-06,1.4282,0.8961
2001-11-05,1.4272,0.8961
2001-11-02,1.4464,0.9056
2001-11-01,1.4486,0.9097
2001-10-31,1.4347,0.9042
2001-10-30,1.4281,0.9064
2001-10-29,1.4199,0.9005
2001-10-26,1.4027,0.8911
2001-10-25,1.3992,0.8889
2001-10-24,1.4033,0.8917
2001-10-23,1.4008,0.8887
2001-10-22,1.4136,0.8969
2001-10-19,1.4204,0.9009
2001-10-18,1.4211,0.9026
2001-10-17,1.4121,0.9022
2001-10-16,1.411,0.9052
2001-10-15,1.4205,0.9097
2001-10-12,1.4114,0.904
2001-10-11,1.4196,0.9062
2001-10-10,1.4306,0.9136
2001-10-09,1.4335,0.9193
2001-10-08,1.44,0.9214
2001-10-05,1.4382,0.9174
2001-10-04,1.4283,0.9117
2001-10-03,1.4431,0.9209
2001-10-02,1.443,0.9189
2001-10-01,1.4407,0.9125
2001-09-28,1.4418,0.9131
2001-09-27,1.4478,0.9205
2001-09-26,1.4475,0.9219
2001-09-25,1.4382,0.9176
2001-09-24,1.4372,0.9164
2001-09-21,1.4385,0.92
2001-09-20,1.4524,0.9259
2001-09-19,1.455,0.9258
2001-09-18,1.4535,0.9256
2001-09-17,1.4555,0.9269
2001-09-14,1.4483,0.9219
2001-09-13,1.4158,0.906
2001-09-12,1.4151,0.9052
2001-09-11,1.3984,0.8964
2001-09-10,1.4175,0.9047
2001-09-07,1.3942,0.8952
2001-09-06,1.3784,0.8855
2001-09-05,1.3874,0.8891
2001-09-04,1.3899,0.897
2001-09-03,1.4075,0.9072
2001-08-31,1.4143,0.9158
2001-08-30,1.4047,0.9095
2001-08-29,1.4053,0.9122
2001-08-28,1.3958,0.9042
2001-08-27,1.4009,0.909
2001-08-24,1.4048,0.9108
2001-08-23,1.4072,0.9112
2001-08-22,1.4272,0.9216
2001-08-21,1.4107,0.9128
2001-08-20,1.4145,0.9149
2001-08-17,1.4053,0.9138
2001-08-16,1.3962,0.9144
2001-08-15,1.3955,0.9114
2001-08-14,1.3802,0.8968
2001-08-13,1.383,0.8991
2001-08-10,1.3793,0.8936
2001-08-09,1.3584,0.8853
2001-08-08,1.3441,0.8763
2001-08-07,1.3395,0.8768
2001-08-06,1.3465,0.8805
2001-08-03,1.3516,0.8806
2001-08-02,1.3515,0.8788
2001-08-01,1.3553,0.8817
2001-07-31,1.3389,0.8755
2001-07-30,1.3407,0.8751
2001-07-27,1.3426,0.8768
2001-07-26,1.3465,0.8764
2001-07-25,1.3506,0.8793
2001-07-24,1.3401,0.8708
2001-07-23,1.34,0.8676
2001-07-20,1.3531,0.8776
2001-07-19,1.3432,0.8723
2001-07-18,1.3242,0.863
2001-07-17,1.3083,0.8516
2001-07-16,1.3209,0.8583
2001-07-13,1.3093,0.8539
2001-07-12,1.3024,0.8538
2001-07-11,1.3102,0.8611
2001-07-10,1.298,0.8545
2001-07-09,1.2841,0.8459
2001-07-06,1.2698,0.8384
2001-07-05,1.2729,0.8422
2001-07-04,1.2776,0.8453
2001-07-03,1.284,0.8497
2001-07-02,1.28,0.8455
2001-06-29,1.2927,0.848
2001-06-28,1.2955,0.8511
2001-06-27,1.3033,0.8622
2001-06-26,1.3085,0.8611
2001-06-25,1.3099,0.8607
2001-06-22,1.3002,0.8528
2001-06-21,1.3076,0.8552
2001-06-20,1.3072,0.8513
2001-06-19,1.3124,0.8563
2001-06-18,1.3122,0.8581
2001-06-15,1.3244,0.8662
2001-06-14,1.2925,0.8492
2001-06-13,1.3014,0.8542
2001-06-12,1.2915,0.8474
2001-06-11,1.2884,0.8494
2001-06-08,1.2864,0.8468
2001-06-07,1.2878,0.8466
2001-06-06,1.3047,0.8543
2001-06-05,1.3005,0.8465
2001-06-04,1.3046,0.8513
2001-06-01,1.3009,0.8478
2001-05-31,1.3146,0.848
2001-05-30,1.3194,0.8558
2001-05-29,1.3167,0.8552
2001-05-28,1.3253,0.8584
2001-05-25,1.324,0.8591
2001-05-24,1.3345,0.8604
2001-05-23,1.3269,0.8585
2001-05-22,1.3361,0.8685
2001-05-21,1.3432,0.8754
2001-05-18,1.3486,0.8777
2001-05-17,1.354,0.8815
2001-05-16,1.3666,0.8834
2001-05-15,1.3621,0.8768
2001-05-14,1.358,0.8745
2001-05-11,1.3529,0.8773
2001-05-10,1.3627,0.885
2001-05-09,1.3602,0.8827
2001-05-08,1.3677,0.8866
2001-05-07,1.3686,0.8919
2001-05-04,1.3686,0.8939
2001-05-03,1.3656,0.8903
2001-05-02,1.3641,0.8907
2001-04-30,1.37,0.8876
2001-04-27,1.3929,0.9023
2001-04-26,1.3922,0.9013
2001-04-25,1.3804,0.8947
2001-04-24,1.3896,0.8973
2001-04-23,1.3912,0.9002
2001-04-20,1.3891,0.8989
2001-04-19,1.3731,0.8827
2001-04-18,1.377,0.8778
2001-04-17,1.3727,0.8791
2001-04-12,1.379,0.8849
2001-04-11,1.3765,0.884
2001-04-10,1.3949,0.8945
2001-04-09,1.4095,0.9018
2001-04-06,1.4075,0.894
2001-04-05,1.4204,0.902
2001-04-04,1.4208,0.9032
2001-04-03,1.3974,0.8845
2001-04-02,1.3808,0.8772
2001-03-30,1.3904,0.8832
2001-03-29,1.3884,0.884
2001-03-28,1.3935,0.886
2001-03-27,1.3962,0.8952
2001-03-26,1.3952,0.8935
2001-03-23,1.3973,0.8922
2001-03-22,1.3975,0.8889
2001-03-21,1.4138,0.899
2001-03-20,1.412,0.902
2001-03-19,1.4098,0.8996
2001-03-16,1.4008,0.8947
2001-03-15,1.413,0.9064
2001-03-14,1.4202,0.9182
2001-03-13,1.4287,0.9202
2001-03-12,1.4358,0.9272
2001-03-09,1.4463,0.9357
2001-03-08,1.4451,0.9312
2001-03-07,1.4395,0.9307
2001-03-06,1.4314,0.9279
2001-03-05,1.4362,0.9305
2001-03-02,1.4488,0.9363
2001-03-01,1.4273,0.9269
2001-02-28,1.4151,0.9248
2001-02-27,1.4012,0.9163
2001-02-26,1.3969,0.9105
2001-02-23,1.3937,0.9064
2001-02-22,1.3916,0.9056
2001-02-21,1.4097,0.9146
2001-02-20,1.3928,0.907
2001-02-19,1.4202,0.9213
2001-02-16,1.3991,0.9113
2001-02-15,1.3901,0.909
2001-02-14,1.3969,0.9178
2001-02-13,1.4145,0.9275
2001-02-12,1.4064,0.9288
2001-02-09,1.3931,0.9227
2001-02-08,1.3916,0.922
2001-02-07,1.4092,0.9325
2001-02-06,1.4084,0.9322
2001-02-05,1.4107,0.9425
2001-02-02,1.4046,0.9407
2001-02-01,1.4075,0.9406
2001-01-31,1.3954,0.9293
2001-01-30,1.3809,0.9197
2001-01-29,1.3825,0.9193
2001-01-26,1.3878,0.9228
2001-01-25,1.3861,0.9146
2001-01-24,1.4059,0.9294
2001-01-23,1.4157,0.9407
2001-01-22,1.4023,0.929
2001-01-19,1.4185,0.94
2001-01-18,1.4196,0.9404
2001-01-17,1.4164,0.9396
2001-01-16,1.4141,0.9412
2001-01-15,1.417,0.9428
2001-01-12,1.4244,0.9545
2001-01-11,1.4259,0.9523
2001-01-10,1.4082,0.9412
2001-01-09,1.4063,0.9401
2001-01-08,1.4212,0.9497
2001-01-05,1.4348,0.9545
2001-01-04,1.4141,0.9458
2001-01-03,1.4266,0.953
2001-01-02,1.4115,0.9423
2000-12-29,1.3965,0.9305
2000-12-28,1.4022,0.9285
2000-12-27,1.4062,0.931
2000-12-22,1.4053,0.924
2000-12-21,1.3924,0.9146
2000-12-20,1.3807,0.9059
2000-12-19,1.3587,0.8903
2000-12-18,1.3681,0.8966
2000-12-15,1.362,0.8984
2000-12-14,1.3424,0.8839
2000-12-13,1.3376,0.8748
2000-12-12,1.341,0.8782
2000-12-11,1.3373,0.8804
2000-12-08,1.3582,0.8895
2000-12-07,1.3647,0.8943
2000-12-06,1.3621,0.8828
2000-12-05,1.3573,0.881
2000-12-04,1.3814,0.8908
2000-12-01,1.3361,0.8735
2000-11-30,1.3375,0.8684
2000-11-29,1.3275,0.865
2000-11-28,1.3095,0.8561
2000-11-27,1.2934,0.8406
2000-11-24,1.3037,0.8436
2000-11-23,1.3025,0.8427
2000-11-22,1.3062,0.8429
2000-11-21,1.3194,0.8474
2000-11-20,1.3213,0.8488
2000-11-17,1.3288,0.8535
2000-11-16,1.3297,0.8569
2000-11-15,1.3316,0.8596
2000-11-14,1.3228,0.8583
2000-11-13,1.3338,0.862
2000-11-10,1.3434,0.8673
2000-11-09,1.3158,0.8531
2000-11-08,1.3157,0.8559
2000-11-07,1.3126,0.8587
2000-11-06,1.3283,0.8667
2000-11-03,1.3354,0.873
2000-11-02,1.3261,0.8646
2000-11-01,1.3038,0.8554
2000-10-31,1.2887,0.8417
2000-10-30,1.299,0.8482
2000-10-27,1.2666,0.8324
2000-10-26,1.2491,0.8252
2000-10-25,1.2644,0.8307
2000-10-24,1.2679,0.8386
2000-10-23,1.2679,0.8377
2000-10-20,1.2774,0.8452
2000-10-19,1.272,0.8411
2000-10-18,1.294,0.8525
2000-10-17,1.2922,0.8496
2000-10-16,1.2851,0.8511
2000-10-13,1.3093,0.8627
2000-10-12,1.3021,0.8648
2000-10-11,1.3106,0.872
2000-10-10,1.31,0.8721
2000-10-09,1.3069,0.8695
2000-10-06,1.2997,0.8703
2000-10-05,1.3146,0.8786
2000-10-04,1.3098,0.873
2000-10-03,1.3212,0.8763
2000-10-02,1.3235,0.8802
2000-09-29,1.3198,0.8765
2000-09-28,1.3241,0.8832
2000-09-27,1.3206,0.8861
2000-09-26,1.3029,0.8757
2000-09-25,1.3054,0.877
2000-09-22,1.3251,0.889
2000-09-21,1.2671,0.8524
2000-09-20,1.2549,0.8476
2000-09-19,1.2699,0.8541
2000-09-18,1.2658,0.8526
2000-09-15,1.2815,0.8615
2000-09-14,1.2956,0.8693
2000-09-13,1.2801,0.8654
2000-09-12,1.2751,0.8614
2000-09-11,1.2716,0.8609
2000-09-08,1.2884,0.8735
2000-09-07,1.2873,0.8676
2000-09-06,1.3032,0.8818
2000-09-05,1.3109,0.8886
2000-09-04,1.3255,0.9
2000-09-01,1.3102,0.8902
2000-08-31,1.3141,0.8906
2000-08-30,1.322,0.8909
2000-08-29,1.3288,0.8965
2000-08-28,1.3371,0.9007
2000-08-25,1.3361,0.9021
2000-08-24,1.3375,0.9012
2000-08-23,1.3237,0.8918
2000-08-22,1.3264,0.8972
2000-08-21,1.3288,0.9023
2000-08-18,1.3468,0.9127
2000-08-17,1.3505,0.914
2000-08-16,1.3441,0.9072
2000-08-15,1.3564,0.9118
2000-08-14,1.3364,0.9011
2000-08-11,1.3545,0.9132
2000-08-10,1.3392,0.9031
2000-08-09,1.3351,0.8973
2000-08-08,1.3452,0.9047
2000-08-07,1.3575,0.9084
2000-08-04,1.3424,0.9031
2000-08-03,1.3372,0.9028
2000-08-02,1.3544,0.9142
2000-08-01,1.3794,0.9264
2000-07-31,1.3702,0.9243
2000-07-28,1.3663,0.9276
2000-07-27,1.3773,0.9389
2000-07-26,1.3772,0.939
2000-07-25,1.3803,0.941
2000-07-24,1.37,0.9332
2000-07-21,1.3783,0.9363
2000-07-20,1.3625,0.922
2000-07-19,1.3595,0.9216
2000-07-18,1.3849,0.9353
2000-07-17,1.3877,0.9352
2000-07-14,1.3863,0.9344
2000-07-13,1.3861,0.9349
2000-07-12,1.4034,0.9499
2000-07-11,1.4066,0.9527
2000-07-10,1.4098,0.9523
2000-07-07,1.407,0.9483
2000-07-06,1.4197,0.9542
2000-07-05,1.4179,0.9537
2000-07-04,1.4054,0.9487
2000-07-03,1.4049,0.9493
2000-06-30,1.4157,0.9556
2000-06-29,1.4052,0.9504
2000-06-28,1.394,0.9415
2000-06-27,1.3939,0.9401
2000-06-26,1.3873,0.9327
2000-06-23,1.3876,0.9413
2000-06-22,1.3876,0.9405
2000-06-21,1.394,0.947
2000-06-20,1.3998,0.9538
2000-06-19,1.4143,0.964
2000-06-16,1.4097,0.9565
2000-06-15,1.4011,0.9524
2000-06-14,1.4168,0.9636
2000-06-13,1.4102,0.9583
2000-06-12,1.4058,0.9527
2000-06-09,1.3982,0.949
2000-06-08,1.4271,0.9668
2000-06-07,1.4093,0.9554
2000-06-06,1.4017,0.9485
2000-06-05,1.3905,0.9433
2000-06-02,1.3944,0.9355
2000-06-01,1.3958,0.933
2000-05-31,1.3982,0.9303
2000-05-30,1.4065,0.9359
2000-05-29,1.3915,0.9262
2000-05-26,1.3733,0.9143
2000-05-25,1.36,0.8981
2000-05-24,1.3714,0.9098
2000-05-23,1.3616,0.9111
2000-05-22,1.345,0.9
2000-05-19,1.3324,0.8875
2000-05-18,1.3443,0.8942
2000-05-17,1.3289,0.8922
2000-05-16,1.3475,0.9065
2000-05-15,1.3608,0.9147
2000-05-12,1.3431,0.9029
2000-05-11,1.3565,0.9079
2000-05-10,1.3593,0.9107
2000-05-09,1.3418,0.8978
2000-05-08,1.333,0.8952
2000-05-05,1.3457,0.8984
2000-05-04,1.336,0.8947
2000-05-03,1.3252,0.8913
2000-05-02,1.3465,0.9116
2000-04-28,1.3457,0.9085
2000-04-27,1.3543,0.9163
2000-04-26,1.3492,0.9193
2000-04-25,1.3724,0.9302
2000-04-20,1.3815,0.9376
2000-04-19,1.3994,0.9461
2000-04-18,1.4142,0.9497
2000-04-17,1.4184,0.9573
2000-04-14,1.4063,0.954
2000-04-13,1.3931,0.9537
2000-04-12,1.4018,0.9576
2000-04-11,1.4017,0.9594
2000-04-10,1.3989,0.959
2000-04-07,1.3917,0.9564
2000-04-06,1.3946,0.9625
2000-04-05,1.4078,0.9673
2000-04-04,1.3842,0.9538
2000-04-03,1.3873,0.9564
2000-03-31,1.3879,0.9553
2000-03-30,1.3922,0.9555
2000-03-29,1.3935,0.9568
2000-03-28,1.406,0.9647
2000-03-27,1.4207,0.9712
2000-03-24,1.4238,0.9715
2000-03-23,1.4203,0.9656
2000-03-22,1.4106,0.9603
2000-03-21,1.4259,0.9701
2000-03-20,1.4282,0.9715
2000-03-17,1.4277,0.9672
2000-03-16,1.417,0.9663
2000-03-15,1.4142,0.9647
2000-03-14,1.4054,0.962
2000-03-13,1.4166,0.9716
2000-03-10,1.3981,0.9613
2000-03-09,1.402,0.9616
2000-03-08,1.3917,0.9543
2000-03-07,1.3939,0.9593
2000-03-06,1.3976,0.964
2000-03-03,1.4051,0.9659
2000-03-02,1.4123,0.9725
2000-03-01,1.3968,0.9667
2000-02-29,1.4097,0.9714
2000-02-28,1.3969,0.9639
2000-02-25,1.4265,0.9813
2000-02-24,1.4479,0.9898
2000-02-23,1.4754,1.0068
2000-02-22,1.4586,1.0022
2000-02-21,1.4317,0.9857
2000-02-18,1.4288,0.9857
2000-02-17,1.4409,0.9919
2000-02-16,1.4279,0.9804
2000-02-15,1.4259,0.9778
2000-02-14,1.4308,0.9867
2000-02-11,1.4173,0.9801
2000-02-10,1.4317,0.9868
2000-02-09,1.4334,0.9934
2000-02-08,1.4354,0.9903
2000-02-07,1.4045,0.9767
2000-02-04,1.4182,0.9835
2000-02-03,1.4045,0.9748
2000-02-02,1.4098,0.9717
2000-02-01,1.4121,0.971
2000-01-31,1.4195,0.9791
2000-01-28,1.4178,0.9848
2000-01-27,1.4331,0.9976
2000-01-26,1.4405,1.0019
2000-01-25,1.4444,1.0008
2000-01-24,1.446,1.0027
2000-01-21,1.4607,1.0097
2000-01-20,1.4625,1.0089
2000-01-19,1.4647,1.0105
2000-01-18,1.4626,1.0093
2000-01-17,1.4651,1.0094
2000-01-14,1.4819,1.0225
2000-01-13,1.4897,1.0276
2000-01-12,1.5017,1.0308
2000-01-11,1.4963,1.0256
2000-01-10,1.4873,1.0229
2000-01-07,1.501,1.0284
2000-01-06,1.5091,1.0388
2000-01-05,1.5065,1.0368
2000-01-04,1.4936,1.0305
2000-01-03,1.4577,1.009
1999-12-30,1.4608,1.0046
1999-12-29,1.4613,1.0072
1999-12-28,1.4678,1.0089
1999-12-27,1.4868,1.0134
1999-12-24,1.4919,1.0142
1999-12-23,1.489,1.0089
1999-12-22,1.4877,1.0074
1999-12-21,1.4932,1.0084
1999-12-20,1.4944,1.0096
1999-12-17,1.4963,1.0128
1999-12-16,1.504,1.0146
1999-12-15,1.4867,1.0021
1999-12-14,1.4866,1.0038
1999-12-13,1.4966,1.0128
1999-12-10,1.4968,1.0141
1999-12-09,1.5046,1.0175
1999-12-08,1.5134,1.0236
1999-12-07,1.5087,1.0239
1999-12-06,1.5078,1.0182
1999-12-03,1.4823,1.0015
1999-12-02,1.4877,1.0057
1999-12-01,1.4882,1.0091
1999-11-30,1.4868,1.0097
1999-11-29,1.4837,1.0077
1999-11-26,1.4809,1.0101
1999-11-25,1.4971,1.0194
1999-11-24,1.4981,1.0215
1999-11-23,1.511,1.0315
1999-11-22,1.5089,1.0311
1999-11-19,1.5053,1.0279
1999-11-18,1.522,1.038
1999-11-17,1.5238,1.0408
1999-11-16,1.515,1.0336
1999-11-15,1.5076,1.0301
1999-11-12,1.5082,1.0308
1999-11-11,1.5275,1.0406
1999-11-10,1.5289,1.0402
1999-11-09,1.532,1.0424
1999-11-08,1.526,1.0405
1999-11-05,1.5176,1.0408
1999-11-04,1.5378,1.0504
1999-11-03,1.541,1.0491
1999-11-02,1.5395,1.0507
1999-11-01,1.5526,1.0572
1999-10-29,1.5419,1.0453
1999-10-28,1.5508,1.0534
1999-10-27,1.554,1.0552
1999-10-26,1.5626,1.0633
1999-10-25,1.5809,1.0683
1999-10-22,1.5907,1.0758
1999-10-21,1.6072,1.0797
1999-10-20,1.6032,1.0777
1999-10-19,1.6155,1.0818
1999-10-18,1.618,1.0868
1999-10-15,1.6094,1.0869
1999-10-14,1.5946,1.0758
1999-10-13,1.5916,1.0778
1999-10-12,1.573,1.0668
1999-10-11,1.5656,1.0631
1999-10-08,1.5656,1.0657
1999-10-07,1.5759,1.0729
1999-10-06,1.5774,1.0737
1999-10-05,1.5678,1.0686
1999-10-04,1.5809,1.0719
1999-10-01,1.57,1.0728
1999-09-30,1.5652,1.0665
1999-09-29,1.5444,1.0563
1999-09-28,1.5335,1.0483
1999-09-27,1.5297,1.0414
1999-09-24,1.5431,1.0476
1999-09-23,1.534,1.043
1999-09-22,1.5449,1.0509
1999-09-21,1.5326,1.0388
1999-09-20,1.5363,1.0406
1999-09-17,1.528,1.0397
1999-09-16,1.5324,1.0372
1999-09-15,1.5325,1.0369
1999-09-14,1.5235,1.0362
1999-09-13,1.524,1.0342
1999-09-10,1.5578,1.052
1999-09-09,1.5731,1.0592
1999-09-08,1.5813,1.0613
1999-09-07,1.5729,1.0565
1999-09-06,1.5788,1.0594
1999-09-03,1.5988,1.0682
1999-09-02,1.5878,1.0662
1999-09-01,1.5852,1.0613
1999-08-31,1.5753,1.0573
1999-08-30,1.5547,1.0454
1999-08-27,1.5619,1.045
1999-08-26,1.5698,1.0452
1999-08-25,1.5576,1.0433
1999-08-24,1.5735,1.0512
1999-08-23,1.5873,1.0606
1999-08-20,1.5971,1.0667
1999-08-19,1.5649,1.0517
1999-08-18,1.5604,1.0517
1999-08-17,1.5575,1.0527
1999-08-16,1.5607,1.0553
1999-08-13,1.5826,1.0667
1999-08-12,1.5816,1.0638
1999-08-11,1.5926,1.0668
1999-08-10,1.6129,1.0737
1999-08-09,1.6056,1.0705
1999-08-06,1.6108,1.074
1999-08-05,1.6102,1.0791
1999-08-04,1.6114,1.0761
1999-08-03,1.5944,1.0645
1999-08-02,1.6093,1.0665
1999-07-30,1.6099,1.0694
1999-07-29,1.6114,1.068
1999-07-28,1.6042,1.0603
1999-07-27,1.6038,1.0627
1999-07-26,1.6203,1.0698
1999-07-23,1.582,1.0496
1999-07-22,1.5776,1.0499
1999-07-21,1.5656,1.0462
1999-07-20,1.5507,1.041
1999-07-19,1.5123,1.0146
1999-07-16,1.5136,1.0202
1999-07-15,1.5109,1.0201
1999-07-14,1.5116,1.0168
1999-07-13,1.5097,1.0183
1999-07-12,1.4967,1.0124
1999-07-09,1.5003,1.0204
1999-07-08,1.4967,1.0182
1999-07-07,1.5018,1.0222
1999-07-06,1.4984,1.0221
1999-07-05,1.4985,1.0232
1999-07-02,1.5066,1.0241
1999-07-01,1.5035,1.0264
1999-06-30,1.5262,1.0328
1999-06-29,1.5258,1.0364
1999-06-28,1.5242,1.0388
1999-06-25,1.5353,1.0443
1999-06-24,1.5165,1.0321
1999-06-23,1.5104,1.028
1999-06-22,1.5176,1.0313
1999-06-21,1.5119,1.0339
1999-06-18,1.5215,1.0388
1999-06-17,1.5046,1.034
1999-06-16,1.5138,1.0345
1999-06-15,1.5207,1.0392
1999-06-14,1.5234,1.0437
1999-06-11,1.5273,1.0474
1999-06-10,1.5395,1.0474
1999-06-09,1.5413,1.0466
1999-06-08,1.5242,1.0385
1999-06-07,1.5148,1.0316
1999-06-04,1.5233,1.0315
1999-06-03,1.5344,1.0382
1999-06-02,1.54,1.0382
1999-06-01,1.5405,1.0434
1999-05-31,1.5411,1.0456
1999-05-28,1.5463,1.0479
1999-05-27,1.5374,1.0473
1999-05-26,1.5446,1.0535
1999-05-25,1.5481,1.0627
1999-05-24,1.5458,1.0585
1999-05-21,1.5442,1.0572
1999-05-20,1.5593,1.0639
1999-05-19,1.5598,1.0634
1999-05-18,1.5585,1.069
1999-05-17,1.5683,1.0685
1999-05-14,1.5561,1.0676
1999-05-13,1.554,1.0622
1999-05-12,1.5495,1.0645
1999-05-11,1.5618,1.0732
1999-05-10,1.5662,1.0735
1999-05-07,1.5725,1.0786
1999-05-06,1.563,1.0799
1999-05-05,1.5535,1.0667
1999-05-04,1.5343,1.0564
1999-05-03,1.5415,1.0589
1999-04-30,1.5519,1.0597
1999-04-29,1.5607,1.0604
1999-04-28,1.5725,1.0666
1999-04-27,1.5744,1.063
1999-04-26,1.5692,1.0614
1999-04-23,1.5725,1.0634
1999-04-22,1.573,1.0581
1999-04-21,1.5775,1.0586
1999-04-20,1.5825,1.0646
1999-04-19,1.5759,1.0636
1999-04-16,1.5851,1.0668
1999-04-15,1.6114,1.0786
1999-04-14,1.6103,1.0787
1999-04-13,1.6049,1.0765
1999-04-12,1.6281,1.0867
1999-04-09,1.6202,1.0778
1999-04-08,1.6215,1.0818
1999-04-07,1.6246,1.0812
1999-04-06,1.614,1.0726
1999-04-05,1.6096,1.0752
1999-04-02,1.6162,1.0772
1999-04-01,1.6205,1.0772
1999-03-31,1.6211,1.0742
1999-03-30,1.6223,1.0711
1999-03-29,1.6185,1.0692
1999-03-26,1.6281,1.0815
1999-03-25,1.6471,1.0898
1999-03-24,1.647,1.0928
1999-03-23,1.6415,1.0896
1999-03-22,1.6426,1.0864
1999-03-19,1.6543,1.0915
1999-03-18,1.6728,1.1012
1999-03-17,1.6685,1.0966
1999-03-16,1.6658,1.0901
1999-03-15,1.6712,1.0949
1999-03-12,1.6658,1.0932
1999-03-11,1.6586,1.0891
1999-03-10,1.6607,1.0953
1999-03-09,1.6447,1.0863
1999-03-08,1.6527,1.0908
1999-03-05,1.6489,1.0834
1999-03-04,1.6609,1.0866
1999-03-03,1.6615,1.0899
1999-03-02,1.6605,1.0887
1999-03-01,1.6579,1.0986
1999-02-26,1.6684,1.1018
1999-02-25,1.6543,1.1031
1999-02-24,1.6582,1.1037
1999-02-23,1.6423,1.0969
1999-02-22,1.6351,1.0992
1999-02-19,1.6616,1.1163
1999-02-18,1.676,1.1232
1999-02-17,1.688,1.1253
1999-02-16,1.6807,1.1176
1999-02-15,1.6781,1.1238
1999-02-12,1.6752,1.1244
1999-02-11,1.685,1.1312
1999-02-10,1.6945,1.1342
1999-02-09,1.6944,1.1333
1999-02-08,1.6725,1.1246
1999-02-05,1.6765,1.1292
1999-02-04,1.6951,1.1263
1999-02-03,1.7151,1.1337
1999-02-02,1.7079,1.1337
1999-02-01,1.7123,1.1338
1999-01-29,1.726,1.1384
1999-01-28,1.7374,1.141
1999-01-27,1.7526,1.1529
1999-01-26,1.7609,1.1582
1999-01-25,1.762,1.1584
1999-01-22,1.7515,1.1567
1999-01-21,1.7529,1.1572
1999-01-20,1.7626,1.1575
1999-01-19,1.7739,1.1616
1999-01-18,1.7717,1.1612
1999-01-15,1.7797,1.1626
1999-01-14,1.7707,1.1653
1999-01-13,1.8123,1.1744
1999-01-12,1.7392,1.152
1999-01-11,1.7463,1.1569
1999-01-08,1.7643,1.1659
1999-01-07,1.7602,1.1632
1999-01-06,1.7711,1.1743
1999-01-05,1.7965,1.179
1999-01-04,1.8004,1.1789
